Código;Cliente;Cidade;Responsável;Valor do negócio;Probabilidade;Criado em;Etapa
000001;Empresa 1 Ltda.;São Paulo;Hugo Prado;R$ 475.073,20;25%;02/01/2026;Proposta
000002;Empresa 2 Ltda.;Goiânia;Diego Fontes;R$ 21.858,45;50%;03/01/2026;Negociação
000003;Empresa 3 Ltda.;São Paulo;Carla Menezes;R$ 252.744,34;10%;04/01/2026;Diagnóstico
000004;Empresa 4 Ltda.;Salvador;Felipe Andrade;R$ 140.528,69;25%;05/01/2026;Proposta
000005;Empresa 5 Ltda.;Goiânia;Diego Fontes;R$ 167.619,78;10%;06/01/2026;Qualificação
000006;Empresa 6 Ltda.;Recife;Diego Fontes;R$ 14.861,11;50%;07/01/2026;Perdido
000007;Empresa 7 Ltda.;Belo Horizonte;Hugo Prado;R$ 114.214,18;75%;08/01/2026;Proposta
000008;Empresa 8 Ltda.;Porto Alegre;Elisa Moura;R$ 248.214,39;25%;09/01/2026;Negociação
000009;Empresa 9 Ltda.;Porto Alegre;Carla Menezes;R$ 478.045,13;10%;10/01/2026;Ganho
000010;Empresa 10 Ltda.;Curitiba;Bruno Takahashi;R$ 157.007,02;75%;11/01/2026;Diagnóstico
000011;Empresa 11 Ltda.;Belo Horizonte;Felipe Andrade;R$ 280.254,85;25%;12/01/2026;Perdido
000012;Empresa 12 Ltda.;Florianópolis;Bruno Takahashi;R$ 422.318,96;75%;13/01/2026;Perdido
000013;Empresa 13 Ltda.;Goiânia;Bruno Takahashi;R$ 310.650,95;25%;14/01/2026;Proposta
000014;Empresa 14 Ltda.;Belo Horizonte;Diego Fontes;R$ 211.622,82;90%;15/01/2026;Diagnóstico
000015;Empresa 15 Ltda.;Porto Alegre;Felipe Andrade;R$ 107.741,25;25%;16/01/2026;Diagnóstico
000016;Empresa 16 Ltda.;São Paulo;Diego Fontes;R$ 309.622,14;25%;17/01/2026;Proposta
000017;Empresa 17 Ltda.;Porto Alegre;Bruno Takahashi;R$ 76.567,41;50%;18/01/2026;Qualificação
000018;Empresa 18 Ltda.;Recife;Ana Ribeiro;R$ 230.206,14;75%;19/01/2026;Perdido
000019;Empresa 19 Ltda.;Goiânia;Gabriela Lins;R$ 371.864,87;75%;20/01/2026;Qualificação
000020;Empresa 20 Ltda.;Curitiba;Felipe Andrade;R$ 166.275,77;10%;21/01/2026;Diagnóstico
000021;Empresa 21 Ltda.;Recife;Bruno Takahashi;R$ 47.234,28;75%;22/01/2026;Ganho
000022;Empresa 22 Ltda.;São Paulo;Ana Ribeiro;R$ 395.915,76;50%;23/01/2026;Negociação
000023;Empresa 23 Ltda.;Goiânia;Felipe Andrade;R$ 156.353,73;10%;24/01/2026;Proposta
000024;Empresa 24 Ltda.;Belo Horizonte;Hugo Prado;R$ 261.499,89;50%;25/01/2026;Diagnóstico
000025;Empresa 25 Ltda.;Curitiba;Hugo Prado;R$ 355.890,55;10%;26/01/2026;Diagnóstico
000026;Empresa 26 Ltda.;Belo Horizonte;Hugo Prado;R$ 66.156,20;25%;27/01/2026;Qualificação
000027;Empresa 27 Ltda.;Belo Horizonte;Bruno Takahashi;R$ 304.910,84;10%;28/01/2026;Perdido
000028;Empresa 28 Ltda.;Porto Alegre;Ana Ribeiro;R$ 180.400,10;75%;29/01/2026;Proposta
000029;Empresa 29 Ltda.;Porto Alegre;Diego Fontes;R$ 11.801,96;10%;30/01/2026;Perdido
000030;Empresa 30 Ltda.;Belo Horizonte;Diego Fontes;R$ 451.192,34;90%;31/01/2026;Perdido
000031;Empresa 31 Ltda.;Recife;Elisa Moura;R$ 207.037,46;10%;01/02/2026;Qualificação
000032;Empresa 32 Ltda.;São Paulo;Bruno Takahashi;R$ 52.847,38;25%;02/02/2026;Ganho
000033;Empresa 33 Ltda.;Belo Horizonte;Carla Menezes;R$ 124.446,18;90%;03/02/2026;Perdido
000034;Empresa 34 Ltda.;Porto Alegre;Gabriela Lins;R$ 93.694,30;90%;04/02/2026;Ganho
000035;Empresa 35 Ltda.;São Paulo;Diego Fontes;R$ 456.805,72;10%;05/02/2026;Perdido
000036;Empresa 36 Ltda.;Porto Alegre;Ana Ribeiro;R$ 393.549,62;50%;06/02/2026;Ganho
000037;Empresa 37 Ltda.;Florianópolis;Felipe Andrade;R$ 104.522,75;25%;07/02/2026;Perdido
000038;Empresa 38 Ltda.;Recife;Ana Ribeiro;R$ 139.359,52;25%;08/02/2026;Diagnóstico
000039;Empresa 39 Ltda.;Recife;Ana Ribeiro;R$ 394.502,12;25%;09/02/2026;Qualificação
000040;Empresa 40 Ltda.;São Paulo;Hugo Prado;R$ 38.363,41;25%;10/02/2026;Diagnóstico
000041;Empresa 41 Ltda.;São Paulo;Felipe Andrade;R$ 330.069,46;25%;11/02/2026;Ganho
000042;Empresa 42 Ltda.;Porto Alegre;Felipe Andrade;R$ 9.505,12;90%;12/02/2026;Negociação
000043;Empresa 43 Ltda.;Curitiba;Diego Fontes;R$ 294.318,30;90%;13/02/2026;Proposta
000044;Empresa 44 Ltda.;Belo Horizonte;Elisa Moura;R$ 296.037,44;10%;14/02/2026;Proposta
000045;Empresa 45 Ltda.;Florianópolis;Felipe Andrade;R$ 230.425,02;75%;15/02/2026;Qualificação
000046;Empresa 46 Ltda.;Curitiba;Elisa Moura;R$ 374.344,77;25%;16/02/2026;Diagnóstico
000047;Empresa 47 Ltda.;Goiânia;Gabriela Lins;R$ 376.147,88;90%;17/02/2026;Negociação
000048;Empresa 48 Ltda.;Goiânia;Diego Fontes;R$ 383.096,91;25%;18/02/2026;Negociação
000049;Empresa 49 Ltda.;Belo Horizonte;Ana Ribeiro;R$ 274.818,86;75%;19/02/2026;Negociação
000050;Empresa 50 Ltda.;Florianópolis;Elisa Moura;R$ 214.043,41;90%;20/02/2026;Negociação
000051;Empresa 51 Ltda.;Belo Horizonte;Felipe Andrade;R$ 102.369,91;10%;21/02/2026;Ganho
000052;Empresa 52 Ltda.;Curitiba;Felipe Andrade;R$ 41.346,26;25%;22/02/2026;Negociação
000053;Empresa 53 Ltda.;São Paulo;Diego Fontes;R$ 465.647,69;75%;23/02/2026;Qualificação
000054;Empresa 54 Ltda.;Curitiba;Gabriela Lins;R$ 286.144,48;10%;24/02/2026;Ganho
000055;Empresa 55 Ltda.;Curitiba;Gabriela Lins;R$ 44.847,61;75%;25/02/2026;Proposta
000056;Empresa 56 Ltda.;Recife;Diego Fontes;R$ 158.533,48;75%;26/02/2026;Diagnóstico
000057;Empresa 57 Ltda.;Curitiba;Bruno Takahashi;R$ 402.487,43;75%;27/02/2026;Qualificação
000058;Empresa 58 Ltda.;Salvador;Ana Ribeiro;R$ 388.896,08;25%;28/02/2026;Ganho
000059;Empresa 59 Ltda.;Florianópolis;Carla Menezes;R$ 276.974,22;10%;01/03/2026;Diagnóstico
000060;Empresa 60 Ltda.;Recife;Hugo Prado;R$ 306.143,04;10%;02/03/2026;Perdido
000061;Empresa 61 Ltda.;Recife;Bruno Takahashi;R$ 369.877,08;75%;03/03/2026;Perdido
000062;Empresa 62 Ltda.;Porto Alegre;Diego Fontes;R$ 379.309,55;75%;04/03/2026;Ganho
000063;Empresa 63 Ltda.;Recife;Felipe Andrade;R$ 417.730,70;25%;05/03/2026;Perdido
000064;Empresa 64 Ltda.;Salvador;Felipe Andrade;R$ 167.977,25;25%;06/03/2026;Proposta
000065;Empresa 65 Ltda.;Recife;Hugo Prado;R$ 81.176,60;50%;07/03/2026;Perdido
000066;Empresa 66 Ltda.;Curitiba;Carla Menezes;R$ 447.010,97;50%;08/03/2026;Qualificação
000067;Empresa 67 Ltda.;Florianópolis;Hugo Prado;R$ 141.990,48;10%;09/03/2026;Negociação
000068;Empresa 68 Ltda.;Belo Horizonte;Bruno Takahashi;R$ 156.011,48;75%;10/03/2026;Diagnóstico
000069;Empresa 69 Ltda.;Belo Horizonte;Hugo Prado;R$ 437.199,54;50%;11/03/2026;Qualificação
000070;Empresa 70 Ltda.;Curitiba;Carla Menezes;R$ 400.551,94;75%;12/03/2026;Qualificação
000071;Empresa 71 Ltda.;Recife;Elisa Moura;R$ 343.085,07;75%;13/03/2026;Negociação
000072;Empresa 72 Ltda.;Curitiba;Carla Menezes;R$ 67.284,99;50%;14/03/2026;Perdido
000073;Empresa 73 Ltda.;Florianópolis;Hugo Prado;R$ 185.925,29;10%;15/03/2026;Diagnóstico
000074;Empresa 74 Ltda.;Florianópolis;Elisa Moura;R$ 10.835,77;90%;16/03/2026;Perdido
000075;Empresa 75 Ltda.;Recife;Felipe Andrade;R$ 407.924,50;75%;17/03/2026;Proposta
000076;Empresa 76 Ltda.;Belo Horizonte;Bruno Takahashi;R$ 229.458,59;75%;18/03/2026;Proposta
000077;Empresa 77 Ltda.;Recife;Carla Menezes;R$ 374.833,69;90%;19/03/2026;Ganho
000078;Empresa 78 Ltda.;Curitiba;Carla Menezes;R$ 263.876,66;25%;20/03/2026;Negociação
000079;Empresa 79 Ltda.;São Paulo;Diego Fontes;R$ 80.784,12;50%;21/03/2026;Perdido
000080;Empresa 80 Ltda.;Porto Alegre;Felipe Andrade;R$ 344.760,42;75%;22/03/2026;Diagnóstico
000081;Empresa 81 Ltda.;Curitiba;Ana Ribeiro;R$ 364.912,76;90%;23/03/2026;Negociação
000082;Empresa 82 Ltda.;Salvador;Ana Ribeiro;R$ 178.279,32;50%;24/03/2026;Diagnóstico
000083;Empresa 83 Ltda.;Recife;Diego Fontes;R$ 374.314,35;10%;25/03/2026;Diagnóstico
000084;Empresa 84 Ltda.;Florianópolis;Gabriela Lins;R$ 429.652,60;90%;26/03/2026;Negociação
000085;Empresa 85 Ltda.;Porto Alegre;Elisa Moura;R$ 177.208,08;75%;27/03/2026;Ganho
000086;Empresa 86 Ltda.;Recife;Elisa Moura;R$ 409.997,33;10%;28/03/2026;Perdido
000087;Empresa 87 Ltda.;São Paulo;Carla Menezes;R$ 255.300,96;75%;29/03/2026;Proposta
000088;Empresa 88 Ltda.;Salvador;Diego Fontes;R$ 417.679,28;10%;30/03/2026;Proposta
000089;Empresa 89 Ltda.;Goiânia;Bruno Takahashi;R$ 61.657,19;25%;31/03/2026;Qualificação
000090;Empresa 90 Ltda.;Curitiba;Ana Ribeiro;R$ 183.263,64;75%;01/04/2026;Proposta
000091;Empresa 91 Ltda.;Curitiba;Carla Menezes;R$ 12.897,23;75%;02/04/2026;Negociação
000092;Empresa 92 Ltda.;Belo Horizonte;Gabriela Lins;R$ 174.686,84;90%;03/04/2026;Qualificação
000093;Empresa 93 Ltda.;Curitiba;Felipe Andrade;R$ 387.477,68;75%;04/04/2026;Ganho
000094;Empresa 94 Ltda.;Belo Horizonte;Hugo Prado;R$ 248.074,24;10%;05/04/2026;Ganho
000095;Empresa 95 Ltda.;Goiânia;Felipe Andrade;R$ 392.296,54;25%;06/04/2026;Perdido
000096;Empresa 96 Ltda.;Belo Horizonte;Carla Menezes;R$ 167.019,46;10%;07/04/2026;Perdido
000097;Empresa 97 Ltda.;Recife;Bruno Takahashi;R$ 431.632,43;50%;08/04/2026;Proposta
000098;Empresa 98 Ltda.;Salvador;Felipe Andrade;R$ 258.611,83;75%;09/04/2026;Perdido
000099;Empresa 99 Ltda.;Salvador;Carla Menezes;R$ 397.395,79;10%;10/04/2026;Proposta
000100;Empresa 100 Ltda.;Belo Horizonte;Carla Menezes;R$ 87.368,26;10%;11/04/2026;Perdido
000101;Empresa 101 Ltda.;Porto Alegre;Elisa Moura;R$ 463.147,72;10%;12/04/2026;Qualificação
000102;Empresa 102 Ltda.;São Paulo;Carla Menezes;R$ 81.625,79;90%;13/04/2026;Diagnóstico
000103;Empresa 103 Ltda.;Curitiba;Bruno Takahashi;R$ 155.737,43;90%;14/04/2026;Perdido
000104;Empresa 104 Ltda.;Recife;Elisa Moura;R$ 112.537,79;50%;15/04/2026;Diagnóstico
000105;Empresa 105 Ltda.;Belo Horizonte;Felipe Andrade;R$ 114.246,52;75%;16/04/2026;Ganho
000106;Empresa 106 Ltda.;Florianópolis;Bruno Takahashi;R$ 87.099,05;50%;17/04/2026;Qualificação
000107;Empresa 107 Ltda.;Porto Alegre;Carla Menezes;R$ 314.516,00;75%;18/04/2026;Ganho
000108;Empresa 108 Ltda.;Salvador;Bruno Takahashi;R$ 15.469,22;25%;19/04/2026;Negociação
000109;Empresa 109 Ltda.;Goiânia;Diego Fontes;R$ 45.004,68;75%;20/04/2026;Negociação
000110;Empresa 110 Ltda.;Salvador;Ana Ribeiro;R$ 177.266,83;75%;21/04/2026;Negociação
000111;Empresa 111 Ltda.;São Paulo;Bruno Takahashi;R$ 233.775,81;10%;22/04/2026;Diagnóstico
000112;Empresa 112 Ltda.;São Paulo;Felipe Andrade;R$ 153.124,08;75%;23/04/2026;Negociação
000113;Empresa 113 Ltda.;Belo Horizonte;Felipe Andrade;R$ 373.656,05;75%;24/04/2026;Negociação
000114;Empresa 114 Ltda.;Florianópolis;Hugo Prado;R$ 468.357,34;90%;25/04/2026;Diagnóstico
000115;Empresa 115 Ltda.;Porto Alegre;Hugo Prado;R$ 340.198,54;10%;26/04/2026;Negociação
000116;Empresa 116 Ltda.;Recife;Felipe Andrade;R$ 181.381,45;75%;27/04/2026;Qualificação
000117;Empresa 117 Ltda.;Porto Alegre;Felipe Andrade;R$ 79.872,18;90%;28/04/2026;Perdido
000118;Empresa 118 Ltda.;Goiânia;Diego Fontes;R$ 275.133,56;90%;29/04/2026;Negociação
000119;Empresa 119 Ltda.;São Paulo;Gabriela Lins;R$ 95.265,30;50%;30/04/2026;Qualificação
000120;Empresa 120 Ltda.;Porto Alegre;Gabriela Lins;R$ 262.888,17;90%;01/05/2026;Perdido
000121;Empresa 121 Ltda.;Goiânia;Bruno Takahashi;R$ 150.537,37;10%;02/05/2026;Negociação
000122;Empresa 122 Ltda.;Florianópolis;Bruno Takahashi;R$ 422.270,97;50%;03/05/2026;Proposta
000123;Empresa 123 Ltda.;Porto Alegre;Bruno Takahashi;R$ 317.710,36;50%;04/05/2026;Diagnóstico
000124;Empresa 124 Ltda.;Florianópolis;Elisa Moura;R$ 337.423,19;25%;05/05/2026;Ganho
000125;Empresa 125 Ltda.;Recife;Hugo Prado;R$ 119.869,45;75%;06/05/2026;Ganho
000126;Empresa 126 Ltda.;Recife;Diego Fontes;R$ 353.267,20;10%;07/05/2026;Perdido
000127;Empresa 127 Ltda.;Curitiba;Carla Menezes;R$ 471.697,18;25%;08/05/2026;Qualificação
000128;Empresa 128 Ltda.;Curitiba;Diego Fontes;R$ 124.015,46;75%;09/05/2026;Negociação
000129;Empresa 129 Ltda.;Florianópolis;Hugo Prado;R$ 294.669,31;90%;10/05/2026;Ganho
000130;Empresa 130 Ltda.;Belo Horizonte;Carla Menezes;R$ 465.923,58;10%;11/05/2026;Ganho
000131;Empresa 131 Ltda.;São Paulo;Bruno Takahashi;R$ 377.633,19;75%;12/05/2026;Qualificação
000132;Empresa 132 Ltda.;São Paulo;Carla Menezes;R$ 387.232,27;75%;13/05/2026;Proposta
000133;Empresa 133 Ltda.;Florianópolis;Gabriela Lins;R$ 478.244,96;50%;14/05/2026;Proposta
000134;Empresa 134 Ltda.;Belo Horizonte;Bruno Takahashi;R$ 280.823,55;25%;15/05/2026;Proposta
000135;Empresa 135 Ltda.;Porto Alegre;Hugo Prado;R$ 63.328,71;75%;16/05/2026;Proposta
000136;Empresa 136 Ltda.;São Paulo;Carla Menezes;R$ 343.473,36;10%;17/05/2026;Qualificação
000137;Empresa 137 Ltda.;São Paulo;Elisa Moura;R$ 132.075,46;50%;18/05/2026;Negociação
000138;Empresa 138 Ltda.;Salvador;Carla Menezes;R$ 180.639,92;50%;19/05/2026;Diagnóstico
000139;Empresa 139 Ltda.;Belo Horizonte;Carla Menezes;R$ 309.948,05;50%;20/05/2026;Negociação
000140;Empresa 140 Ltda.;Salvador;Hugo Prado;R$ 156.425,09;10%;21/05/2026;Ganho
000141;Empresa 141 Ltda.;Curitiba;Hugo Prado;R$ 215.769,51;90%;22/05/2026;Diagnóstico
000142;Empresa 142 Ltda.;Goiânia;Felipe Andrade;R$ 342.381,10;25%;23/05/2026;Diagnóstico
000143;Empresa 143 Ltda.;Curitiba;Elisa Moura;R$ 338.006,52;25%;24/05/2026;Perdido
000144;Empresa 144 Ltda.;São Paulo;Elisa Moura;R$ 17.947,48;50%;25/05/2026;Diagnóstico
000145;Empresa 145 Ltda.;Florianópolis;Diego Fontes;R$ 436.508,69;75%;26/05/2026;Negociação
000146;Empresa 146 Ltda.;Belo Horizonte;Bruno Takahashi;R$ 344.098,12;50%;27/05/2026;Negociação
000147;Empresa 147 Ltda.;Florianópolis;Ana Ribeiro;R$ 207.208,50;25%;28/05/2026;Ganho
000148;Empresa 148 Ltda.;Salvador;Bruno Takahashi;R$ 357.301,05;10%;29/05/2026;Qualificação
000149;Empresa 149 Ltda.;Porto Alegre;Bruno Takahashi;R$ 293.783,49;75%;30/05/2026;Perdido
000150;Empresa 150 Ltda.;Salvador;Ana Ribeiro;R$ 421.344,14;90%;31/05/2026;Diagnóstico
000151;Empresa 151 Ltda.;Porto Alegre;Hugo Prado;R$ 270.177,53;25%;01/06/2026;Negociação
000152;Empresa 152 Ltda.;Florianópolis;Carla Menezes;R$ 172.985,96;75%;02/06/2026;Diagnóstico
000153;Empresa 153 Ltda.;Goiânia;Diego Fontes;R$ 59.792,13;75%;03/06/2026;Proposta
000154;Empresa 154 Ltda.;São Paulo;Ana Ribeiro;R$ 229.501,25;50%;04/06/2026;Perdido
000155;Empresa 155 Ltda.;Recife;Hugo Prado;R$ 196.255,74;50%;05/06/2026;Diagnóstico
000156;Empresa 156 Ltda.;Florianópolis;Ana Ribeiro;R$ 409.418,62;90%;06/06/2026;Ganho
000157;Empresa 157 Ltda.;Goiânia;Ana Ribeiro;R$ 157.239,32;25%;07/06/2026;Negociação
000158;Empresa 158 Ltda.;Salvador;Ana Ribeiro;R$ 413.326,13;10%;08/06/2026;Diagnóstico
000159;Empresa 159 Ltda.;Salvador;Bruno Takahashi;R$ 186.750,94;50%;09/06/2026;Negociação
000160;Empresa 160 Ltda.;Belo Horizonte;Bruno Takahashi;R$ 38.812,82;75%;10/06/2026;Ganho
000161;Empresa 161 Ltda.;Salvador;Carla Menezes;R$ 474.243,33;50%;11/06/2026;Negociação
000162;Empresa 162 Ltda.;Florianópolis;Bruno Takahashi;R$ 451.369,28;50%;12/06/2026;Proposta
000163;Empresa 163 Ltda.;São Paulo;Bruno Takahashi;R$ 212.567,18;25%;13/06/2026;Negociação
000164;Empresa 164 Ltda.;Recife;Hugo Prado;R$ 33.228,50;25%;14/06/2026;Qualificação
000165;Empresa 165 Ltda.;Goiânia;Hugo Prado;R$ 423.681,32;75%;15/06/2026;Negociação
000166;Empresa 166 Ltda.;São Paulo;Gabriela Lins;R$ 228.398,22;90%;16/06/2026;Diagnóstico
000167;Empresa 167 Ltda.;Porto Alegre;Gabriela Lins;R$ 84.911,38;25%;17/06/2026;Perdido
000168;Empresa 168 Ltda.;Goiânia;Felipe Andrade;R$ 249.010,91;50%;18/06/2026;Qualificação
000169;Empresa 169 Ltda.;Belo Horizonte;Felipe Andrade;R$ 27.022,36;25%;19/06/2026;Proposta
000170;Empresa 170 Ltda.;Salvador;Felipe Andrade;R$ 371.510,84;75%;20/06/2026;Ganho
000171;Empresa 171 Ltda.;Goiânia;Felipe Andrade;R$ 474.875,08;50%;21/06/2026;Diagnóstico
000172;Empresa 172 Ltda.;Porto Alegre;Felipe Andrade;R$ 244.980,39;10%;22/06/2026;Negociação
000173;Empresa 173 Ltda.;Goiânia;Elisa Moura;R$ 180.646,33;90%;23/06/2026;Proposta
000174;Empresa 174 Ltda.;Salvador;Gabriela Lins;R$ 375.226,25;50%;24/06/2026;Qualificação
000175;Empresa 175 Ltda.;Florianópolis;Bruno Takahashi;R$ 367.695,62;50%;25/06/2026;Proposta
000176;Empresa 176 Ltda.;Porto Alegre;Hugo Prado;R$ 475.181,59;10%;26/06/2026;Ganho
000177;Empresa 177 Ltda.;Florianópolis;Hugo Prado;R$ 53.119,83;25%;27/06/2026;Diagnóstico
000178;Empresa 178 Ltda.;Belo Horizonte;Gabriela Lins;R$ 275.601,94;50%;28/06/2026;Perdido
000179;Empresa 179 Ltda.;Salvador;Carla Menezes;R$ 43.881,78;90%;29/06/2026;Ganho
000180;Empresa 180 Ltda.;Goiânia;Elisa Moura;R$ 141.299,07;90%;30/06/2026;Perdido
000181;Empresa 181 Ltda.;Porto Alegre;Diego Fontes;R$ 165.634,22;25%;01/07/2026;Proposta
000182;Empresa 182 Ltda.;Goiânia;Gabriela Lins;R$ 75.145,29;75%;02/07/2026;Ganho
000183;Empresa 183 Ltda.;Goiânia;Elisa Moura;R$ 169.145,41;90%;03/07/2026;Perdido
000184;Empresa 184 Ltda.;Belo Horizonte;Elisa Moura;R$ 227.377,33;75%;04/07/2026;Ganho
000185;Empresa 185 Ltda.;São Paulo;Gabriela Lins;R$ 71.352,54;25%;05/07/2026;Negociação
000186;Empresa 186 Ltda.;Goiânia;Diego Fontes;R$ 437.764,08;75%;06/07/2026;Proposta
000187;Empresa 187 Ltda.;Recife;Ana Ribeiro;R$ 191.870,12;75%;07/07/2026;Negociação
000188;Empresa 188 Ltda.;Florianópolis;Elisa Moura;R$ 209.532,57;25%;08/07/2026;Negociação
000189;Empresa 189 Ltda.;Porto Alegre;Diego Fontes;R$ 310.578,53;50%;09/07/2026;Ganho
000190;Empresa 190 Ltda.;Salvador;Felipe Andrade;R$ 42.526,11;75%;10/07/2026;Ganho
000191;Empresa 191 Ltda.;Recife;Ana Ribeiro;R$ 56.238,39;90%;11/07/2026;Qualificação
000192;Empresa 192 Ltda.;Curitiba;Bruno Takahashi;R$ 341.781,47;75%;12/07/2026;Qualificação
000193;Empresa 193 Ltda.;Recife;Elisa Moura;R$ 265.384,21;25%;13/07/2026;Negociação
000194;Empresa 194 Ltda.;Curitiba;Gabriela Lins;R$ 135.257,11;75%;14/07/2026;Negociação
000195;Empresa 195 Ltda.;Belo Horizonte;Ana Ribeiro;R$ 477.160,77;10%;15/07/2026;Proposta
000196;Empresa 196 Ltda.;Salvador;Ana Ribeiro;R$ 267.718,37;10%;16/07/2026;Proposta
000197;Empresa 197 Ltda.;Belo Horizonte;Bruno Takahashi;R$ 333.038,03;50%;17/07/2026;Proposta
000198;Empresa 198 Ltda.;Goiânia;Elisa Moura;R$ 441.164,56;90%;18/07/2026;Negociação
000199;Empresa 199 Ltda.;São Paulo;Diego Fontes;R$ 457.087,43;90%;19/07/2026;Ganho
000200;Empresa 200 Ltda.;Florianópolis;Carla Menezes;R$ 474.325,13;50%;20/07/2026;Diagnóstico
000201;Empresa 201 Ltda.;Porto Alegre;Carla Menezes;R$ 49.393,33;50%;21/07/2026;Qualificação
000202;Empresa 202 Ltda.;Recife;Gabriela Lins;R$ 375.307,02;90%;22/07/2026;Perdido
000203;Empresa 203 Ltda.;Salvador;Diego Fontes;R$ 72.286,07;10%;23/07/2026;Negociação
000204;Empresa 204 Ltda.;Salvador;Felipe Andrade;R$ 125.408,35;90%;24/07/2026;Diagnóstico
000205;Empresa 205 Ltda.;Salvador;Diego Fontes;R$ 352.302,15;75%;25/07/2026;Diagnóstico
000206;Empresa 206 Ltda.;Belo Horizonte;Gabriela Lins;R$ 56.142,20;25%;26/07/2026;Negociação
000207;Empresa 207 Ltda.;Recife;Bruno Takahashi;R$ 423.717,10;90%;27/07/2026;Perdido
000208;Empresa 208 Ltda.;Belo Horizonte;Gabriela Lins;R$ 422.899,50;25%;28/07/2026;Diagnóstico
000209;Empresa 209 Ltda.;São Paulo;Diego Fontes;R$ 410.164,43;10%;29/07/2026;Diagnóstico
000210;Empresa 210 Ltda.;Belo Horizonte;Diego Fontes;R$ 33.338,43;25%;30/07/2026;Qualificação
000211;Empresa 211 Ltda.;São Paulo;Elisa Moura;R$ 22.921,77;50%;31/07/2026;Qualificação
000212;Empresa 212 Ltda.;Belo Horizonte;Hugo Prado;R$ 138.154,33;25%;01/08/2026;Negociação
000213;Empresa 213 Ltda.;Goiânia;Bruno Takahashi;R$ 450.754,29;50%;02/08/2026;Diagnóstico
000214;Empresa 214 Ltda.;Recife;Hugo Prado;R$ 234.413,73;90%;03/08/2026;Diagnóstico
000215;Empresa 215 Ltda.;Florianópolis;Hugo Prado;R$ 444.001,89;10%;04/08/2026;Negociação
000216;Empresa 216 Ltda.;Salvador;Diego Fontes;R$ 88.473,46;75%;05/08/2026;Perdido
000217;Empresa 217 Ltda.;Salvador;Gabriela Lins;R$ 11.915,72;75%;06/08/2026;Perdido
000218;Empresa 218 Ltda.;Florianópolis;Carla Menezes;R$ 356.028,41;50%;07/08/2026;Ganho
000219;Empresa 219 Ltda.;Curitiba;Bruno Takahashi;R$ 45.053,89;75%;08/08/2026;Negociação
000220;Empresa 220 Ltda.;Porto Alegre;Ana Ribeiro;R$ 36.292,82;75%;09/08/2026;Negociação
000221;Empresa 221 Ltda.;São Paulo;Carla Menezes;R$ 223.313,48;10%;10/08/2026;Negociação
000222;Empresa 222 Ltda.;Belo Horizonte;Felipe Andrade;R$ 218.659,43;75%;11/08/2026;Ganho
000223;Empresa 223 Ltda.;Florianópolis;Felipe Andrade;R$ 313.285,35;75%;12/08/2026;Proposta
000224;Empresa 224 Ltda.;Florianópolis;Gabriela Lins;R$ 92.020,39;10%;13/08/2026;Ganho
000225;Empresa 225 Ltda.;Curitiba;Ana Ribeiro;R$ 327.667,14;50%;14/08/2026;Ganho
000226;Empresa 226 Ltda.;Porto Alegre;Felipe Andrade;R$ 407.703,04;90%;15/08/2026;Qualificação
000227;Empresa 227 Ltda.;Florianópolis;Ana Ribeiro;R$ 470.441,09;75%;16/08/2026;Proposta
000228;Empresa 228 Ltda.;Goiânia;Bruno Takahashi;R$ 341.192,16;90%;17/08/2026;Proposta
000229;Empresa 229 Ltda.;Recife;Ana Ribeiro;R$ 376.865,54;25%;18/08/2026;Ganho
000230;Empresa 230 Ltda.;Goiânia;Elisa Moura;R$ 279.008,86;75%;19/08/2026;Diagnóstico
000231;Empresa 231 Ltda.;Florianópolis;Bruno Takahashi;R$ 351.269,48;50%;20/08/2026;Perdido
000232;Empresa 232 Ltda.;Salvador;Felipe Andrade;R$ 340.354,17;90%;21/08/2026;Negociação
000233;Empresa 233 Ltda.;Porto Alegre;Felipe Andrade;R$ 366.897,21;50%;22/08/2026;Qualificação
000234;Empresa 234 Ltda.;Curitiba;Hugo Prado;R$ 392.422,82;10%;23/08/2026;Ganho
000235;Empresa 235 Ltda.;Salvador;Elisa Moura;R$ 243.665,40;75%;24/08/2026;Ganho
000236;Empresa 236 Ltda.;Curitiba;Ana Ribeiro;R$ 111.960,43;90%;25/08/2026;Ganho
000237;Empresa 237 Ltda.;Florianópolis;Carla Menezes;R$ 387.341,59;10%;26/08/2026;Qualificação
000238;Empresa 238 Ltda.;Goiânia;Elisa Moura;R$ 294.056,91;90%;27/08/2026;Negociação
000239;Empresa 239 Ltda.;Recife;Carla Menezes;R$ 220.384,37;90%;28/08/2026;Qualificação
000240;Empresa 240 Ltda.;São Paulo;Gabriela Lins;R$ 95.983,31;10%;29/08/2026;Qualificação
000241;Empresa 241 Ltda.;São Paulo;Hugo Prado;R$ 119.948,24;90%;30/08/2026;Perdido
000242;Empresa 242 Ltda.;Porto Alegre;Ana Ribeiro;R$ 170.024,81;50%;31/08/2026;Negociação
000243;Empresa 243 Ltda.;Porto Alegre;Carla Menezes;R$ 85.885,66;50%;01/09/2026;Proposta
000244;Empresa 244 Ltda.;Belo Horizonte;Bruno Takahashi;R$ 193.441,54;50%;02/09/2026;Perdido
000245;Empresa 245 Ltda.;Florianópolis;Felipe Andrade;R$ 253.405,46;10%;03/09/2026;Diagnóstico
000246;Empresa 246 Ltda.;São Paulo;Ana Ribeiro;R$ 238.935,00;10%;04/09/2026;Diagnóstico
000247;Empresa 247 Ltda.;Salvador;Hugo Prado;R$ 174.991,88;50%;05/09/2026;Ganho
000248;Empresa 248 Ltda.;Recife;Felipe Andrade;R$ 416.482,87;50%;06/09/2026;Proposta
000249;Empresa 249 Ltda.;Goiânia;Ana Ribeiro;R$ 426.119,00;90%;07/09/2026;Diagnóstico
000250;Empresa 250 Ltda.;Salvador;Elisa Moura;R$ 198.373,58;25%;08/09/2026;Diagnóstico
000251;Empresa 251 Ltda.;Florianópolis;Ana Ribeiro;R$ 162.671,18;75%;02/01/2026;Qualificação
000252;Empresa 252 Ltda.;Goiânia;Bruno Takahashi;R$ 431.408,88;50%;03/01/2026;Negociação
000253;Empresa 253 Ltda.;Goiânia;Felipe Andrade;R$ 180.948,40;75%;04/01/2026;Qualificação
000254;Empresa 254 Ltda.;Porto Alegre;Felipe Andrade;R$ 442.665,23;10%;05/01/2026;Ganho
000255;Empresa 255 Ltda.;Salvador;Ana Ribeiro;R$ 24.542,91;25%;06/01/2026;Perdido
000256;Empresa 256 Ltda.;Florianópolis;Hugo Prado;R$ 11.893,26;50%;07/01/2026;Diagnóstico
000257;Empresa 257 Ltda.;Recife;Hugo Prado;R$ 86.771,09;10%;08/01/2026;Ganho
000258;Empresa 258 Ltda.;Salvador;Carla Menezes;R$ 295.686,55;25%;09/01/2026;Ganho
000259;Empresa 259 Ltda.;Belo Horizonte;Bruno Takahashi;R$ 366.369,60;90%;10/01/2026;Negociação
000260;Empresa 260 Ltda.;Curitiba;Felipe Andrade;R$ 93.987,38;75%;11/01/2026;Perdido
000261;Empresa 261 Ltda.;Florianópolis;Bruno Takahashi;R$ 107.148,45;10%;12/01/2026;Qualificação
000262;Empresa 262 Ltda.;Salvador;Ana Ribeiro;R$ 45.555,54;50%;13/01/2026;Diagnóstico
000263;Empresa 263 Ltda.;Goiânia;Bruno Takahashi;R$ 35.666,22;75%;14/01/2026;Negociação
000264;Empresa 264 Ltda.;Goiânia;Hugo Prado;R$ 402.962,13;25%;15/01/2026;Proposta
000265;Empresa 265 Ltda.;Recife;Carla Menezes;R$ 300.381,68;25%;16/01/2026;Perdido
000266;Empresa 266 Ltda.;Salvador;Bruno Takahashi;R$ 208.197,74;25%;17/01/2026;Qualificação
000267;Empresa 267 Ltda.;Porto Alegre;Elisa Moura;R$ 108.184,91;25%;18/01/2026;Negociação
000268;Empresa 268 Ltda.;Salvador;Diego Fontes;R$ 470.171,66;25%;19/01/2026;Ganho
000269;Empresa 269 Ltda.;Goiânia;Ana Ribeiro;R$ 61.897,27;25%;20/01/2026;Proposta
000270;Empresa 270 Ltda.;Salvador;Diego Fontes;R$ 171.500,84;25%;21/01/2026;Perdido
000271;Empresa 271 Ltda.;Florianópolis;Diego Fontes;R$ 155.298,79;90%;22/01/2026;Negociação
000272;Empresa 272 Ltda.;Goiânia;Bruno Takahashi;R$ 361.981,98;90%;23/01/2026;Diagnóstico
000273;Empresa 273 Ltda.;Curitiba;Diego Fontes;R$ 89.680,69;50%;24/01/2026;Proposta
000274;Empresa 274 Ltda.;Florianópolis;Bruno Takahashi;R$ 66.396,47;75%;25/01/2026;Ganho
000275;Empresa 275 Ltda.;São Paulo;Carla Menezes;R$ 19.241,62;10%;26/01/2026;Negociação
000276;Empresa 276 Ltda.;Porto Alegre;Carla Menezes;R$ 418.461,73;90%;27/01/2026;Perdido
000277;Empresa 277 Ltda.;Belo Horizonte;Hugo Prado;R$ 192.289,87;75%;28/01/2026;Diagnóstico
000278;Empresa 278 Ltda.;Goiânia;Diego Fontes;R$ 70.643,47;25%;29/01/2026;Qualificação
000279;Empresa 279 Ltda.;Salvador;Bruno Takahashi;R$ 368.098,54;25%;30/01/2026;Perdido
000280;Empresa 280 Ltda.;Belo Horizonte;Carla Menezes;R$ 445.472,94;50%;31/01/2026;Proposta
000281;Empresa 281 Ltda.;Salvador;Carla Menezes;R$ 295.327,92;50%;01/02/2026;Diagnóstico
000282;Empresa 282 Ltda.;Florianópolis;Felipe Andrade;R$ 154.371,52;75%;02/02/2026;Diagnóstico
000283;Empresa 283 Ltda.;Curitiba;Ana Ribeiro;R$ 289.170,54;25%;03/02/2026;Negociação
000284;Empresa 284 Ltda.;Recife;Ana Ribeiro;R$ 117.952,18;10%;04/02/2026;Diagnóstico
000285;Empresa 285 Ltda.;São Paulo;Gabriela Lins;R$ 270.367,34;90%;05/02/2026;Diagnóstico
000286;Empresa 286 Ltda.;Goiânia;Felipe Andrade;R$ 62.250,52;50%;06/02/2026;Proposta
000287;Empresa 287 Ltda.;Recife;Felipe Andrade;R$ 397.496,93;25%;07/02/2026;Perdido
000288;Empresa 288 Ltda.;Belo Horizonte;Diego Fontes;R$ 339.588,44;50%;08/02/2026;Diagnóstico
000289;Empresa 289 Ltda.;Belo Horizonte;Elisa Moura;R$ 475.669,44;25%;09/02/2026;Negociação
000290;Empresa 290 Ltda.;Recife;Hugo Prado;R$ 350.606,57;25%;10/02/2026;Proposta
000291;Empresa 291 Ltda.;Florianópolis;Hugo Prado;R$ 82.254,80;75%;11/02/2026;Qualificação
000292;Empresa 292 Ltda.;Belo Horizonte;Diego Fontes;R$ 282.098,72;90%;12/02/2026;Proposta
000293;Empresa 293 Ltda.;Salvador;Carla Menezes;R$ 441.408,37;25%;13/02/2026;Negociação
000294;Empresa 294 Ltda.;Florianópolis;Bruno Takahashi;R$ 349.160,61;10%;14/02/2026;Proposta
000295;Empresa 295 Ltda.;Florianópolis;Diego Fontes;R$ 270.992,89;50%;15/02/2026;Negociação
000296;Empresa 296 Ltda.;Florianópolis;Gabriela Lins;R$ 257.573,49;90%;16/02/2026;Proposta
000297;Empresa 297 Ltda.;Belo Horizonte;Bruno Takahashi;R$ 428.080,00;75%;17/02/2026;Negociação
000298;Empresa 298 Ltda.;Belo Horizonte;Felipe Andrade;R$ 299.187,03;25%;18/02/2026;Negociação
000299;Empresa 299 Ltda.;Belo Horizonte;Diego Fontes;R$ 428.161,83;10%;19/02/2026;Qualificação
000300;Empresa 300 Ltda.;Salvador;Ana Ribeiro;R$ 139.056,07;50%;20/02/2026;Qualificação
000301;Empresa 301 Ltda.;Goiânia;Gabriela Lins;R$ 268.720,02;75%;21/02/2026;Diagnóstico
000302;Empresa 302 Ltda.;Florianópolis;Bruno Takahashi;R$ 347.798,67;25%;22/02/2026;Perdido
000303;Empresa 303 Ltda.;Salvador;Gabriela Lins;R$ 401.572,81;25%;23/02/2026;Negociação
000304;Empresa 304 Ltda.;Salvador;Felipe Andrade;R$ 204.165,38;10%;24/02/2026;Diagnóstico
000305;Empresa 305 Ltda.;Belo Horizonte;Gabriela Lins;R$ 119.529,53;75%;25/02/2026;Proposta
000306;Empresa 306 Ltda.;Recife;Diego Fontes;R$ 46.524,25;90%;26/02/2026;Negociação
000307;Empresa 307 Ltda.;Recife;Ana Ribeiro;R$ 132.793,68;50%;27/02/2026;Negociação
000308;Empresa 308 Ltda.;Goiânia;Gabriela Lins;R$ 461.151,83;75%;28/02/2026;Perdido
000309;Empresa 309 Ltda.;São Paulo;Ana Ribeiro;R$ 59.911,32;25%;01/03/2026;Negociação
000310;Empresa 310 Ltda.;Belo Horizonte;Felipe Andrade;R$ 421.362,75;90%;02/03/2026;Diagnóstico
000311;Empresa 311 Ltda.;Curitiba;Elisa Moura;R$ 379.339,06;25%;03/03/2026;Proposta
000312;Empresa 312 Ltda.;Salvador;Carla Menezes;R$ 352.707,97;10%;04/03/2026;Negociação
000313;Empresa 313 Ltda.;Goiânia;Hugo Prado;R$ 333.397,95;50%;05/03/2026;Perdido
000314;Empresa 314 Ltda.;Porto Alegre;Ana Ribeiro;R$ 453.253,03;90%;06/03/2026;Qualificação
000315;Empresa 315 Ltda.;Recife;Elisa Moura;R$ 76.933,28;10%;07/03/2026;Qualificação
000316;Empresa 316 Ltda.;Belo Horizonte;Elisa Moura;R$ 472.956,26;75%;08/03/2026;Diagnóstico
000317;Empresa 317 Ltda.;Recife;Bruno Takahashi;R$ 185.725,17;75%;09/03/2026;Diagnóstico
000318;Empresa 318 Ltda.;Recife;Felipe Andrade;R$ 89.441,19;50%;10/03/2026;Diagnóstico
000319;Empresa 319 Ltda.;Porto Alegre;Hugo Prado;R$ 44.159,78;10%;11/03/2026;Diagnóstico
000320;Empresa 320 Ltda.;Goiânia;Carla Menezes;R$ 462.690,55;90%;12/03/2026;Proposta
000321;Empresa 321 Ltda.;Goiânia;Hugo Prado;R$ 72.122,43;75%;13/03/2026;Ganho
000322;Empresa 322 Ltda.;São Paulo;Gabriela Lins;R$ 153.515,70;25%;14/03/2026;Perdido
000323;Empresa 323 Ltda.;Belo Horizonte;Carla Menezes;R$ 218.461,70;50%;15/03/2026;Perdido
000324;Empresa 324 Ltda.;Goiânia;Gabriela Lins;R$ 64.927,63;25%;16/03/2026;Perdido
000325;Empresa 325 Ltda.;Goiânia;Bruno Takahashi;R$ 382.630,89;25%;17/03/2026;Ganho
000326;Empresa 326 Ltda.;Porto Alegre;Hugo Prado;R$ 242.844,23;75%;18/03/2026;Proposta
000327;Empresa 327 Ltda.;Belo Horizonte;Diego Fontes;R$ 164.870,18;25%;19/03/2026;Diagnóstico
000328;Empresa 328 Ltda.;Belo Horizonte;Felipe Andrade;R$ 284.984,67;10%;20/03/2026;Diagnóstico
000329;Empresa 329 Ltda.;São Paulo;Gabriela Lins;R$ 225.904,56;90%;21/03/2026;Perdido
000330;Empresa 330 Ltda.;São Paulo;Carla Menezes;R$ 195.850,08;75%;22/03/2026;Proposta
000331;Empresa 331 Ltda.;Recife;Hugo Prado;R$ 383.775,66;50%;23/03/2026;Negociação
000332;Empresa 332 Ltda.;Curitiba;Carla Menezes;R$ 181.823,89;90%;24/03/2026;Perdido
000333;Empresa 333 Ltda.;Goiânia;Gabriela Lins;R$ 41.076,84;75%;25/03/2026;Ganho
000334;Empresa 334 Ltda.;Florianópolis;Gabriela Lins;R$ 168.033,26;10%;26/03/2026;Proposta
000335;Empresa 335 Ltda.;Florianópolis;Ana Ribeiro;R$ 164.623,22;90%;27/03/2026;Diagnóstico
000336;Empresa 336 Ltda.;Curitiba;Gabriela Lins;R$ 52.501,35;10%;28/03/2026;Proposta
000337;Empresa 337 Ltda.;Belo Horizonte;Gabriela Lins;R$ 284.149,40;50%;29/03/2026;Proposta
000338;Empresa 338 Ltda.;Belo Horizonte;Elisa Moura;R$ 153.866,40;50%;30/03/2026;Diagnóstico
000339;Empresa 339 Ltda.;Curitiba;Bruno Takahashi;R$ 401.863,48;50%;31/03/2026;Ganho
000340;Empresa 340 Ltda.;Recife;Ana Ribeiro;R$ 67.124,88;50%;01/04/2026;Perdido
000341;Empresa 341 Ltda.;Porto Alegre;Bruno Takahashi;R$ 413.750,52;50%;02/04/2026;Qualificação
000342;Empresa 342 Ltda.;Curitiba;Elisa Moura;R$ 472.518,70;25%;03/04/2026;Qualificação
000343;Empresa 343 Ltda.;São Paulo;Ana Ribeiro;R$ 185.550,16;50%;04/04/2026;Proposta
000344;Empresa 344 Ltda.;Salvador;Diego Fontes;R$ 73.407,24;75%;05/04/2026;Diagnóstico
000345;Empresa 345 Ltda.;Porto Alegre;Elisa Moura;R$ 125.864,65;25%;06/04/2026;Diagnóstico
000346;Empresa 346 Ltda.;Florianópolis;Bruno Takahashi;R$ 350.901,71;25%;07/04/2026;Negociação
000347;Empresa 347 Ltda.;Belo Horizonte;Bruno Takahashi;R$ 165.066,76;25%;08/04/2026;Qualificação
000348;Empresa 348 Ltda.;São Paulo;Felipe Andrade;R$ 331.364,78;10%;09/04/2026;Proposta
000349;Empresa 349 Ltda.;Porto Alegre;Carla Menezes;R$ 286.528,92;75%;10/04/2026;Proposta
000350;Empresa 350 Ltda.;Belo Horizonte;Elisa Moura;R$ 362.952,18;75%;11/04/2026;Qualificação
000351;Empresa 351 Ltda.;Florianópolis;Carla Menezes;R$ 111.881,39;50%;12/04/2026;Perdido
000352;Empresa 352 Ltda.;Curitiba;Diego Fontes;R$ 110.341,19;90%;13/04/2026;Proposta
000353;Empresa 353 Ltda.;Belo Horizonte;Elisa Moura;R$ 119.224,51;90%;14/04/2026;Proposta
000354;Empresa 354 Ltda.;Salvador;Carla Menezes;R$ 173.350,23;10%;15/04/2026;Diagnóstico
000355;Empresa 355 Ltda.;Porto Alegre;Gabriela Lins;R$ 420.229,28;10%;16/04/2026;Qualificação
000356;Empresa 356 Ltda.;Belo Horizonte;Elisa Moura;R$ 267.965,08;90%;17/04/2026;Perdido
000357;Empresa 357 Ltda.;São Paulo;Hugo Prado;R$ 39.246,99;90%;18/04/2026;Ganho
000358;Empresa 358 Ltda.;Porto Alegre;Elisa Moura;R$ 475.511,85;90%;19/04/2026;Diagnóstico
000359;Empresa 359 Ltda.;Curitiba;Carla Menezes;R$ 240.021,96;10%;20/04/2026;Qualificação
000360;Empresa 360 Ltda.;Porto Alegre;Elisa Moura;R$ 430.594,80;50%;21/04/2026;Ganho
000361;Empresa 361 Ltda.;Florianópolis;Felipe Andrade;R$ 386.530,93;75%;22/04/2026;Proposta
000362;Empresa 362 Ltda.;São Paulo;Diego Fontes;R$ 90.519,11;25%;23/04/2026;Negociação
000363;Empresa 363 Ltda.;Florianópolis;Bruno Takahashi;R$ 399.943,10;10%;24/04/2026;Perdido
000364;Empresa 364 Ltda.;Curitiba;Felipe Andrade;R$ 107.153,74;10%;25/04/2026;Ganho
000365;Empresa 365 Ltda.;Goiânia;Hugo Prado;R$ 238.632,19;50%;26/04/2026;Proposta
000366;Empresa 366 Ltda.;Goiânia;Bruno Takahashi;R$ 307.574,71;50%;27/04/2026;Diagnóstico
000367;Empresa 367 Ltda.;Salvador;Gabriela Lins;R$ 169.951,39;25%;28/04/2026;Ganho
000368;Empresa 368 Ltda.;Curitiba;Ana Ribeiro;R$ 460.841,60;25%;29/04/2026;Qualificação
000369;Empresa 369 Ltda.;Salvador;Diego Fontes;R$ 464.916,53;10%;30/04/2026;Ganho
000370;Empresa 370 Ltda.;Curitiba;Elisa Moura;R$ 224.180,56;75%;01/05/2026;Proposta
000371;Empresa 371 Ltda.;Florianópolis;Diego Fontes;R$ 81.812,92;75%;02/05/2026;Perdido
000372;Empresa 372 Ltda.;São Paulo;Diego Fontes;R$ 383.146,32;50%;03/05/2026;Proposta
000373;Empresa 373 Ltda.;Porto Alegre;Carla Menezes;R$ 277.394,50;25%;04/05/2026;Negociação
000374;Empresa 374 Ltda.;Porto Alegre;Carla Menezes;R$ 127.170,12;75%;05/05/2026;Ganho
000375;Empresa 375 Ltda.;Salvador;Carla Menezes;R$ 443.071,85;50%;06/05/2026;Diagnóstico
000376;Empresa 376 Ltda.;Porto Alegre;Gabriela Lins;R$ 279.029,77;25%;07/05/2026;Diagnóstico
000377;Empresa 377 Ltda.;Florianópolis;Bruno Takahashi;R$ 234.421,09;50%;08/05/2026;Qualificação
000378;Empresa 378 Ltda.;Porto Alegre;Gabriela Lins;R$ 314.035,38;25%;09/05/2026;Perdido
000379;Empresa 379 Ltda.;São Paulo;Elisa Moura;R$ 406.749,06;90%;10/05/2026;Diagnóstico
000380;Empresa 380 Ltda.;Salvador;Bruno Takahashi;R$ 29.876,35;10%;11/05/2026;Qualificação
000381;Empresa 381 Ltda.;Salvador;Elisa Moura;R$ 34.517,51;90%;12/05/2026;Diagnóstico
000382;Empresa 382 Ltda.;Belo Horizonte;Felipe Andrade;R$ 224.212,23;90%;13/05/2026;Proposta
000383;Empresa 383 Ltda.;Goiânia;Gabriela Lins;R$ 153.412,57;25%;14/05/2026;Ganho
000384;Empresa 384 Ltda.;Curitiba;Diego Fontes;R$ 400.519,72;10%;15/05/2026;Proposta
000385;Empresa 385 Ltda.;Recife;Gabriela Lins;R$ 142.010,94;10%;16/05/2026;Qualificação
000386;Empresa 386 Ltda.;Goiânia;Diego Fontes;R$ 244.331,85;90%;17/05/2026;Negociação
000387;Empresa 387 Ltda.;Recife;Felipe Andrade;R$ 364.222,54;10%;18/05/2026;Negociação
000388;Empresa 388 Ltda.;Florianópolis;Gabriela Lins;R$ 144.077,02;10%;19/05/2026;Diagnóstico
000389;Empresa 389 Ltda.;Recife;Ana Ribeiro;R$ 113.422,78;50%;20/05/2026;Ganho
000390;Empresa 390 Ltda.;São Paulo;Elisa Moura;R$ 103.302,04;50%;21/05/2026;Qualificação
000391;Empresa 391 Ltda.;Curitiba;Hugo Prado;R$ 117.858,44;50%;22/05/2026;Diagnóstico
000392;Empresa 392 Ltda.;Goiânia;Felipe Andrade;R$ 151.794,10;10%;23/05/2026;Diagnóstico
000393;Empresa 393 Ltda.;Florianópolis;Elisa Moura;R$ 186.654,27;90%;24/05/2026;Negociação
000394;Empresa 394 Ltda.;São Paulo;Bruno Takahashi;R$ 28.601,66;75%;25/05/2026;Perdido
000395;Empresa 395 Ltda.;Belo Horizonte;Diego Fontes;R$ 60.090,57;50%;26/05/2026;Proposta
000396;Empresa 396 Ltda.;Goiânia;Felipe Andrade;R$ 53.459,68;90%;27/05/2026;Proposta
000397;Empresa 397 Ltda.;Salvador;Diego Fontes;R$ 331.545,30;75%;28/05/2026;Qualificação
000398;Empresa 398 Ltda.;Recife;Bruno Takahashi;R$ 311.589,63;75%;29/05/2026;Diagnóstico
000399;Empresa 399 Ltda.;Belo Horizonte;Ana Ribeiro;R$ 38.472,65;75%;30/05/2026;Perdido
000400;Empresa 400 Ltda.;Florianópolis;Hugo Prado;R$ 406.843,98;10%;31/05/2026;Negociação
000401;Empresa 401 Ltda.;Goiânia;Carla Menezes;R$ 310.687,58;90%;01/06/2026;Negociação
000402;Empresa 402 Ltda.;Curitiba;Felipe Andrade;R$ 326.738,74;90%;02/06/2026;Perdido
000403;Empresa 403 Ltda.;Goiânia;Diego Fontes;R$ 431.810,84;75%;03/06/2026;Proposta
000404;Empresa 404 Ltda.;Florianópolis;Ana Ribeiro;R$ 270.911,70;50%;04/06/2026;Negociação
000405;Empresa 405 Ltda.;Salvador;Diego Fontes;R$ 157.696,94;10%;05/06/2026;Perdido
000406;Empresa 406 Ltda.;Florianópolis;Felipe Andrade;R$ 58.302,50;50%;06/06/2026;Proposta
000407;Empresa 407 Ltda.;Recife;Ana Ribeiro;R$ 431.927,56;25%;07/06/2026;Diagnóstico
000408;Empresa 408 Ltda.;Salvador;Carla Menezes;R$ 289.834,86;90%;08/06/2026;Perdido
000409;Empresa 409 Ltda.;Belo Horizonte;Ana Ribeiro;R$ 19.231,07;25%;09/06/2026;Diagnóstico
000410;Empresa 410 Ltda.;Curitiba;Diego Fontes;R$ 476.952,58;50%;10/06/2026;Ganho
000411;Empresa 411 Ltda.;Belo Horizonte;Carla Menezes;R$ 289.307,35;50%;11/06/2026;Perdido
000412;Empresa 412 Ltda.;Curitiba;Hugo Prado;R$ 458.857,50;75%;12/06/2026;Ganho
000413;Empresa 413 Ltda.;Goiânia;Diego Fontes;R$ 315.393,30;75%;13/06/2026;Ganho
000414;Empresa 414 Ltda.;São Paulo;Felipe Andrade;R$ 455.509,49;25%;14/06/2026;Ganho
000415;Empresa 415 Ltda.;Belo Horizonte;Bruno Takahashi;R$ 454.715,18;25%;15/06/2026;Proposta
000416;Empresa 416 Ltda.;Goiânia;Gabriela Lins;R$ 245.926,92;10%;16/06/2026;Ganho
000417;Empresa 417 Ltda.;São Paulo;Elisa Moura;R$ 82.558,52;75%;17/06/2026;Ganho
000418;Empresa 418 Ltda.;Porto Alegre;Bruno Takahashi;R$ 353.269,01;75%;18/06/2026;Ganho
000419;Empresa 419 Ltda.;Florianópolis;Hugo Prado;R$ 404.631,64;50%;19/06/2026;Negociação
000420;Empresa 420 Ltda.;Florianópolis;Bruno Takahashi;R$ 419.190,80;90%;20/06/2026;Negociação
000421;Empresa 421 Ltda.;Belo Horizonte;Gabriela Lins;R$ 262.927,30;90%;21/06/2026;Perdido
000422;Empresa 422 Ltda.;Curitiba;Diego Fontes;R$ 292.469,77;10%;22/06/2026;Ganho
000423;Empresa 423 Ltda.;Florianópolis;Elisa Moura;R$ 224.486,11;25%;23/06/2026;Perdido
000424;Empresa 424 Ltda.;Curitiba;Diego Fontes;R$ 87.078,67;25%;24/06/2026;Ganho
000425;Empresa 425 Ltda.;Recife;Gabriela Lins;R$ 154.172,45;75%;25/06/2026;Qualificação
000426;Empresa 426 Ltda.;São Paulo;Gabriela Lins;R$ 281.257,94;10%;26/06/2026;Perdido
000427;Empresa 427 Ltda.;Curitiba;Gabriela Lins;R$ 469.051,11;25%;27/06/2026;Negociação
000428;Empresa 428 Ltda.;São Paulo;Carla Menezes;R$ 364.942,96;25%;28/06/2026;Perdido
000429;Empresa 429 Ltda.;Recife;Felipe Andrade;R$ 475.945,61;90%;29/06/2026;Proposta
000430;Empresa 430 Ltda.;Florianópolis;Hugo Prado;R$ 461.828,06;10%;30/06/2026;Negociação
000431;Empresa 431 Ltda.;Salvador;Hugo Prado;R$ 209.249,55;75%;01/07/2026;Ganho
000432;Empresa 432 Ltda.;Salvador;Hugo Prado;R$ 177.603,67;25%;02/07/2026;Negociação
000433;Empresa 433 Ltda.;Porto Alegre;Carla Menezes;R$ 29.672,68;25%;03/07/2026;Ganho
000434;Empresa 434 Ltda.;Florianópolis;Diego Fontes;R$ 148.139,34;75%;04/07/2026;Diagnóstico
000435;Empresa 435 Ltda.;São Paulo;Diego Fontes;R$ 441.583,26;10%;05/07/2026;Proposta
000436;Empresa 436 Ltda.;Goiânia;Felipe Andrade;R$ 160.454,66;50%;06/07/2026;Negociação
000437;Empresa 437 Ltda.;Curitiba;Elisa Moura;R$ 381.912,79;50%;07/07/2026;Negociação
000438;Empresa 438 Ltda.;Porto Alegre;Hugo Prado;R$ 226.490,22;90%;08/07/2026;Negociação
000439;Empresa 439 Ltda.;Goiânia;Gabriela Lins;R$ 414.960,71;10%;09/07/2026;Perdido
000440;Empresa 440 Ltda.;Porto Alegre;Gabriela Lins;R$ 242.826,95;50%;10/07/2026;Qualificação
000441;Empresa 441 Ltda.;Florianópolis;Hugo Prado;R$ 69.140,55;25%;11/07/2026;Perdido
000442;Empresa 442 Ltda.;Recife;Diego Fontes;R$ 248.654,62;25%;12/07/2026;Diagnóstico
000443;Empresa 443 Ltda.;Curitiba;Hugo Prado;R$ 74.553,95;10%;13/07/2026;Ganho
000444;Empresa 444 Ltda.;Curitiba;Gabriela Lins;R$ 303.478,21;90%;14/07/2026;Ganho
000445;Empresa 445 Ltda.;Recife;Bruno Takahashi;R$ 243.977,66;90%;15/07/2026;Diagnóstico
000446;Empresa 446 Ltda.;Porto Alegre;Carla Menezes;R$ 14.589,93;75%;16/07/2026;Negociação
000447;Empresa 447 Ltda.;Curitiba;Bruno Takahashi;R$ 365.360,77;10%;17/07/2026;Ganho
000448;Empresa 448 Ltda.;Goiânia;Elisa Moura;R$ 182.166,54;75%;18/07/2026;Perdido
000449;Empresa 449 Ltda.;Goiânia;Ana Ribeiro;R$ 86.273,84;25%;19/07/2026;Perdido
000450;Empresa 450 Ltda.;Florianópolis;Bruno Takahashi;R$ 408.379,16;10%;20/07/2026;Proposta
000451;Empresa 451 Ltda.;Porto Alegre;Felipe Andrade;R$ 208.825,71;75%;21/07/2026;Ganho
000452;Empresa 452 Ltda.;Curitiba;Diego Fontes;R$ 69.344,61;90%;22/07/2026;Proposta
000453;Empresa 453 Ltda.;São Paulo;Bruno Takahashi;R$ 310.282,60;75%;23/07/2026;Negociação
000454;Empresa 454 Ltda.;Florianópolis;Hugo Prado;R$ 61.402,84;25%;24/07/2026;Negociação
000455;Empresa 455 Ltda.;Goiânia;Elisa Moura;R$ 353.822,05;75%;25/07/2026;Ganho
000456;Empresa 456 Ltda.;Florianópolis;Bruno Takahashi;R$ 105.228,02;10%;26/07/2026;Diagnóstico
000457;Empresa 457 Ltda.;São Paulo;Hugo Prado;R$ 324.000,37;10%;27/07/2026;Diagnóstico
000458;Empresa 458 Ltda.;Porto Alegre;Hugo Prado;R$ 216.084,68;50%;28/07/2026;Diagnóstico
000459;Empresa 459 Ltda.;Florianópolis;Hugo Prado;R$ 260.531,13;50%;29/07/2026;Ganho
000460;Empresa 460 Ltda.;Florianópolis;Elisa Moura;R$ 351.461,45;50%;30/07/2026;Negociação
000461;Empresa 461 Ltda.;Curitiba;Ana Ribeiro;R$ 152.269,79;90%;31/07/2026;Negociação
000462;Empresa 462 Ltda.;Salvador;Elisa Moura;R$ 152.197,31;25%;01/08/2026;Diagnóstico
000463;Empresa 463 Ltda.;Salvador;Hugo Prado;R$ 42.833,24;90%;02/08/2026;Ganho
000464;Empresa 464 Ltda.;Salvador;Bruno Takahashi;R$ 373.327,66;25%;03/08/2026;Proposta
000465;Empresa 465 Ltda.;Curitiba;Carla Menezes;R$ 193.748,69;25%;04/08/2026;Negociação
000466;Empresa 466 Ltda.;Goiânia;Gabriela Lins;R$ 139.676,77;90%;05/08/2026;Perdido
000467;Empresa 467 Ltda.;Porto Alegre;Diego Fontes;R$ 31.588,94;50%;06/08/2026;Qualificação
000468;Empresa 468 Ltda.;Recife;Carla Menezes;R$ 93.180,72;10%;07/08/2026;Ganho
000469;Empresa 469 Ltda.;São Paulo;Felipe Andrade;R$ 21.363,45;90%;08/08/2026;Qualificação
000470;Empresa 470 Ltda.;Salvador;Hugo Prado;R$ 210.067,09;25%;09/08/2026;Negociação
000471;Empresa 471 Ltda.;Salvador;Gabriela Lins;R$ 383.672,65;25%;10/08/2026;Perdido
000472;Empresa 472 Ltda.;Goiânia;Bruno Takahashi;R$ 305.705,83;90%;11/08/2026;Qualificação
000473;Empresa 473 Ltda.;Salvador;Hugo Prado;R$ 401.164,57;90%;12/08/2026;Proposta
000474;Empresa 474 Ltda.;Recife;Carla Menezes;R$ 131.059,16;75%;13/08/2026;Negociação
000475;Empresa 475 Ltda.;Goiânia;Diego Fontes;R$ 319.816,79;90%;14/08/2026;Perdido
000476;Empresa 476 Ltda.;Recife;Felipe Andrade;R$ 191.863,07;25%;15/08/2026;Perdido
000477;Empresa 477 Ltda.;Florianópolis;Felipe Andrade;R$ 130.057,49;10%;16/08/2026;Qualificação
000478;Empresa 478 Ltda.;Belo Horizonte;Elisa Moura;R$ 147.028,03;10%;17/08/2026;Perdido
000479;Empresa 479 Ltda.;São Paulo;Diego Fontes;R$ 436.573,47;75%;18/08/2026;Perdido
000480;Empresa 480 Ltda.;Salvador;Gabriela Lins;R$ 398.681,18;10%;19/08/2026;Negociação
000481;Empresa 481 Ltda.;Salvador;Felipe Andrade;R$ 386.811,82;25%;20/08/2026;Qualificação
000482;Empresa 482 Ltda.;Salvador;Hugo Prado;R$ 21.556,07;75%;21/08/2026;Negociação
000483;Empresa 483 Ltda.;Curitiba;Bruno Takahashi;R$ 30.512,39;90%;22/08/2026;Negociação
000484;Empresa 484 Ltda.;Salvador;Elisa Moura;R$ 389.053,89;90%;23/08/2026;Qualificação
000485;Empresa 485 Ltda.;Curitiba;Diego Fontes;R$ 158.568,02;50%;24/08/2026;Proposta
000486;Empresa 486 Ltda.;Florianópolis;Felipe Andrade;R$ 101.128,89;50%;25/08/2026;Negociação
000487;Empresa 487 Ltda.;Recife;Carla Menezes;R$ 117.523,28;25%;26/08/2026;Perdido
000488;Empresa 488 Ltda.;Florianópolis;Ana Ribeiro;R$ 107.314,23;50%;27/08/2026;Qualificação
000489;Empresa 489 Ltda.;São Paulo;Elisa Moura;R$ 355.094,62;50%;28/08/2026;Perdido
000490;Empresa 490 Ltda.;Curitiba;Carla Menezes;R$ 155.037,98;50%;29/08/2026;Diagnóstico
000491;Empresa 491 Ltda.;Goiânia;Elisa Moura;R$ 404.164,85;75%;30/08/2026;Negociação
000492;Empresa 492 Ltda.;Porto Alegre;Hugo Prado;R$ 392.107,52;90%;31/08/2026;Qualificação
000493;Empresa 493 Ltda.;Porto Alegre;Ana Ribeiro;R$ 40.095,10;25%;01/09/2026;Negociação
000494;Empresa 494 Ltda.;Belo Horizonte;Felipe Andrade;R$ 231.380,39;25%;02/09/2026;Proposta
000495;Empresa 495 Ltda.;Goiânia;Diego Fontes;R$ 28.031,39;50%;03/09/2026;Perdido
000496;Empresa 496 Ltda.;Curitiba;Gabriela Lins;R$ 464.363,18;75%;04/09/2026;Ganho
000497;Empresa 497 Ltda.;Florianópolis;Bruno Takahashi;R$ 419.277,71;10%;05/09/2026;Perdido
000498;Empresa 498 Ltda.;Porto Alegre;Hugo Prado;R$ 128.944,05;75%;06/09/2026;Diagnóstico
000499;Empresa 499 Ltda.;Curitiba;Diego Fontes;R$ 465.686,93;90%;07/09/2026;Diagnóstico
000500;Empresa 500 Ltda.;Recife;Ana Ribeiro;R$ 238.899,07;10%;08/09/2026;Perdido
000501;Empresa 501 Ltda.;São Paulo;Diego Fontes;R$ 132.306,30;50%;02/01/2026;Proposta
000502;Empresa 502 Ltda.;Florianópolis;Ana Ribeiro;R$ 245.296,36;90%;03/01/2026;Qualificação
000503;Empresa 503 Ltda.;Curitiba;Bruno Takahashi;R$ 343.241,44;75%;04/01/2026;Diagnóstico
000504;Empresa 504 Ltda.;Porto Alegre;Carla Menezes;R$ 111.471,08;25%;05/01/2026;Ganho
000505;Empresa 505 Ltda.;Recife;Felipe Andrade;R$ 192.515,19;25%;06/01/2026;Perdido
000506;Empresa 506 Ltda.;Florianópolis;Hugo Prado;R$ 398.727,16;90%;07/01/2026;Qualificação
000507;Empresa 507 Ltda.;Salvador;Elisa Moura;R$ 105.256,70;10%;08/01/2026;Negociação
000508;Empresa 508 Ltda.;Porto Alegre;Ana Ribeiro;R$ 454.328,68;10%;09/01/2026;Qualificação
000509;Empresa 509 Ltda.;Salvador;Ana Ribeiro;R$ 65.870,97;90%;10/01/2026;Negociação
000510;Empresa 510 Ltda.;Porto Alegre;Ana Ribeiro;R$ 314.711,24;10%;11/01/2026;Qualificação
000511;Empresa 511 Ltda.;Curitiba;Elisa Moura;R$ 242.459,36;75%;12/01/2026;Diagnóstico
000512;Empresa 512 Ltda.;São Paulo;Elisa Moura;R$ 120.207,63;75%;13/01/2026;Negociação
000513;Empresa 513 Ltda.;Belo Horizonte;Elisa Moura;R$ 429.356,00;25%;14/01/2026;Qualificação
000514;Empresa 514 Ltda.;Florianópolis;Felipe Andrade;R$ 328.584,92;75%;15/01/2026;Negociação
000515;Empresa 515 Ltda.;Porto Alegre;Gabriela Lins;R$ 420.156,15;90%;16/01/2026;Perdido
000516;Empresa 516 Ltda.;Salvador;Elisa Moura;R$ 124.504,22;10%;17/01/2026;Negociação
000517;Empresa 517 Ltda.;Belo Horizonte;Elisa Moura;R$ 183.516,57;90%;18/01/2026;Qualificação
000518;Empresa 518 Ltda.;Curitiba;Felipe Andrade;R$ 220.679,18;50%;19/01/2026;Perdido
000519;Empresa 519 Ltda.;São Paulo;Bruno Takahashi;R$ 269.698,59;75%;20/01/2026;Diagnóstico
000520;Empresa 520 Ltda.;Goiânia;Felipe Andrade;R$ 89.640,45;10%;21/01/2026;Qualificação
000521;Empresa 521 Ltda.;Curitiba;Elisa Moura;R$ 397.754,34;25%;22/01/2026;Ganho
000522;Empresa 522 Ltda.;São Paulo;Hugo Prado;R$ 68.834,24;25%;23/01/2026;Perdido
000523;Empresa 523 Ltda.;Florianópolis;Ana Ribeiro;R$ 232.459,76;90%;24/01/2026;Diagnóstico
000524;Empresa 524 Ltda.;Salvador;Hugo Prado;R$ 450.279,66;75%;25/01/2026;Proposta
000525;Empresa 525 Ltda.;Salvador;Hugo Prado;R$ 74.097,20;25%;26/01/2026;Diagnóstico
000526;Empresa 526 Ltda.;Porto Alegre;Gabriela Lins;R$ 157.997,76;25%;27/01/2026;Negociação
000527;Empresa 527 Ltda.;Florianópolis;Bruno Takahashi;R$ 183.945,24;10%;28/01/2026;Negociação
000528;Empresa 528 Ltda.;Belo Horizonte;Hugo Prado;R$ 338.952,83;75%;29/01/2026;Perdido
000529;Empresa 529 Ltda.;Recife;Bruno Takahashi;R$ 34.010,18;75%;30/01/2026;Proposta
000530;Empresa 530 Ltda.;Goiânia;Ana Ribeiro;R$ 247.188,72;75%;31/01/2026;Qualificação
000531;Empresa 531 Ltda.;Salvador;Carla Menezes;R$ 346.686,12;25%;01/02/2026;Diagnóstico
000532;Empresa 532 Ltda.;Goiânia;Carla Menezes;R$ 366.665,51;10%;02/02/2026;Qualificação
000533;Empresa 533 Ltda.;Salvador;Hugo Prado;R$ 226.621,36;10%;03/02/2026;Proposta
000534;Empresa 534 Ltda.;Belo Horizonte;Ana Ribeiro;R$ 235.371,50;90%;04/02/2026;Ganho
000535;Empresa 535 Ltda.;Florianópolis;Elisa Moura;R$ 122.625,71;50%;05/02/2026;Perdido
000536;Empresa 536 Ltda.;Belo Horizonte;Gabriela Lins;R$ 51.280,68;25%;06/02/2026;Qualificação
000537;Empresa 537 Ltda.;Belo Horizonte;Diego Fontes;R$ 230.807,66;75%;07/02/2026;Diagnóstico
000538;Empresa 538 Ltda.;Goiânia;Elisa Moura;R$ 459.594,69;50%;08/02/2026;Ganho
000539;Empresa 539 Ltda.;Salvador;Bruno Takahashi;R$ 453.813,57;25%;09/02/2026;Ganho
000540;Empresa 540 Ltda.;Salvador;Bruno Takahashi;R$ 316.460,45;10%;10/02/2026;Negociação
000541;Empresa 541 Ltda.;Florianópolis;Felipe Andrade;R$ 269.514,26;75%;11/02/2026;Diagnóstico
000542;Empresa 542 Ltda.;Curitiba;Ana Ribeiro;R$ 409.207,14;25%;12/02/2026;Qualificação
000543;Empresa 543 Ltda.;Florianópolis;Felipe Andrade;R$ 378.823,56;75%;13/02/2026;Proposta
000544;Empresa 544 Ltda.;São Paulo;Diego Fontes;R$ 11.739,48;10%;14/02/2026;Perdido
000545;Empresa 545 Ltda.;Recife;Elisa Moura;R$ 340.544,32;50%;15/02/2026;Ganho
000546;Empresa 546 Ltda.;Belo Horizonte;Bruno Takahashi;R$ 401.996,36;50%;16/02/2026;Proposta
000547;Empresa 547 Ltda.;Belo Horizonte;Elisa Moura;R$ 257.280,84;90%;17/02/2026;Qualificação
000548;Empresa 548 Ltda.;Porto Alegre;Ana Ribeiro;R$ 68.087,92;50%;18/02/2026;Perdido
000549;Empresa 549 Ltda.;Recife;Felipe Andrade;R$ 382.967,58;90%;19/02/2026;Ganho
000550;Empresa 550 Ltda.;Florianópolis;Diego Fontes;R$ 407.270,30;25%;20/02/2026;Qualificação
000551;Empresa 551 Ltda.;Belo Horizonte;Bruno Takahashi;R$ 278.726,02;75%;21/02/2026;Ganho
000552;Empresa 552 Ltda.;Florianópolis;Gabriela Lins;R$ 463.368,27;50%;22/02/2026;Negociação
000553;Empresa 553 Ltda.;Recife;Ana Ribeiro;R$ 243.444,90;10%;23/02/2026;Diagnóstico
000554;Empresa 554 Ltda.;Belo Horizonte;Ana Ribeiro;R$ 314.940,39;90%;24/02/2026;Perdido
000555;Empresa 555 Ltda.;Belo Horizonte;Gabriela Lins;R$ 75.475,22;75%;25/02/2026;Diagnóstico
000556;Empresa 556 Ltda.;São Paulo;Elisa Moura;R$ 80.464,15;75%;26/02/2026;Ganho
000557;Empresa 557 Ltda.;Belo Horizonte;Bruno Takahashi;R$ 296.073,02;10%;27/02/2026;Qualificação
000558;Empresa 558 Ltda.;Florianópolis;Elisa Moura;R$ 477.443,83;25%;28/02/2026;Ganho
000559;Empresa 559 Ltda.;Goiânia;Elisa Moura;R$ 51.694,04;50%;01/03/2026;Negociação
000560;Empresa 560 Ltda.;Recife;Diego Fontes;R$ 399.333,10;90%;02/03/2026;Qualificação
000561;Empresa 561 Ltda.;São Paulo;Carla Menezes;R$ 402.900,10;10%;03/03/2026;Proposta
000562;Empresa 562 Ltda.;Porto Alegre;Hugo Prado;R$ 473.559,23;75%;04/03/2026;Ganho
000563;Empresa 563 Ltda.;Porto Alegre;Elisa Moura;R$ 52.888,97;50%;05/03/2026;Perdido
000564;Empresa 564 Ltda.;Salvador;Gabriela Lins;R$ 432.750,83;50%;06/03/2026;Proposta
000565;Empresa 565 Ltda.;São Paulo;Diego Fontes;R$ 89.951,45;25%;07/03/2026;Ganho
000566;Empresa 566 Ltda.;São Paulo;Elisa Moura;R$ 347.876,14;75%;08/03/2026;Negociação
000567;Empresa 567 Ltda.;São Paulo;Diego Fontes;R$ 101.768,80;90%;09/03/2026;Perdido
000568;Empresa 568 Ltda.;São Paulo;Ana Ribeiro;R$ 97.991,77;75%;10/03/2026;Qualificação
000569;Empresa 569 Ltda.;São Paulo;Hugo Prado;R$ 100.588,47;50%;11/03/2026;Diagnóstico
000570;Empresa 570 Ltda.;Belo Horizonte;Elisa Moura;R$ 396.895,23;50%;12/03/2026;Perdido
000571;Empresa 571 Ltda.;Belo Horizonte;Felipe Andrade;R$ 71.753,81;75%;13/03/2026;Perdido
000572;Empresa 572 Ltda.;Salvador;Bruno Takahashi;R$ 390.850,13;10%;14/03/2026;Negociação
000573;Empresa 573 Ltda.;Salvador;Elisa Moura;R$ 362.748,20;90%;15/03/2026;Perdido
000574;Empresa 574 Ltda.;São Paulo;Felipe Andrade;R$ 351.905,87;90%;16/03/2026;Diagnóstico
000575;Empresa 575 Ltda.;Belo Horizonte;Bruno Takahashi;R$ 293.234,98;25%;17/03/2026;Diagnóstico
000576;Empresa 576 Ltda.;Belo Horizonte;Hugo Prado;R$ 188.881,61;10%;18/03/2026;Ganho
000577;Empresa 577 Ltda.;São Paulo;Elisa Moura;R$ 125.926,37;10%;19/03/2026;Proposta
000578;Empresa 578 Ltda.;Porto Alegre;Felipe Andrade;R$ 182.439,01;50%;20/03/2026;Diagnóstico
000579;Empresa 579 Ltda.;Porto Alegre;Bruno Takahashi;R$ 273.279,80;10%;21/03/2026;Negociação
000580;Empresa 580 Ltda.;São Paulo;Bruno Takahashi;R$ 295.252,02;25%;22/03/2026;Qualificação
000581;Empresa 581 Ltda.;Florianópolis;Felipe Andrade;R$ 172.140,86;10%;23/03/2026;Diagnóstico
000582;Empresa 582 Ltda.;Curitiba;Bruno Takahashi;R$ 432.731,96;50%;24/03/2026;Proposta
000583;Empresa 583 Ltda.;São Paulo;Diego Fontes;R$ 369.737,04;75%;25/03/2026;Qualificação
000584;Empresa 584 Ltda.;Belo Horizonte;Ana Ribeiro;R$ 212.578,92;75%;26/03/2026;Negociação
000585;Empresa 585 Ltda.;Salvador;Felipe Andrade;R$ 111.236,31;75%;27/03/2026;Ganho
000586;Empresa 586 Ltda.;Porto Alegre;Felipe Andrade;R$ 255.914,66;50%;28/03/2026;Diagnóstico
000587;Empresa 587 Ltda.;Goiânia;Gabriela Lins;R$ 447.070,37;75%;29/03/2026;Ganho
000588;Empresa 588 Ltda.;Florianópolis;Felipe Andrade;R$ 212.330,28;10%;30/03/2026;Qualificação
000589;Empresa 589 Ltda.;Belo Horizonte;Diego Fontes;R$ 447.168,39;25%;31/03/2026;Proposta
000590;Empresa 590 Ltda.;Florianópolis;Felipe Andrade;R$ 473.326,75;75%;01/04/2026;Ganho
000591;Empresa 591 Ltda.;Porto Alegre;Elisa Moura;R$ 118.025,91;50%;02/04/2026;Qualificação
000592;Empresa 592 Ltda.;Belo Horizonte;Elisa Moura;R$ 139.550,67;50%;03/04/2026;Perdido
000593;Empresa 593 Ltda.;Belo Horizonte;Bruno Takahashi;R$ 166.426,84;90%;04/04/2026;Diagnóstico
000594;Empresa 594 Ltda.;Florianópolis;Bruno Takahashi;R$ 293.543,92;90%;05/04/2026;Ganho
000595;Empresa 595 Ltda.;Recife;Hugo Prado;R$ 146.553,45;25%;06/04/2026;Diagnóstico
000596;Empresa 596 Ltda.;Recife;Hugo Prado;R$ 94.788,59;25%;07/04/2026;Qualificação
000597;Empresa 597 Ltda.;Recife;Hugo Prado;R$ 473.068,62;75%;08/04/2026;Ganho
000598;Empresa 598 Ltda.;Recife;Carla Menezes;R$ 445.276,60;90%;09/04/2026;Qualificação
000599;Empresa 599 Ltda.;Salvador;Bruno Takahashi;R$ 459.016,03;75%;10/04/2026;Ganho
000600;Empresa 600 Ltda.;Belo Horizonte;Elisa Moura;R$ 411.564,22;75%;11/04/2026;Proposta
000601;Empresa 601 Ltda.;São Paulo;Elisa Moura;R$ 462.979,23;25%;12/04/2026;Perdido
000602;Empresa 602 Ltda.;Recife;Ana Ribeiro;R$ 238.201,44;25%;13/04/2026;Proposta
000603;Empresa 603 Ltda.;Salvador;Felipe Andrade;R$ 90.189,14;25%;14/04/2026;Diagnóstico
000604;Empresa 604 Ltda.;Salvador;Carla Menezes;R$ 218.304,12;90%;15/04/2026;Qualificação
000605;Empresa 605 Ltda.;Florianópolis;Diego Fontes;R$ 41.314,86;90%;16/04/2026;Diagnóstico
000606;Empresa 606 Ltda.;Salvador;Elisa Moura;R$ 196.706,26;50%;17/04/2026;Negociação
000607;Empresa 607 Ltda.;Belo Horizonte;Elisa Moura;R$ 312.261,73;25%;18/04/2026;Proposta
000608;Empresa 608 Ltda.;Florianópolis;Hugo Prado;R$ 419.639,59;75%;19/04/2026;Qualificação
000609;Empresa 609 Ltda.;Porto Alegre;Felipe Andrade;R$ 242.622,50;90%;20/04/2026;Diagnóstico
000610;Empresa 610 Ltda.;Florianópolis;Elisa Moura;R$ 450.846,26;90%;21/04/2026;Perdido
000611;Empresa 611 Ltda.;Porto Alegre;Hugo Prado;R$ 438.722,61;25%;22/04/2026;Negociação
000612;Empresa 612 Ltda.;Porto Alegre;Ana Ribeiro;R$ 284.935,43;90%;23/04/2026;Proposta
000613;Empresa 613 Ltda.;Porto Alegre;Diego Fontes;R$ 390.642,85;10%;24/04/2026;Perdido
000614;Empresa 614 Ltda.;São Paulo;Felipe Andrade;R$ 47.469,05;75%;25/04/2026;Diagnóstico
000615;Empresa 615 Ltda.;Porto Alegre;Elisa Moura;R$ 322.842,87;50%;26/04/2026;Proposta
000616;Empresa 616 Ltda.;Curitiba;Felipe Andrade;R$ 447.636,57;50%;27/04/2026;Diagnóstico
000617;Empresa 617 Ltda.;Porto Alegre;Felipe Andrade;R$ 198.998,29;50%;28/04/2026;Diagnóstico
000618;Empresa 618 Ltda.;Salvador;Carla Menezes;R$ 40.520,04;90%;29/04/2026;Qualificação
000619;Empresa 619 Ltda.;Florianópolis;Carla Menezes;R$ 462.506,06;75%;30/04/2026;Diagnóstico
000620;Empresa 620 Ltda.;Belo Horizonte;Hugo Prado;R$ 123.202,45;25%;01/05/2026;Perdido
000621;Empresa 621 Ltda.;Curitiba;Elisa Moura;R$ 282.295,40;50%;02/05/2026;Proposta
000622;Empresa 622 Ltda.;Salvador;Bruno Takahashi;R$ 382.702,17;50%;03/05/2026;Diagnóstico
000623;Empresa 623 Ltda.;Belo Horizonte;Felipe Andrade;R$ 275.554,42;50%;04/05/2026;Negociação
000624;Empresa 624 Ltda.;Porto Alegre;Felipe Andrade;R$ 331.046,77;75%;05/05/2026;Qualificação
000625;Empresa 625 Ltda.;Goiânia;Hugo Prado;R$ 106.350,38;90%;06/05/2026;Qualificação
000626;Empresa 626 Ltda.;Goiânia;Hugo Prado;R$ 460.365,89;50%;07/05/2026;Perdido
000627;Empresa 627 Ltda.;Porto Alegre;Gabriela Lins;R$ 45.800,78;50%;08/05/2026;Perdido
000628;Empresa 628 Ltda.;Belo Horizonte;Gabriela Lins;R$ 274.444,75;50%;09/05/2026;Negociação
000629;Empresa 629 Ltda.;Salvador;Gabriela Lins;R$ 170.664,30;25%;10/05/2026;Perdido
000630;Empresa 630 Ltda.;Curitiba;Elisa Moura;R$ 154.160,79;25%;11/05/2026;Ganho
000631;Empresa 631 Ltda.;Porto Alegre;Felipe Andrade;R$ 8.661,48;90%;12/05/2026;Proposta
000632;Empresa 632 Ltda.;Belo Horizonte;Ana Ribeiro;R$ 405.652,49;50%;13/05/2026;Ganho
000633;Empresa 633 Ltda.;Belo Horizonte;Hugo Prado;R$ 344.571,85;10%;14/05/2026;Ganho
000634;Empresa 634 Ltda.;Goiânia;Ana Ribeiro;R$ 148.445,94;25%;15/05/2026;Qualificação
000635;Empresa 635 Ltda.;Porto Alegre;Hugo Prado;R$ 42.071,41;75%;16/05/2026;Negociação
000636;Empresa 636 Ltda.;Recife;Ana Ribeiro;R$ 319.060,74;75%;17/05/2026;Proposta
000637;Empresa 637 Ltda.;Recife;Hugo Prado;R$ 215.211,29;10%;18/05/2026;Ganho
000638;Empresa 638 Ltda.;Salvador;Carla Menezes;R$ 173.573,39;75%;19/05/2026;Proposta
000639;Empresa 639 Ltda.;Porto Alegre;Bruno Takahashi;R$ 375.155,36;75%;20/05/2026;Ganho
000640;Empresa 640 Ltda.;Curitiba;Elisa Moura;R$ 17.116,60;75%;21/05/2026;Perdido
000641;Empresa 641 Ltda.;Porto Alegre;Hugo Prado;R$ 353.572,70;25%;22/05/2026;Qualificação
000642;Empresa 642 Ltda.;Salvador;Felipe Andrade;R$ 253.154,71;50%;23/05/2026;Perdido
000643;Empresa 643 Ltda.;Goiânia;Elisa Moura;R$ 334.235,07;75%;24/05/2026;Proposta
000644;Empresa 644 Ltda.;Salvador;Bruno Takahashi;R$ 216.172,34;90%;25/05/2026;Qualificação
000645;Empresa 645 Ltda.;Salvador;Gabriela Lins;R$ 109.224,92;75%;26/05/2026;Ganho
000646;Empresa 646 Ltda.;Curitiba;Carla Menezes;R$ 70.359,55;25%;27/05/2026;Negociação
000647;Empresa 647 Ltda.;Salvador;Felipe Andrade;R$ 398.734,25;90%;28/05/2026;Ganho
000648;Empresa 648 Ltda.;Florianópolis;Elisa Moura;R$ 426.926,60;90%;29/05/2026;Perdido
000649;Empresa 649 Ltda.;Recife;Felipe Andrade;R$ 238.702,93;25%;30/05/2026;Perdido
000650;Empresa 650 Ltda.;Porto Alegre;Bruno Takahashi;R$ 346.068,17;90%;31/05/2026;Qualificação
000651;Empresa 651 Ltda.;Recife;Diego Fontes;R$ 365.580,18;50%;01/06/2026;Ganho
000652;Empresa 652 Ltda.;Recife;Felipe Andrade;R$ 37.217,63;50%;02/06/2026;Proposta
000653;Empresa 653 Ltda.;São Paulo;Carla Menezes;R$ 113.279,80;25%;03/06/2026;Diagnóstico
000654;Empresa 654 Ltda.;Salvador;Diego Fontes;R$ 14.243,53;90%;04/06/2026;Perdido
000655;Empresa 655 Ltda.;Florianópolis;Gabriela Lins;R$ 66.139,59;75%;05/06/2026;Diagnóstico
000656;Empresa 656 Ltda.;Porto Alegre;Felipe Andrade;R$ 283.515,72;50%;06/06/2026;Proposta
000657;Empresa 657 Ltda.;Recife;Gabriela Lins;R$ 16.315,98;75%;07/06/2026;Ganho
000658;Empresa 658 Ltda.;Salvador;Gabriela Lins;R$ 327.673,94;50%;08/06/2026;Ganho
000659;Empresa 659 Ltda.;São Paulo;Gabriela Lins;R$ 128.689,23;50%;09/06/2026;Diagnóstico
000660;Empresa 660 Ltda.;Belo Horizonte;Elisa Moura;R$ 251.599,34;90%;10/06/2026;Diagnóstico
000661;Empresa 661 Ltda.;Goiânia;Carla Menezes;R$ 367.386,66;50%;11/06/2026;Diagnóstico
000662;Empresa 662 Ltda.;Goiânia;Elisa Moura;R$ 437.152,93;25%;12/06/2026;Negociação
000663;Empresa 663 Ltda.;Salvador;Hugo Prado;R$ 289.640,44;90%;13/06/2026;Diagnóstico
000664;Empresa 664 Ltda.;São Paulo;Hugo Prado;R$ 308.013,53;90%;14/06/2026;Negociação
000665;Empresa 665 Ltda.;Recife;Gabriela Lins;R$ 46.647,07;25%;15/06/2026;Perdido
000666;Empresa 666 Ltda.;Goiânia;Carla Menezes;R$ 445.535,23;90%;16/06/2026;Negociação
000667;Empresa 667 Ltda.;Belo Horizonte;Hugo Prado;R$ 185.284,03;50%;17/06/2026;Ganho
000668;Empresa 668 Ltda.;Belo Horizonte;Bruno Takahashi;R$ 407.614,68;25%;18/06/2026;Ganho
000669;Empresa 669 Ltda.;Florianópolis;Gabriela Lins;R$ 59.641,53;10%;19/06/2026;Perdido
000670;Empresa 670 Ltda.;Porto Alegre;Bruno Takahashi;R$ 176.126,53;75%;20/06/2026;Qualificação
000671;Empresa 671 Ltda.;Florianópolis;Ana Ribeiro;R$ 99.565,68;90%;21/06/2026;Diagnóstico
000672;Empresa 672 Ltda.;Recife;Ana Ribeiro;R$ 113.516,95;90%;22/06/2026;Ganho
000673;Empresa 673 Ltda.;Curitiba;Elisa Moura;R$ 247.513,56;90%;23/06/2026;Diagnóstico
000674;Empresa 674 Ltda.;Porto Alegre;Bruno Takahashi;R$ 97.507,75;90%;24/06/2026;Ganho
000675;Empresa 675 Ltda.;Salvador;Felipe Andrade;R$ 262.306,35;90%;25/06/2026;Qualificação
000676;Empresa 676 Ltda.;Curitiba;Hugo Prado;R$ 311.470,40;75%;26/06/2026;Ganho
000677;Empresa 677 Ltda.;Florianópolis;Hugo Prado;R$ 38.496,99;10%;27/06/2026;Diagnóstico
000678;Empresa 678 Ltda.;Salvador;Bruno Takahashi;R$ 159.068,30;25%;28/06/2026;Ganho
000679;Empresa 679 Ltda.;Salvador;Hugo Prado;R$ 178.511,79;90%;29/06/2026;Diagnóstico
000680;Empresa 680 Ltda.;Salvador;Felipe Andrade;R$ 33.973,90;90%;30/06/2026;Qualificação
000681;Empresa 681 Ltda.;Recife;Felipe Andrade;R$ 264.562,25;50%;01/07/2026;Diagnóstico
000682;Empresa 682 Ltda.;Curitiba;Felipe Andrade;R$ 212.040,08;75%;02/07/2026;Perdido
000683;Empresa 683 Ltda.;São Paulo;Hugo Prado;R$ 255.291,68;25%;03/07/2026;Diagnóstico
000684;Empresa 684 Ltda.;Florianópolis;Hugo Prado;R$ 401.468,71;25%;04/07/2026;Qualificação
000685;Empresa 685 Ltda.;Salvador;Elisa Moura;R$ 414.728,90;10%;05/07/2026;Negociação
000686;Empresa 686 Ltda.;Florianópolis;Bruno Takahashi;R$ 474.712,19;50%;06/07/2026;Proposta
000687;Empresa 687 Ltda.;Salvador;Elisa Moura;R$ 401.935,92;10%;07/07/2026;Proposta
000688;Empresa 688 Ltda.;Curitiba;Felipe Andrade;R$ 216.966,09;25%;08/07/2026;Qualificação
000689;Empresa 689 Ltda.;Salvador;Elisa Moura;R$ 10.122,48;25%;09/07/2026;Ganho
000690;Empresa 690 Ltda.;Porto Alegre;Bruno Takahashi;R$ 139.273,00;75%;10/07/2026;Qualificação
000691;Empresa 691 Ltda.;Belo Horizonte;Diego Fontes;R$ 142.206,42;25%;11/07/2026;Negociação
000692;Empresa 692 Ltda.;Curitiba;Felipe Andrade;R$ 150.915,65;75%;12/07/2026;Qualificação
000693;Empresa 693 Ltda.;Porto Alegre;Ana Ribeiro;R$ 103.163,15;90%;13/07/2026;Perdido
000694;Empresa 694 Ltda.;Porto Alegre;Ana Ribeiro;R$ 433.394,99;75%;14/07/2026;Diagnóstico
000695;Empresa 695 Ltda.;Salvador;Elisa Moura;R$ 341.244,41;25%;15/07/2026;Negociação
000696;Empresa 696 Ltda.;Florianópolis;Diego Fontes;R$ 458.307,50;25%;16/07/2026;Negociação
000697;Empresa 697 Ltda.;Belo Horizonte;Gabriela Lins;R$ 131.995,56;25%;17/07/2026;Perdido
000698;Empresa 698 Ltda.;Recife;Bruno Takahashi;R$ 328.760,86;90%;18/07/2026;Qualificação
000699;Empresa 699 Ltda.;Curitiba;Diego Fontes;R$ 308.246,06;10%;19/07/2026;Negociação
000700;Empresa 700 Ltda.;Porto Alegre;Gabriela Lins;R$ 345.108,82;75%;20/07/2026;Negociação
000701;Empresa 701 Ltda.;Recife;Gabriela Lins;R$ 104.572,05;25%;21/07/2026;Qualificação
000702;Empresa 702 Ltda.;Belo Horizonte;Hugo Prado;R$ 163.125,44;25%;22/07/2026;Qualificação
000703;Empresa 703 Ltda.;Goiânia;Elisa Moura;R$ 161.906,24;10%;23/07/2026;Proposta
000704;Empresa 704 Ltda.;Recife;Diego Fontes;R$ 174.273,72;10%;24/07/2026;Proposta
000705;Empresa 705 Ltda.;Curitiba;Felipe Andrade;R$ 402.321,51;90%;25/07/2026;Ganho
000706;Empresa 706 Ltda.;Florianópolis;Diego Fontes;R$ 192.593,20;50%;26/07/2026;Qualificação
000707;Empresa 707 Ltda.;São Paulo;Carla Menezes;R$ 78.787,56;10%;27/07/2026;Qualificação
000708;Empresa 708 Ltda.;Florianópolis;Carla Menezes;R$ 21.541,76;10%;28/07/2026;Proposta
000709;Empresa 709 Ltda.;Belo Horizonte;Hugo Prado;R$ 460.473,03;90%;29/07/2026;Diagnóstico
000710;Empresa 710 Ltda.;Porto Alegre;Bruno Takahashi;R$ 463.873,66;25%;30/07/2026;Qualificação
000711;Empresa 711 Ltda.;Recife;Bruno Takahashi;R$ 251.779,75;75%;31/07/2026;Negociação
000712;Empresa 712 Ltda.;Florianópolis;Carla Menezes;R$ 444.796,37;90%;01/08/2026;Negociação
000713;Empresa 713 Ltda.;Florianópolis;Diego Fontes;R$ 199.863,20;75%;02/08/2026;Diagnóstico
000714;Empresa 714 Ltda.;Florianópolis;Elisa Moura;R$ 338.074,28;25%;03/08/2026;Ganho
000715;Empresa 715 Ltda.;São Paulo;Elisa Moura;R$ 384.940,13;50%;04/08/2026;Diagnóstico
000716;Empresa 716 Ltda.;Salvador;Elisa Moura;R$ 236.980,19;25%;05/08/2026;Negociação
000717;Empresa 717 Ltda.;São Paulo;Diego Fontes;R$ 92.816,99;25%;06/08/2026;Diagnóstico
000718;Empresa 718 Ltda.;Porto Alegre;Carla Menezes;R$ 413.781,27;90%;07/08/2026;Qualificação
000719;Empresa 719 Ltda.;Porto Alegre;Diego Fontes;R$ 268.758,23;10%;08/08/2026;Ganho
000720;Empresa 720 Ltda.;Salvador;Diego Fontes;R$ 325.041,65;75%;09/08/2026;Negociação
000721;Empresa 721 Ltda.;Goiânia;Bruno Takahashi;R$ 377.691,53;10%;10/08/2026;Proposta
000722;Empresa 722 Ltda.;Recife;Bruno Takahashi;R$ 298.182,19;25%;11/08/2026;Diagnóstico
000723;Empresa 723 Ltda.;Florianópolis;Ana Ribeiro;R$ 426.438,74;25%;12/08/2026;Perdido
000724;Empresa 724 Ltda.;Recife;Ana Ribeiro;R$ 209.626,53;10%;13/08/2026;Perdido
000725;Empresa 725 Ltda.;Salvador;Felipe Andrade;R$ 439.217,72;50%;14/08/2026;Perdido
000726;Empresa 726 Ltda.;Belo Horizonte;Hugo Prado;R$ 275.811,44;25%;15/08/2026;Qualificação
000727;Empresa 727 Ltda.;São Paulo;Bruno Takahashi;R$ 312.924,60;50%;16/08/2026;Perdido
000728;Empresa 728 Ltda.;São Paulo;Carla Menezes;R$ 142.075,64;90%;17/08/2026;Proposta
000729;Empresa 729 Ltda.;Belo Horizonte;Diego Fontes;R$ 426.917,21;90%;18/08/2026;Diagnóstico
000730;Empresa 730 Ltda.;Salvador;Elisa Moura;R$ 77.417,89;25%;19/08/2026;Negociação
000731;Empresa 731 Ltda.;Florianópolis;Carla Menezes;R$ 400.894,03;10%;20/08/2026;Proposta
000732;Empresa 732 Ltda.;São Paulo;Carla Menezes;R$ 29.656,12;50%;21/08/2026;Perdido
000733;Empresa 733 Ltda.;Curitiba;Elisa Moura;R$ 325.251,91;10%;22/08/2026;Ganho
000734;Empresa 734 Ltda.;Curitiba;Ana Ribeiro;R$ 26.101,74;25%;23/08/2026;Negociação
000735;Empresa 735 Ltda.;Florianópolis;Elisa Moura;R$ 199.157,81;10%;24/08/2026;Proposta
000736;Empresa 736 Ltda.;Belo Horizonte;Bruno Takahashi;R$ 106.784,81;10%;25/08/2026;Perdido
000737;Empresa 737 Ltda.;Belo Horizonte;Gabriela Lins;R$ 303.378,94;10%;26/08/2026;Negociação
000738;Empresa 738 Ltda.;Belo Horizonte;Diego Fontes;R$ 197.668,06;25%;27/08/2026;Negociação
000739;Empresa 739 Ltda.;Recife;Ana Ribeiro;R$ 91.039,83;25%;28/08/2026;Proposta
000740;Empresa 740 Ltda.;Recife;Bruno Takahashi;R$ 346.329,31;10%;29/08/2026;Proposta
000741;Empresa 741 Ltda.;Florianópolis;Hugo Prado;R$ 444.678,62;75%;30/08/2026;Diagnóstico
000742;Empresa 742 Ltda.;São Paulo;Felipe Andrade;R$ 66.132,60;75%;31/08/2026;Perdido
000743;Empresa 743 Ltda.;Curitiba;Ana Ribeiro;R$ 111.262,24;90%;01/09/2026;Qualificação
000744;Empresa 744 Ltda.;Goiânia;Felipe Andrade;R$ 105.667,26;75%;02/09/2026;Diagnóstico
000745;Empresa 745 Ltda.;Porto Alegre;Diego Fontes;R$ 93.097,89;50%;03/09/2026;Diagnóstico
000746;Empresa 746 Ltda.;Porto Alegre;Bruno Takahashi;R$ 423.981,11;50%;04/09/2026;Qualificação
000747;Empresa 747 Ltda.;Florianópolis;Diego Fontes;R$ 153.279,65;90%;05/09/2026;Qualificação
000748;Empresa 748 Ltda.;Curitiba;Ana Ribeiro;R$ 93.616,38;25%;06/09/2026;Diagnóstico
000749;Empresa 749 Ltda.;São Paulo;Felipe Andrade;R$ 267.855,86;10%;07/09/2026;Proposta
000750;Empresa 750 Ltda.;Salvador;Hugo Prado;R$ 437.779,41;90%;08/09/2026;Perdido
000751;Empresa 751 Ltda.;Goiânia;Ana Ribeiro;R$ 224.751,01;75%;02/01/2026;Ganho
000752;Empresa 752 Ltda.;Belo Horizonte;Elisa Moura;R$ 49.392,66;50%;03/01/2026;Proposta
000753;Empresa 753 Ltda.;São Paulo;Ana Ribeiro;R$ 366.282,22;75%;04/01/2026;Qualificação
000754;Empresa 754 Ltda.;Porto Alegre;Ana Ribeiro;R$ 214.233,16;50%;05/01/2026;Proposta
000755;Empresa 755 Ltda.;Recife;Gabriela Lins;R$ 172.401,62;90%;06/01/2026;Perdido
000756;Empresa 756 Ltda.;São Paulo;Gabriela Lins;R$ 452.122,91;10%;07/01/2026;Proposta
000757;Empresa 757 Ltda.;Goiânia;Ana Ribeiro;R$ 187.970,90;10%;08/01/2026;Proposta
000758;Empresa 758 Ltda.;Goiânia;Diego Fontes;R$ 116.337,47;50%;09/01/2026;Ganho
000759;Empresa 759 Ltda.;Porto Alegre;Elisa Moura;R$ 472.186,72;50%;10/01/2026;Proposta
000760;Empresa 760 Ltda.;Goiânia;Diego Fontes;R$ 301.247,06;10%;11/01/2026;Qualificação
000761;Empresa 761 Ltda.;Salvador;Ana Ribeiro;R$ 176.893,37;10%;12/01/2026;Diagnóstico
000762;Empresa 762 Ltda.;Curitiba;Hugo Prado;R$ 267.745,84;25%;13/01/2026;Perdido
000763;Empresa 763 Ltda.;Salvador;Elisa Moura;R$ 440.509,39;10%;14/01/2026;Qualificação
000764;Empresa 764 Ltda.;Goiânia;Bruno Takahashi;R$ 173.195,87;90%;15/01/2026;Qualificação
000765;Empresa 765 Ltda.;Porto Alegre;Hugo Prado;R$ 274.801,13;25%;16/01/2026;Perdido
000766;Empresa 766 Ltda.;Recife;Felipe Andrade;R$ 413.681,16;25%;17/01/2026;Qualificação
000767;Empresa 767 Ltda.;Salvador;Ana Ribeiro;R$ 366.434,71;90%;18/01/2026;Negociação
000768;Empresa 768 Ltda.;Porto Alegre;Bruno Takahashi;R$ 365.534,34;10%;19/01/2026;Perdido
000769;Empresa 769 Ltda.;Curitiba;Ana Ribeiro;R$ 107.689,37;75%;20/01/2026;Perdido
000770;Empresa 770 Ltda.;Goiânia;Felipe Andrade;R$ 215.004,93;10%;21/01/2026;Diagnóstico
000771;Empresa 771 Ltda.;Florianópolis;Bruno Takahashi;R$ 297.923,65;50%;22/01/2026;Proposta
000772;Empresa 772 Ltda.;São Paulo;Hugo Prado;R$ 221.508,99;75%;23/01/2026;Proposta
000773;Empresa 773 Ltda.;Curitiba;Bruno Takahashi;R$ 302.223,36;90%;24/01/2026;Ganho
000774;Empresa 774 Ltda.;Recife;Hugo Prado;R$ 156.307,26;75%;25/01/2026;Ganho
000775;Empresa 775 Ltda.;Recife;Bruno Takahashi;R$ 371.694,52;25%;26/01/2026;Diagnóstico
000776;Empresa 776 Ltda.;Salvador;Ana Ribeiro;R$ 114.303,95;90%;27/01/2026;Proposta
000777;Empresa 777 Ltda.;Belo Horizonte;Felipe Andrade;R$ 50.837,27;75%;28/01/2026;Qualificação
000778;Empresa 778 Ltda.;Goiânia;Ana Ribeiro;R$ 92.020,59;25%;29/01/2026;Ganho
000779;Empresa 779 Ltda.;Salvador;Hugo Prado;R$ 221.122,43;25%;30/01/2026;Diagnóstico
000780;Empresa 780 Ltda.;Recife;Carla Menezes;R$ 467.603,03;25%;31/01/2026;Negociação
000781;Empresa 781 Ltda.;Salvador;Gabriela Lins;R$ 231.819,30;25%;01/02/2026;Ganho
000782;Empresa 782 Ltda.;Curitiba;Gabriela Lins;R$ 309.524,46;25%;02/02/2026;Negociação
000783;Empresa 783 Ltda.;Porto Alegre;Felipe Andrade;R$ 358.913,33;90%;03/02/2026;Qualificação
000784;Empresa 784 Ltda.;Goiânia;Ana Ribeiro;R$ 208.659,77;50%;04/02/2026;Perdido
000785;Empresa 785 Ltda.;Belo Horizonte;Carla Menezes;R$ 452.702,60;90%;05/02/2026;Diagnóstico
000786;Empresa 786 Ltda.;Curitiba;Carla Menezes;R$ 163.630,37;10%;06/02/2026;Ganho
000787;Empresa 787 Ltda.;Florianópolis;Felipe Andrade;R$ 66.985,05;75%;07/02/2026;Proposta
000788;Empresa 788 Ltda.;São Paulo;Carla Menezes;R$ 210.944,77;50%;08/02/2026;Diagnóstico
000789;Empresa 789 Ltda.;São Paulo;Ana Ribeiro;R$ 358.349,75;25%;09/02/2026;Ganho
000790;Empresa 790 Ltda.;Curitiba;Bruno Takahashi;R$ 75.997,88;10%;10/02/2026;Negociação
000791;Empresa 791 Ltda.;Belo Horizonte;Gabriela Lins;R$ 97.274,45;90%;11/02/2026;Qualificação
000792;Empresa 792 Ltda.;Florianópolis;Gabriela Lins;R$ 387.513,63;90%;12/02/2026;Proposta
000793;Empresa 793 Ltda.;Porto Alegre;Elisa Moura;R$ 170.277,63;25%;13/02/2026;Qualificação
000794;Empresa 794 Ltda.;Recife;Bruno Takahashi;R$ 202.992,19;75%;14/02/2026;Proposta
000795;Empresa 795 Ltda.;Goiânia;Gabriela Lins;R$ 19.078,03;90%;15/02/2026;Qualificação
000796;Empresa 796 Ltda.;Salvador;Hugo Prado;R$ 330.731,20;90%;16/02/2026;Perdido
000797;Empresa 797 Ltda.;Goiânia;Carla Menezes;R$ 381.030,85;50%;17/02/2026;Negociação
000798;Empresa 798 Ltda.;Salvador;Hugo Prado;R$ 469.186,95;25%;18/02/2026;Qualificação
000799;Empresa 799 Ltda.;Recife;Diego Fontes;R$ 459.945,36;75%;19/02/2026;Qualificação
000800;Empresa 800 Ltda.;Goiânia;Elisa Moura;R$ 370.474,09;90%;20/02/2026;Qualificação
000801;Empresa 801 Ltda.;Salvador;Ana Ribeiro;R$ 11.852,21;50%;21/02/2026;Diagnóstico
000802;Empresa 802 Ltda.;Salvador;Gabriela Lins;R$ 324.696,57;25%;22/02/2026;Ganho
000803;Empresa 803 Ltda.;Goiânia;Diego Fontes;R$ 434.395,37;90%;23/02/2026;Diagnóstico
000804;Empresa 804 Ltda.;São Paulo;Elisa Moura;R$ 374.031,26;90%;24/02/2026;Diagnóstico
000805;Empresa 805 Ltda.;Curitiba;Ana Ribeiro;R$ 147.980,35;90%;25/02/2026;Qualificação
000806;Empresa 806 Ltda.;Salvador;Elisa Moura;R$ 176.036,29;25%;26/02/2026;Qualificação
000807;Empresa 807 Ltda.;São Paulo;Felipe Andrade;R$ 201.482,07;10%;27/02/2026;Ganho
000808;Empresa 808 Ltda.;Curitiba;Carla Menezes;R$ 299.294,78;10%;28/02/2026;Qualificação
000809;Empresa 809 Ltda.;Belo Horizonte;Carla Menezes;R$ 435.487,48;10%;01/03/2026;Qualificação
000810;Empresa 810 Ltda.;Belo Horizonte;Bruno Takahashi;R$ 374.889,47;10%;02/03/2026;Ganho
000811;Empresa 811 Ltda.;Florianópolis;Carla Menezes;R$ 421.507,64;50%;03/03/2026;Ganho
000812;Empresa 812 Ltda.;Curitiba;Carla Menezes;R$ 148.797,14;75%;04/03/2026;Diagnóstico
000813;Empresa 813 Ltda.;Recife;Gabriela Lins;R$ 156.509,82;25%;05/03/2026;Proposta
000814;Empresa 814 Ltda.;Recife;Diego Fontes;R$ 96.072,42;90%;06/03/2026;Qualificação
000815;Empresa 815 Ltda.;Belo Horizonte;Diego Fontes;R$ 86.446,55;25%;07/03/2026;Perdido
000816;Empresa 816 Ltda.;Salvador;Elisa Moura;R$ 353.376,22;90%;08/03/2026;Diagnóstico
000817;Empresa 817 Ltda.;Goiânia;Hugo Prado;R$ 340.325,85;50%;09/03/2026;Proposta
000818;Empresa 818 Ltda.;Belo Horizonte;Ana Ribeiro;R$ 198.724,21;25%;10/03/2026;Perdido
000819;Empresa 819 Ltda.;Curitiba;Bruno Takahashi;R$ 447.558,42;25%;11/03/2026;Perdido
000820;Empresa 820 Ltda.;São Paulo;Hugo Prado;R$ 110.951,75;90%;12/03/2026;Qualificação
000821;Empresa 821 Ltda.;São Paulo;Bruno Takahashi;R$ 473.899,16;50%;13/03/2026;Perdido
000822;Empresa 822 Ltda.;São Paulo;Ana Ribeiro;R$ 99.983,72;90%;14/03/2026;Qualificação
000823;Empresa 823 Ltda.;Florianópolis;Gabriela Lins;R$ 206.047,43;10%;15/03/2026;Perdido
000824;Empresa 824 Ltda.;Goiânia;Diego Fontes;R$ 417.132,86;75%;16/03/2026;Proposta
000825;Empresa 825 Ltda.;Florianópolis;Bruno Takahashi;R$ 265.554,76;75%;17/03/2026;Proposta
000826;Empresa 826 Ltda.;Curitiba;Carla Menezes;R$ 253.802,38;50%;18/03/2026;Perdido
000827;Empresa 827 Ltda.;Goiânia;Felipe Andrade;R$ 333.862,95;25%;19/03/2026;Ganho
000828;Empresa 828 Ltda.;Salvador;Carla Menezes;R$ 466.006,12;90%;20/03/2026;Diagnóstico
000829;Empresa 829 Ltda.;Florianópolis;Bruno Takahashi;R$ 222.541,80;25%;21/03/2026;Proposta
000830;Empresa 830 Ltda.;Salvador;Gabriela Lins;R$ 159.969,04;10%;22/03/2026;Negociação
000831;Empresa 831 Ltda.;Florianópolis;Gabriela Lins;R$ 75.780,82;50%;23/03/2026;Ganho
000832;Empresa 832 Ltda.;São Paulo;Bruno Takahashi;R$ 220.061,50;25%;24/03/2026;Diagnóstico
000833;Empresa 833 Ltda.;Salvador;Felipe Andrade;R$ 205.036,56;75%;25/03/2026;Negociação
000834;Empresa 834 Ltda.;Curitiba;Ana Ribeiro;R$ 418.089,83;10%;26/03/2026;Proposta
000835;Empresa 835 Ltda.;Recife;Bruno Takahashi;R$ 441.528,50;90%;27/03/2026;Diagnóstico
000836;Empresa 836 Ltda.;Curitiba;Felipe Andrade;R$ 465.206,85;25%;28/03/2026;Negociação
000837;Empresa 837 Ltda.;São Paulo;Elisa Moura;R$ 333.379,05;50%;29/03/2026;Proposta
000838;Empresa 838 Ltda.;São Paulo;Felipe Andrade;R$ 379.308,56;25%;30/03/2026;Diagnóstico
000839;Empresa 839 Ltda.;São Paulo;Bruno Takahashi;R$ 457.449,33;25%;31/03/2026;Proposta
000840;Empresa 840 Ltda.;Porto Alegre;Gabriela Lins;R$ 255.387,14;50%;01/04/2026;Ganho
000841;Empresa 841 Ltda.;São Paulo;Felipe Andrade;R$ 17.340,64;10%;02/04/2026;Proposta
000842;Empresa 842 Ltda.;Porto Alegre;Ana Ribeiro;R$ 194.394,51;25%;03/04/2026;Proposta
000843;Empresa 843 Ltda.;Curitiba;Carla Menezes;R$ 345.595,03;75%;04/04/2026;Qualificação
000844;Empresa 844 Ltda.;Goiânia;Ana Ribeiro;R$ 174.998,56;25%;05/04/2026;Diagnóstico
000845;Empresa 845 Ltda.;Florianópolis;Elisa Moura;R$ 82.305,02;10%;06/04/2026;Negociação
000846;Empresa 846 Ltda.;Salvador;Ana Ribeiro;R$ 149.055,47;50%;07/04/2026;Proposta
000847;Empresa 847 Ltda.;Florianópolis;Diego Fontes;R$ 468.988,50;75%;08/04/2026;Negociação
000848;Empresa 848 Ltda.;Curitiba;Ana Ribeiro;R$ 30.434,50;25%;09/04/2026;Proposta
000849;Empresa 849 Ltda.;Curitiba;Carla Menezes;R$ 116.663,02;75%;10/04/2026;Qualificação
000850;Empresa 850 Ltda.;Porto Alegre;Felipe Andrade;R$ 149.564,54;10%;11/04/2026;Ganho
000851;Empresa 851 Ltda.;São Paulo;Hugo Prado;R$ 78.883,31;10%;12/04/2026;Proposta
000852;Empresa 852 Ltda.;Belo Horizonte;Gabriela Lins;R$ 427.709,84;75%;13/04/2026;Ganho
000853;Empresa 853 Ltda.;Porto Alegre;Diego Fontes;R$ 104.491,29;90%;14/04/2026;Proposta
000854;Empresa 854 Ltda.;Belo Horizonte;Felipe Andrade;R$ 238.694,65;90%;15/04/2026;Proposta
000855;Empresa 855 Ltda.;Salvador;Bruno Takahashi;R$ 66.416,35;75%;16/04/2026;Perdido
000856;Empresa 856 Ltda.;Recife;Felipe Andrade;R$ 303.322,19;90%;17/04/2026;Perdido
000857;Empresa 857 Ltda.;Florianópolis;Hugo Prado;R$ 302.387,19;90%;18/04/2026;Perdido
000858;Empresa 858 Ltda.;Recife;Bruno Takahashi;R$ 322.895,94;50%;19/04/2026;Proposta
000859;Empresa 859 Ltda.;Salvador;Gabriela Lins;R$ 130.772,98;10%;20/04/2026;Perdido
000860;Empresa 860 Ltda.;São Paulo;Carla Menezes;R$ 124.366,64;75%;21/04/2026;Qualificação
000861;Empresa 861 Ltda.;São Paulo;Hugo Prado;R$ 264.577,74;10%;22/04/2026;Qualificação
000862;Empresa 862 Ltda.;Curitiba;Diego Fontes;R$ 409.503,57;90%;23/04/2026;Perdido
000863;Empresa 863 Ltda.;Belo Horizonte;Felipe Andrade;R$ 121.805,77;90%;24/04/2026;Perdido
000864;Empresa 864 Ltda.;Belo Horizonte;Carla Menezes;R$ 262.930,36;75%;25/04/2026;Negociação
000865;Empresa 865 Ltda.;Curitiba;Gabriela Lins;R$ 175.701,02;90%;26/04/2026;Proposta
000866;Empresa 866 Ltda.;Curitiba;Diego Fontes;R$ 372.893,54;90%;27/04/2026;Ganho
000867;Empresa 867 Ltda.;São Paulo;Carla Menezes;R$ 398.797,23;10%;28/04/2026;Qualificação
000868;Empresa 868 Ltda.;Belo Horizonte;Ana Ribeiro;R$ 210.187,07;90%;29/04/2026;Qualificação
000869;Empresa 869 Ltda.;São Paulo;Felipe Andrade;R$ 396.069,61;50%;30/04/2026;Diagnóstico
000870;Empresa 870 Ltda.;São Paulo;Carla Menezes;R$ 435.979,32;10%;01/05/2026;Proposta
000871;Empresa 871 Ltda.;Belo Horizonte;Felipe Andrade;R$ 212.820,63;25%;02/05/2026;Proposta
000872;Empresa 872 Ltda.;Recife;Carla Menezes;R$ 66.431,81;50%;03/05/2026;Ganho
000873;Empresa 873 Ltda.;Salvador;Gabriela Lins;R$ 43.046,55;10%;04/05/2026;Diagnóstico
000874;Empresa 874 Ltda.;Goiânia;Diego Fontes;R$ 328.859,53;75%;05/05/2026;Perdido
000875;Empresa 875 Ltda.;Florianópolis;Diego Fontes;R$ 127.011,54;50%;06/05/2026;Negociação
000876;Empresa 876 Ltda.;São Paulo;Elisa Moura;R$ 379.379,10;50%;07/05/2026;Perdido
000877;Empresa 877 Ltda.;Belo Horizonte;Hugo Prado;R$ 288.678,09;90%;08/05/2026;Diagnóstico
000878;Empresa 878 Ltda.;Curitiba;Gabriela Lins;R$ 122.671,24;50%;09/05/2026;Diagnóstico
000879;Empresa 879 Ltda.;Belo Horizonte;Bruno Takahashi;R$ 260.006,45;90%;10/05/2026;Qualificação
000880;Empresa 880 Ltda.;Porto Alegre;Gabriela Lins;R$ 358.628,07;90%;11/05/2026;Qualificação
000881;Empresa 881 Ltda.;Florianópolis;Gabriela Lins;R$ 135.190,42;10%;12/05/2026;Proposta
000882;Empresa 882 Ltda.;Goiânia;Bruno Takahashi;R$ 21.524,69;90%;13/05/2026;Negociação
000883;Empresa 883 Ltda.;São Paulo;Ana Ribeiro;R$ 306.728,23;90%;14/05/2026;Negociação
000884;Empresa 884 Ltda.;Porto Alegre;Gabriela Lins;R$ 274.652,62;10%;15/05/2026;Ganho
000885;Empresa 885 Ltda.;Curitiba;Carla Menezes;R$ 467.141,52;25%;16/05/2026;Qualificação
000886;Empresa 886 Ltda.;Curitiba;Ana Ribeiro;R$ 311.889,87;75%;17/05/2026;Negociação
000887;Empresa 887 Ltda.;Florianópolis;Elisa Moura;R$ 185.585,94;10%;18/05/2026;Qualificação
000888;Empresa 888 Ltda.;Recife;Ana Ribeiro;R$ 204.106,23;90%;19/05/2026;Perdido
000889;Empresa 889 Ltda.;Porto Alegre;Diego Fontes;R$ 410.367,30;10%;20/05/2026;Qualificação
000890;Empresa 890 Ltda.;Salvador;Bruno Takahashi;R$ 300.351,88;25%;21/05/2026;Proposta
000891;Empresa 891 Ltda.;Porto Alegre;Felipe Andrade;R$ 211.753,65;25%;22/05/2026;Diagnóstico
000892;Empresa 892 Ltda.;Porto Alegre;Carla Menezes;R$ 326.596,78;75%;23/05/2026;Proposta
000893;Empresa 893 Ltda.;Florianópolis;Felipe Andrade;R$ 187.440,47;90%;24/05/2026;Perdido
000894;Empresa 894 Ltda.;Porto Alegre;Gabriela Lins;R$ 386.827,61;25%;25/05/2026;Proposta
000895;Empresa 895 Ltda.;Curitiba;Hugo Prado;R$ 237.588,20;50%;26/05/2026;Qualificação
000896;Empresa 896 Ltda.;Porto Alegre;Bruno Takahashi;R$ 281.928,73;75%;27/05/2026;Diagnóstico
000897;Empresa 897 Ltda.;Curitiba;Carla Menezes;R$ 380.864,65;25%;28/05/2026;Perdido
000898;Empresa 898 Ltda.;Goiânia;Elisa Moura;R$ 417.367,42;90%;29/05/2026;Perdido
000899;Empresa 899 Ltda.;Curitiba;Carla Menezes;R$ 76.247,55;25%;30/05/2026;Negociação
000900;Empresa 900 Ltda.;Goiânia;Felipe Andrade;R$ 257.705,87;75%;31/05/2026;Negociação
000901;Empresa 901 Ltda.;Porto Alegre;Carla Menezes;R$ 475.324,81;75%;01/06/2026;Proposta
000902;Empresa 902 Ltda.;Florianópolis;Felipe Andrade;R$ 444.008,09;50%;02/06/2026;Perdido
000903;Empresa 903 Ltda.;Curitiba;Carla Menezes;R$ 190.679,61;90%;03/06/2026;Diagnóstico
000904;Empresa 904 Ltda.;Salvador;Ana Ribeiro;R$ 233.397,20;50%;04/06/2026;Perdido
000905;Empresa 905 Ltda.;São Paulo;Carla Menezes;R$ 337.877,97;75%;05/06/2026;Perdido
000906;Empresa 906 Ltda.;Belo Horizonte;Gabriela Lins;R$ 211.585,85;90%;06/06/2026;Perdido
000907;Empresa 907 Ltda.;São Paulo;Bruno Takahashi;R$ 417.245,35;25%;07/06/2026;Diagnóstico
000908;Empresa 908 Ltda.;Florianópolis;Ana Ribeiro;R$ 389.920,49;25%;08/06/2026;Diagnóstico
000909;Empresa 909 Ltda.;Salvador;Elisa Moura;R$ 334.323,64;75%;09/06/2026;Diagnóstico
000910;Empresa 910 Ltda.;Florianópolis;Hugo Prado;R$ 452.552,45;90%;10/06/2026;Diagnóstico
000911;Empresa 911 Ltda.;Belo Horizonte;Bruno Takahashi;R$ 326.777,17;75%;11/06/2026;Proposta
000912;Empresa 912 Ltda.;Florianópolis;Gabriela Lins;R$ 394.906,32;10%;12/06/2026;Diagnóstico
000913;Empresa 913 Ltda.;São Paulo;Diego Fontes;R$ 60.179,18;75%;13/06/2026;Negociação
000914;Empresa 914 Ltda.;Goiânia;Bruno Takahashi;R$ 74.857,69;75%;14/06/2026;Ganho
000915;Empresa 915 Ltda.;Belo Horizonte;Felipe Andrade;R$ 278.947,33;10%;15/06/2026;Ganho
000916;Empresa 916 Ltda.;Salvador;Elisa Moura;R$ 377.664,34;50%;16/06/2026;Ganho
000917;Empresa 917 Ltda.;Curitiba;Bruno Takahashi;R$ 66.527,69;75%;17/06/2026;Negociação
000918;Empresa 918 Ltda.;São Paulo;Diego Fontes;R$ 14.311,61;75%;18/06/2026;Perdido
000919;Empresa 919 Ltda.;Recife;Carla Menezes;R$ 193.535,54;10%;19/06/2026;Diagnóstico
000920;Empresa 920 Ltda.;Salvador;Carla Menezes;R$ 131.051,86;50%;20/06/2026;Qualificação
000921;Empresa 921 Ltda.;Belo Horizonte;Bruno Takahashi;R$ 169.265,82;50%;21/06/2026;Perdido
000922;Empresa 922 Ltda.;Belo Horizonte;Elisa Moura;R$ 158.844,48;75%;22/06/2026;Ganho
000923;Empresa 923 Ltda.;Belo Horizonte;Elisa Moura;R$ 320.725,30;25%;23/06/2026;Diagnóstico
000924;Empresa 924 Ltda.;Curitiba;Carla Menezes;R$ 33.928,40;10%;24/06/2026;Proposta
000925;Empresa 925 Ltda.;Florianópolis;Felipe Andrade;R$ 39.613,97;25%;25/06/2026;Diagnóstico
000926;Empresa 926 Ltda.;Florianópolis;Ana Ribeiro;R$ 44.879,28;50%;26/06/2026;Diagnóstico
000927;Empresa 927 Ltda.;Curitiba;Gabriela Lins;R$ 234.892,53;90%;27/06/2026;Negociação
000928;Empresa 928 Ltda.;Belo Horizonte;Gabriela Lins;R$ 95.961,64;75%;28/06/2026;Qualificação
000929;Empresa 929 Ltda.;Porto Alegre;Ana Ribeiro;R$ 288.273,40;10%;29/06/2026;Negociação
000930;Empresa 930 Ltda.;Goiânia;Ana Ribeiro;R$ 60.545,38;25%;30/06/2026;Ganho
000931;Empresa 931 Ltda.;Goiânia;Ana Ribeiro;R$ 103.555,73;10%;01/07/2026;Perdido
000932;Empresa 932 Ltda.;Florianópolis;Ana Ribeiro;R$ 52.469,48;10%;02/07/2026;Ganho
000933;Empresa 933 Ltda.;Goiânia;Diego Fontes;R$ 152.710,76;25%;03/07/2026;Ganho
000934;Empresa 934 Ltda.;Recife;Elisa Moura;R$ 32.211,63;10%;04/07/2026;Qualificação
000935;Empresa 935 Ltda.;Goiânia;Elisa Moura;R$ 15.396,88;25%;05/07/2026;Ganho
000936;Empresa 936 Ltda.;Curitiba;Felipe Andrade;R$ 139.513,25;10%;06/07/2026;Qualificação
000937;Empresa 937 Ltda.;Porto Alegre;Hugo Prado;R$ 423.299,26;25%;07/07/2026;Ganho
000938;Empresa 938 Ltda.;Goiânia;Ana Ribeiro;R$ 156.433,44;50%;08/07/2026;Perdido
000939;Empresa 939 Ltda.;Goiânia;Carla Menezes;R$ 289.958,64;10%;09/07/2026;Perdido
000940;Empresa 940 Ltda.;Florianópolis;Elisa Moura;R$ 390.359,95;50%;10/07/2026;Qualificação
000941;Empresa 941 Ltda.;São Paulo;Bruno Takahashi;R$ 278.940,59;50%;11/07/2026;Qualificação
000942;Empresa 942 Ltda.;Belo Horizonte;Felipe Andrade;R$ 245.189,49;25%;12/07/2026;Negociação
000943;Empresa 943 Ltda.;São Paulo;Carla Menezes;R$ 252.945,33;25%;13/07/2026;Perdido
000944;Empresa 944 Ltda.;Florianópolis;Gabriela Lins;R$ 380.519,21;25%;14/07/2026;Proposta
000945;Empresa 945 Ltda.;Salvador;Felipe Andrade;R$ 421.949,42;75%;15/07/2026;Qualificação
000946;Empresa 946 Ltda.;Goiânia;Bruno Takahashi;R$ 124.797,22;25%;16/07/2026;Qualificação
000947;Empresa 947 Ltda.;Curitiba;Elisa Moura;R$ 140.112,10;90%;17/07/2026;Ganho
000948;Empresa 948 Ltda.;Goiânia;Bruno Takahashi;R$ 478.129,31;75%;18/07/2026;Qualificação
000949;Empresa 949 Ltda.;Recife;Gabriela Lins;R$ 393.606,72;50%;19/07/2026;Diagnóstico
000950;Empresa 950 Ltda.;Porto Alegre;Elisa Moura;R$ 320.839,09;10%;20/07/2026;Diagnóstico
000951;Empresa 951 Ltda.;Goiânia;Carla Menezes;R$ 398.246,33;10%;21/07/2026;Ganho
000952;Empresa 952 Ltda.;Florianópolis;Carla Menezes;R$ 115.191,14;10%;22/07/2026;Qualificação
000953;Empresa 953 Ltda.;Florianópolis;Hugo Prado;R$ 355.531,50;25%;23/07/2026;Qualificação
000954;Empresa 954 Ltda.;Salvador;Felipe Andrade;R$ 429.802,91;75%;24/07/2026;Negociação
000955;Empresa 955 Ltda.;Salvador;Ana Ribeiro;R$ 385.036,86;75%;25/07/2026;Ganho
000956;Empresa 956 Ltda.;Belo Horizonte;Diego Fontes;R$ 294.140,11;75%;26/07/2026;Diagnóstico
000957;Empresa 957 Ltda.;Goiânia;Ana Ribeiro;R$ 440.430,47;25%;27/07/2026;Diagnóstico
000958;Empresa 958 Ltda.;Recife;Elisa Moura;R$ 215.218,48;90%;28/07/2026;Qualificação
000959;Empresa 959 Ltda.;Curitiba;Diego Fontes;R$ 117.100,65;90%;29/07/2026;Ganho
000960;Empresa 960 Ltda.;Porto Alegre;Felipe Andrade;R$ 232.463,13;90%;30/07/2026;Qualificação
000961;Empresa 961 Ltda.;Belo Horizonte;Ana Ribeiro;R$ 352.232,39;25%;31/07/2026;Negociação
000962;Empresa 962 Ltda.;Florianópolis;Hugo Prado;R$ 465.799,94;50%;01/08/2026;Ganho
000963;Empresa 963 Ltda.;Goiânia;Felipe Andrade;R$ 24.765,58;90%;02/08/2026;Negociação
000964;Empresa 964 Ltda.;Belo Horizonte;Felipe Andrade;R$ 369.966,28;75%;03/08/2026;Negociação
000965;Empresa 965 Ltda.;Goiânia;Gabriela Lins;R$ 208.474,89;90%;04/08/2026;Proposta
000966;Empresa 966 Ltda.;Recife;Ana Ribeiro;R$ 169.034,87;10%;05/08/2026;Ganho
000967;Empresa 967 Ltda.;São Paulo;Diego Fontes;R$ 133.967,93;50%;06/08/2026;Proposta
000968;Empresa 968 Ltda.;Curitiba;Gabriela Lins;R$ 276.715,81;75%;07/08/2026;Diagnóstico
000969;Empresa 969 Ltda.;Porto Alegre;Diego Fontes;R$ 384.451,19;90%;08/08/2026;Ganho
000970;Empresa 970 Ltda.;Florianópolis;Carla Menezes;R$ 122.077,72;25%;09/08/2026;Proposta
000971;Empresa 971 Ltda.;Curitiba;Ana Ribeiro;R$ 401.962,83;10%;10/08/2026;Diagnóstico
000972;Empresa 972 Ltda.;Florianópolis;Hugo Prado;R$ 45.530,19;75%;11/08/2026;Proposta
000973;Empresa 973 Ltda.;São Paulo;Diego Fontes;R$ 277.962,76;10%;12/08/2026;Negociação
000974;Empresa 974 Ltda.;Recife;Gabriela Lins;R$ 465.452,40;75%;13/08/2026;Perdido
000975;Empresa 975 Ltda.;Salvador;Gabriela Lins;R$ 276.847,41;25%;14/08/2026;Perdido
000976;Empresa 976 Ltda.;Florianópolis;Bruno Takahashi;R$ 161.152,09;50%;15/08/2026;Diagnóstico
000977;Empresa 977 Ltda.;Curitiba;Elisa Moura;R$ 429.817,50;50%;16/08/2026;Negociação
000978;Empresa 978 Ltda.;Recife;Felipe Andrade;R$ 470.072,65;25%;17/08/2026;Ganho
000979;Empresa 979 Ltda.;Recife;Gabriela Lins;R$ 214.019,56;90%;18/08/2026;Qualificação
000980;Empresa 980 Ltda.;Recife;Elisa Moura;R$ 319.885,10;75%;19/08/2026;Qualificação
000981;Empresa 981 Ltda.;Salvador;Gabriela Lins;R$ 253.644,93;50%;20/08/2026;Negociação
000982;Empresa 982 Ltda.;Curitiba;Diego Fontes;R$ 147.262,42;25%;21/08/2026;Negociação
000983;Empresa 983 Ltda.;Goiânia;Elisa Moura;R$ 236.922,43;90%;22/08/2026;Qualificação
000984;Empresa 984 Ltda.;Curitiba;Ana Ribeiro;R$ 267.590,23;90%;23/08/2026;Qualificação
000985;Empresa 985 Ltda.;Curitiba;Diego Fontes;R$ 117.217,35;10%;24/08/2026;Diagnóstico
000986;Empresa 986 Ltda.;Belo Horizonte;Felipe Andrade;R$ 262.140,92;10%;25/08/2026;Diagnóstico
000987;Empresa 987 Ltda.;Curitiba;Ana Ribeiro;R$ 237.314,76;75%;26/08/2026;Diagnóstico
000988;Empresa 988 Ltda.;Belo Horizonte;Ana Ribeiro;R$ 299.912,84;90%;27/08/2026;Proposta
000989;Empresa 989 Ltda.;Recife;Hugo Prado;R$ 464.384,06;75%;28/08/2026;Negociação
000990;Empresa 990 Ltda.;São Paulo;Elisa Moura;R$ 85.225,83;25%;29/08/2026;Ganho
000991;Empresa 991 Ltda.;Goiânia;Diego Fontes;R$ 120.608,76;75%;30/08/2026;Diagnóstico
000992;Empresa 992 Ltda.;São Paulo;Hugo Prado;R$ 332.696,74;10%;31/08/2026;Qualificação
000993;Empresa 993 Ltda.;Porto Alegre;Bruno Takahashi;R$ 388.910,74;75%;01/09/2026;Qualificação
000994;Empresa 994 Ltda.;Florianópolis;Carla Menezes;R$ 107.872,44;75%;02/09/2026;Ganho
000995;Empresa 995 Ltda.;Curitiba;Hugo Prado;R$ 61.644,11;75%;03/09/2026;Ganho
000996;Empresa 996 Ltda.;Porto Alegre;Diego Fontes;R$ 230.995,13;50%;04/09/2026;Perdido
000997;Empresa 997 Ltda.;Goiânia;Gabriela Lins;R$ 423.448,79;10%;05/09/2026;Proposta
000998;Empresa 998 Ltda.;Recife;Carla Menezes;R$ 436.277,48;10%;06/09/2026;Perdido
000999;Empresa 999 Ltda.;Goiânia;Bruno Takahashi;R$ 180.000,49;50%;07/09/2026;Ganho
001000;Empresa 1000 Ltda.;São Paulo;Elisa Moura;R$ 110.590,87;90%;08/09/2026;Ganho
001001;Empresa 1001 Ltda.;Florianópolis;Carla Menezes;R$ 277.677,10;90%;02/01/2026;Ganho
001002;Empresa 1002 Ltda.;Porto Alegre;Gabriela Lins;R$ 311.219,98;90%;03/01/2026;Ganho
001003;Empresa 1003 Ltda.;Curitiba;Ana Ribeiro;R$ 390.043,94;25%;04/01/2026;Diagnóstico
001004;Empresa 1004 Ltda.;Goiânia;Diego Fontes;R$ 384.586,27;50%;05/01/2026;Qualificação
001005;Empresa 1005 Ltda.;Belo Horizonte;Bruno Takahashi;R$ 381.842,28;75%;06/01/2026;Qualificação
001006;Empresa 1006 Ltda.;Belo Horizonte;Carla Menezes;R$ 311.990,42;90%;07/01/2026;Proposta
001007;Empresa 1007 Ltda.;Goiânia;Felipe Andrade;R$ 384.899,56;90%;08/01/2026;Qualificação
001008;Empresa 1008 Ltda.;Recife;Carla Menezes;R$ 335.819,46;50%;09/01/2026;Negociação
001009;Empresa 1009 Ltda.;Belo Horizonte;Diego Fontes;R$ 411.993,44;10%;10/01/2026;Proposta
001010;Empresa 1010 Ltda.;Recife;Elisa Moura;R$ 196.043,03;90%;11/01/2026;Proposta
001011;Empresa 1011 Ltda.;Curitiba;Felipe Andrade;R$ 52.010,82;25%;12/01/2026;Qualificação
001012;Empresa 1012 Ltda.;Belo Horizonte;Felipe Andrade;R$ 210.738,91;10%;13/01/2026;Proposta
001013;Empresa 1013 Ltda.;Curitiba;Hugo Prado;R$ 115.614,23;10%;14/01/2026;Ganho
001014;Empresa 1014 Ltda.;Florianópolis;Hugo Prado;R$ 118.493,65;90%;15/01/2026;Perdido
001015;Empresa 1015 Ltda.;Porto Alegre;Gabriela Lins;R$ 339.099,74;75%;16/01/2026;Qualificação
001016;Empresa 1016 Ltda.;Florianópolis;Elisa Moura;R$ 99.960,96;90%;17/01/2026;Ganho
001017;Empresa 1017 Ltda.;Curitiba;Hugo Prado;R$ 302.333,30;25%;18/01/2026;Negociação
001018;Empresa 1018 Ltda.;Belo Horizonte;Gabriela Lins;R$ 96.099,69;10%;19/01/2026;Proposta
001019;Empresa 1019 Ltda.;Belo Horizonte;Diego Fontes;R$ 408.673,77;90%;20/01/2026;Ganho
001020;Empresa 1020 Ltda.;Belo Horizonte;Ana Ribeiro;R$ 211.082,15;90%;21/01/2026;Proposta
001021;Empresa 1021 Ltda.;Belo Horizonte;Carla Menezes;R$ 349.811,93;90%;22/01/2026;Diagnóstico
001022;Empresa 1022 Ltda.;Goiânia;Hugo Prado;R$ 281.660,54;25%;23/01/2026;Ganho
001023;Empresa 1023 Ltda.;Goiânia;Elisa Moura;R$ 399.234,54;10%;24/01/2026;Diagnóstico
001024;Empresa 1024 Ltda.;Goiânia;Gabriela Lins;R$ 26.886,92;90%;25/01/2026;Perdido
001025;Empresa 1025 Ltda.;Recife;Ana Ribeiro;R$ 243.757,91;50%;26/01/2026;Ganho
001026;Empresa 1026 Ltda.;Goiânia;Gabriela Lins;R$ 153.145,40;50%;27/01/2026;Qualificação
001027;Empresa 1027 Ltda.;Curitiba;Bruno Takahashi;R$ 276.177,86;10%;28/01/2026;Diagnóstico
001028;Empresa 1028 Ltda.;Curitiba;Felipe Andrade;R$ 209.395,86;75%;29/01/2026;Diagnóstico
001029;Empresa 1029 Ltda.;Florianópolis;Hugo Prado;R$ 415.835,14;90%;30/01/2026;Proposta
001030;Empresa 1030 Ltda.;Goiânia;Ana Ribeiro;R$ 303.540,24;90%;31/01/2026;Ganho
001031;Empresa 1031 Ltda.;Belo Horizonte;Ana Ribeiro;R$ 435.354,34;50%;01/02/2026;Ganho
001032;Empresa 1032 Ltda.;Recife;Diego Fontes;R$ 421.447,45;90%;02/02/2026;Perdido
001033;Empresa 1033 Ltda.;Curitiba;Felipe Andrade;R$ 258.822,18;90%;03/02/2026;Negociação
001034;Empresa 1034 Ltda.;Florianópolis;Bruno Takahashi;R$ 186.622,78;50%;04/02/2026;Ganho
001035;Empresa 1035 Ltda.;Goiânia;Elisa Moura;R$ 362.558,94;10%;05/02/2026;Negociação
001036;Empresa 1036 Ltda.;São Paulo;Carla Menezes;R$ 310.813,95;10%;06/02/2026;Perdido
001037;Empresa 1037 Ltda.;São Paulo;Elisa Moura;R$ 301.550,69;90%;07/02/2026;Negociação
001038;Empresa 1038 Ltda.;São Paulo;Elisa Moura;R$ 115.608,56;90%;08/02/2026;Diagnóstico
001039;Empresa 1039 Ltda.;Curitiba;Gabriela Lins;R$ 236.504,83;10%;09/02/2026;Proposta
001040;Empresa 1040 Ltda.;Belo Horizonte;Hugo Prado;R$ 361.182,46;75%;10/02/2026;Ganho
001041;Empresa 1041 Ltda.;Goiânia;Gabriela Lins;R$ 83.108,29;75%;11/02/2026;Proposta
001042;Empresa 1042 Ltda.;Salvador;Elisa Moura;R$ 260.001,97;10%;12/02/2026;Qualificação
001043;Empresa 1043 Ltda.;Salvador;Ana Ribeiro;R$ 90.960,74;90%;13/02/2026;Perdido
001044;Empresa 1044 Ltda.;Florianópolis;Ana Ribeiro;R$ 207.878,44;25%;14/02/2026;Diagnóstico
001045;Empresa 1045 Ltda.;Belo Horizonte;Felipe Andrade;R$ 410.383,19;90%;15/02/2026;Perdido
001046;Empresa 1046 Ltda.;Salvador;Hugo Prado;R$ 125.434,23;75%;16/02/2026;Ganho
001047;Empresa 1047 Ltda.;Curitiba;Ana Ribeiro;R$ 287.195,07;25%;17/02/2026;Qualificação
001048;Empresa 1048 Ltda.;Salvador;Diego Fontes;R$ 342.170,53;75%;18/02/2026;Qualificação
001049;Empresa 1049 Ltda.;Florianópolis;Ana Ribeiro;R$ 123.886,20;75%;19/02/2026;Negociação
001050;Empresa 1050 Ltda.;Belo Horizonte;Hugo Prado;R$ 363.312,04;90%;20/02/2026;Qualificação
001051;Empresa 1051 Ltda.;Salvador;Diego Fontes;R$ 452.394,97;90%;21/02/2026;Qualificação
001052;Empresa 1052 Ltda.;Recife;Gabriela Lins;R$ 335.545,31;10%;22/02/2026;Perdido
001053;Empresa 1053 Ltda.;Belo Horizonte;Hugo Prado;R$ 411.604,70;25%;23/02/2026;Diagnóstico
001054;Empresa 1054 Ltda.;Belo Horizonte;Ana Ribeiro;R$ 126.193,96;50%;24/02/2026;Perdido
001055;Empresa 1055 Ltda.;Porto Alegre;Ana Ribeiro;R$ 270.020,63;10%;25/02/2026;Proposta
001056;Empresa 1056 Ltda.;Curitiba;Bruno Takahashi;R$ 177.647,79;90%;26/02/2026;Negociação
001057;Empresa 1057 Ltda.;Salvador;Elisa Moura;R$ 184.209,24;90%;27/02/2026;Negociação
001058;Empresa 1058 Ltda.;Goiânia;Hugo Prado;R$ 220.141,63;10%;28/02/2026;Qualificação
001059;Empresa 1059 Ltda.;Salvador;Carla Menezes;R$ 32.487,02;50%;01/03/2026;Qualificação
001060;Empresa 1060 Ltda.;Goiânia;Gabriela Lins;R$ 176.590,25;50%;02/03/2026;Diagnóstico
001061;Empresa 1061 Ltda.;Porto Alegre;Ana Ribeiro;R$ 284.654,39;10%;03/03/2026;Ganho
001062;Empresa 1062 Ltda.;Porto Alegre;Gabriela Lins;R$ 198.990,80;90%;04/03/2026;Ganho
001063;Empresa 1063 Ltda.;Florianópolis;Diego Fontes;R$ 151.686,89;25%;05/03/2026;Diagnóstico
001064;Empresa 1064 Ltda.;Florianópolis;Bruno Takahashi;R$ 411.516,81;10%;06/03/2026;Qualificação
001065;Empresa 1065 Ltda.;Belo Horizonte;Felipe Andrade;R$ 74.567,15;50%;07/03/2026;Perdido
001066;Empresa 1066 Ltda.;Belo Horizonte;Hugo Prado;R$ 29.439,95;75%;08/03/2026;Proposta
001067;Empresa 1067 Ltda.;Curitiba;Elisa Moura;R$ 286.799,81;75%;09/03/2026;Qualificação
001068;Empresa 1068 Ltda.;Salvador;Elisa Moura;R$ 157.791,18;90%;10/03/2026;Ganho
001069;Empresa 1069 Ltda.;Florianópolis;Hugo Prado;R$ 385.025,26;75%;11/03/2026;Diagnóstico
001070;Empresa 1070 Ltda.;Porto Alegre;Diego Fontes;R$ 109.200,82;75%;12/03/2026;Diagnóstico
001071;Empresa 1071 Ltda.;Salvador;Gabriela Lins;R$ 43.754,44;50%;13/03/2026;Perdido
001072;Empresa 1072 Ltda.;Salvador;Diego Fontes;R$ 115.094,64;90%;14/03/2026;Proposta
001073;Empresa 1073 Ltda.;Curitiba;Felipe Andrade;R$ 128.955,26;75%;15/03/2026;Ganho
001074;Empresa 1074 Ltda.;Belo Horizonte;Felipe Andrade;R$ 257.893,15;50%;16/03/2026;Negociação
001075;Empresa 1075 Ltda.;Salvador;Hugo Prado;R$ 140.890,68;50%;17/03/2026;Negociação
001076;Empresa 1076 Ltda.;Porto Alegre;Gabriela Lins;R$ 479.510,06;75%;18/03/2026;Proposta
001077;Empresa 1077 Ltda.;Florianópolis;Gabriela Lins;R$ 46.212,71;10%;19/03/2026;Diagnóstico
001078;Empresa 1078 Ltda.;Recife;Hugo Prado;R$ 478.521,12;75%;20/03/2026;Negociação
001079;Empresa 1079 Ltda.;Curitiba;Gabriela Lins;R$ 431.144,21;10%;21/03/2026;Proposta
001080;Empresa 1080 Ltda.;Salvador;Bruno Takahashi;R$ 80.368,45;25%;22/03/2026;Proposta
001081;Empresa 1081 Ltda.;Recife;Diego Fontes;R$ 445.256,97;25%;23/03/2026;Perdido
001082;Empresa 1082 Ltda.;Salvador;Elisa Moura;R$ 254.888,82;10%;24/03/2026;Perdido
001083;Empresa 1083 Ltda.;São Paulo;Elisa Moura;R$ 252.932,08;75%;25/03/2026;Negociação
001084;Empresa 1084 Ltda.;Belo Horizonte;Felipe Andrade;R$ 403.153,33;75%;26/03/2026;Negociação
001085;Empresa 1085 Ltda.;Belo Horizonte;Felipe Andrade;R$ 394.121,74;75%;27/03/2026;Perdido
001086;Empresa 1086 Ltda.;Florianópolis;Diego Fontes;R$ 32.482,07;90%;28/03/2026;Perdido
001087;Empresa 1087 Ltda.;Curitiba;Ana Ribeiro;R$ 184.939,65;10%;29/03/2026;Perdido
001088;Empresa 1088 Ltda.;Porto Alegre;Gabriela Lins;R$ 400.480,86;75%;30/03/2026;Diagnóstico
001089;Empresa 1089 Ltda.;Salvador;Diego Fontes;R$ 334.329,26;50%;31/03/2026;Ganho
001090;Empresa 1090 Ltda.;Porto Alegre;Hugo Prado;R$ 250.257,46;10%;01/04/2026;Proposta
001091;Empresa 1091 Ltda.;Recife;Elisa Moura;R$ 180.093,67;75%;02/04/2026;Proposta
001092;Empresa 1092 Ltda.;São Paulo;Diego Fontes;R$ 282.936,21;90%;03/04/2026;Negociação
001093;Empresa 1093 Ltda.;Porto Alegre;Carla Menezes;R$ 197.374,20;90%;04/04/2026;Ganho
001094;Empresa 1094 Ltda.;Porto Alegre;Bruno Takahashi;R$ 287.977,60;90%;05/04/2026;Perdido
001095;Empresa 1095 Ltda.;Curitiba;Felipe Andrade;R$ 451.606,05;25%;06/04/2026;Perdido
001096;Empresa 1096 Ltda.;Curitiba;Bruno Takahashi;R$ 273.653,03;10%;07/04/2026;Negociação
001097;Empresa 1097 Ltda.;Porto Alegre;Gabriela Lins;R$ 157.791,73;50%;08/04/2026;Qualificação
001098;Empresa 1098 Ltda.;Curitiba;Elisa Moura;R$ 287.130,95;10%;09/04/2026;Qualificação
001099;Empresa 1099 Ltda.;Curitiba;Diego Fontes;R$ 103.347,35;90%;10/04/2026;Qualificação
001100;Empresa 1100 Ltda.;Florianópolis;Diego Fontes;R$ 128.878,81;10%;11/04/2026;Ganho
001101;Empresa 1101 Ltda.;Goiânia;Hugo Prado;R$ 375.880,67;90%;12/04/2026;Proposta
001102;Empresa 1102 Ltda.;Curitiba;Ana Ribeiro;R$ 354.542,85;75%;13/04/2026;Qualificação
001103;Empresa 1103 Ltda.;Belo Horizonte;Hugo Prado;R$ 417.223,17;10%;14/04/2026;Ganho
001104;Empresa 1104 Ltda.;Salvador;Diego Fontes;R$ 47.447,58;25%;15/04/2026;Diagnóstico
001105;Empresa 1105 Ltda.;Salvador;Elisa Moura;R$ 240.001,63;50%;16/04/2026;Negociação
001106;Empresa 1106 Ltda.;Salvador;Diego Fontes;R$ 441.312,58;75%;17/04/2026;Negociação
001107;Empresa 1107 Ltda.;Porto Alegre;Ana Ribeiro;R$ 217.533,42;10%;18/04/2026;Proposta
001108;Empresa 1108 Ltda.;Porto Alegre;Ana Ribeiro;R$ 241.729,83;10%;19/04/2026;Ganho
001109;Empresa 1109 Ltda.;Curitiba;Carla Menezes;R$ 68.615,50;50%;20/04/2026;Perdido
001110;Empresa 1110 Ltda.;Florianópolis;Ana Ribeiro;R$ 304.381,51;10%;21/04/2026;Diagnóstico
001111;Empresa 1111 Ltda.;Recife;Bruno Takahashi;R$ 80.471,64;25%;22/04/2026;Proposta
001112;Empresa 1112 Ltda.;Belo Horizonte;Felipe Andrade;R$ 313.116,40;75%;23/04/2026;Proposta
001113;Empresa 1113 Ltda.;Recife;Diego Fontes;R$ 188.178,97;10%;24/04/2026;Diagnóstico
001114;Empresa 1114 Ltda.;Salvador;Hugo Prado;R$ 290.311,65;90%;25/04/2026;Perdido
001115;Empresa 1115 Ltda.;Florianópolis;Diego Fontes;R$ 268.867,78;50%;26/04/2026;Perdido
001116;Empresa 1116 Ltda.;Florianópolis;Bruno Takahashi;R$ 199.271,15;50%;27/04/2026;Ganho
001117;Empresa 1117 Ltda.;Curitiba;Ana Ribeiro;R$ 325.863,03;90%;28/04/2026;Diagnóstico
001118;Empresa 1118 Ltda.;Porto Alegre;Hugo Prado;R$ 51.299,60;10%;29/04/2026;Ganho
001119;Empresa 1119 Ltda.;Curitiba;Bruno Takahashi;R$ 225.373,49;50%;30/04/2026;Negociação
001120;Empresa 1120 Ltda.;Goiânia;Carla Menezes;R$ 450.741,63;50%;01/05/2026;Qualificação
001121;Empresa 1121 Ltda.;Goiânia;Elisa Moura;R$ 80.207,78;10%;02/05/2026;Qualificação
001122;Empresa 1122 Ltda.;Florianópolis;Hugo Prado;R$ 137.434,69;90%;03/05/2026;Perdido
001123;Empresa 1123 Ltda.;Belo Horizonte;Bruno Takahashi;R$ 360.884,45;10%;04/05/2026;Perdido
001124;Empresa 1124 Ltda.;Curitiba;Carla Menezes;R$ 45.661,69;90%;05/05/2026;Perdido
001125;Empresa 1125 Ltda.;Porto Alegre;Ana Ribeiro;R$ 255.826,78;25%;06/05/2026;Proposta
001126;Empresa 1126 Ltda.;Salvador;Gabriela Lins;R$ 32.132,65;50%;07/05/2026;Ganho
001127;Empresa 1127 Ltda.;São Paulo;Ana Ribeiro;R$ 310.877,96;50%;08/05/2026;Negociação
001128;Empresa 1128 Ltda.;Curitiba;Bruno Takahashi;R$ 77.151,17;75%;09/05/2026;Ganho
001129;Empresa 1129 Ltda.;São Paulo;Carla Menezes;R$ 350.155,27;75%;10/05/2026;Proposta
001130;Empresa 1130 Ltda.;Porto Alegre;Bruno Takahashi;R$ 38.746,19;75%;11/05/2026;Diagnóstico
001131;Empresa 1131 Ltda.;Goiânia;Felipe Andrade;R$ 199.224,78;75%;12/05/2026;Negociação
001132;Empresa 1132 Ltda.;Recife;Hugo Prado;R$ 45.636,23;50%;13/05/2026;Proposta
001133;Empresa 1133 Ltda.;São Paulo;Ana Ribeiro;R$ 374.371,63;25%;14/05/2026;Diagnóstico
001134;Empresa 1134 Ltda.;Goiânia;Ana Ribeiro;R$ 355.717,83;50%;15/05/2026;Negociação
001135;Empresa 1135 Ltda.;Porto Alegre;Carla Menezes;R$ 68.965,52;75%;16/05/2026;Negociação
001136;Empresa 1136 Ltda.;Recife;Diego Fontes;R$ 389.450,99;25%;17/05/2026;Perdido
001137;Empresa 1137 Ltda.;Salvador;Ana Ribeiro;R$ 233.157,39;25%;18/05/2026;Perdido
001138;Empresa 1138 Ltda.;Porto Alegre;Carla Menezes;R$ 325.432,83;90%;19/05/2026;Perdido
001139;Empresa 1139 Ltda.;Porto Alegre;Felipe Andrade;R$ 96.597,76;10%;20/05/2026;Proposta
001140;Empresa 1140 Ltda.;Recife;Hugo Prado;R$ 421.095,50;90%;21/05/2026;Proposta
001141;Empresa 1141 Ltda.;Recife;Carla Menezes;R$ 24.309,61;50%;22/05/2026;Diagnóstico
001142;Empresa 1142 Ltda.;São Paulo;Felipe Andrade;R$ 133.761,40;10%;23/05/2026;Proposta
001143;Empresa 1143 Ltda.;Recife;Carla Menezes;R$ 400.408,07;25%;24/05/2026;Proposta
001144;Empresa 1144 Ltda.;Goiânia;Bruno Takahashi;R$ 207.435,80;90%;25/05/2026;Ganho
001145;Empresa 1145 Ltda.;Recife;Felipe Andrade;R$ 367.466,73;90%;26/05/2026;Qualificação
001146;Empresa 1146 Ltda.;Porto Alegre;Diego Fontes;R$ 367.324,27;10%;27/05/2026;Perdido
001147;Empresa 1147 Ltda.;São Paulo;Hugo Prado;R$ 453.105,66;50%;28/05/2026;Proposta
001148;Empresa 1148 Ltda.;Porto Alegre;Felipe Andrade;R$ 371.307,42;10%;29/05/2026;Negociação
001149;Empresa 1149 Ltda.;Florianópolis;Elisa Moura;R$ 387.735,14;25%;30/05/2026;Ganho
001150;Empresa 1150 Ltda.;São Paulo;Hugo Prado;R$ 164.839,27;25%;31/05/2026;Perdido
001151;Empresa 1151 Ltda.;Recife;Carla Menezes;R$ 246.664,87;10%;01/06/2026;Diagnóstico
001152;Empresa 1152 Ltda.;Belo Horizonte;Gabriela Lins;R$ 445.030,71;50%;02/06/2026;Perdido
001153;Empresa 1153 Ltda.;São Paulo;Gabriela Lins;R$ 54.707,59;90%;03/06/2026;Diagnóstico
001154;Empresa 1154 Ltda.;Recife;Hugo Prado;R$ 50.916,88;50%;04/06/2026;Perdido
001155;Empresa 1155 Ltda.;Porto Alegre;Gabriela Lins;R$ 270.853,27;50%;05/06/2026;Proposta
001156;Empresa 1156 Ltda.;Curitiba;Gabriela Lins;R$ 369.187,69;90%;06/06/2026;Proposta
001157;Empresa 1157 Ltda.;Goiânia;Carla Menezes;R$ 194.820,04;25%;07/06/2026;Proposta
001158;Empresa 1158 Ltda.;Curitiba;Bruno Takahashi;R$ 411.431,39;75%;08/06/2026;Proposta
001159;Empresa 1159 Ltda.;Porto Alegre;Felipe Andrade;R$ 459.541,58;10%;09/06/2026;Negociação
001160;Empresa 1160 Ltda.;Belo Horizonte;Hugo Prado;R$ 31.216,28;25%;10/06/2026;Perdido
001161;Empresa 1161 Ltda.;Curitiba;Carla Menezes;R$ 106.514,52;90%;11/06/2026;Qualificação
001162;Empresa 1162 Ltda.;São Paulo;Carla Menezes;R$ 375.496,15;25%;12/06/2026;Perdido
001163;Empresa 1163 Ltda.;Porto Alegre;Ana Ribeiro;R$ 468.445,38;10%;13/06/2026;Qualificação
001164;Empresa 1164 Ltda.;Florianópolis;Ana Ribeiro;R$ 183.822,29;10%;14/06/2026;Ganho
001165;Empresa 1165 Ltda.;Florianópolis;Diego Fontes;R$ 19.950,77;75%;15/06/2026;Diagnóstico
001166;Empresa 1166 Ltda.;Curitiba;Elisa Moura;R$ 412.250,73;75%;16/06/2026;Negociação
001167;Empresa 1167 Ltda.;Recife;Elisa Moura;R$ 399.058,43;50%;17/06/2026;Perdido
001168;Empresa 1168 Ltda.;Curitiba;Gabriela Lins;R$ 150.104,98;90%;18/06/2026;Negociação
001169;Empresa 1169 Ltda.;São Paulo;Felipe Andrade;R$ 104.469,31;50%;19/06/2026;Diagnóstico
001170;Empresa 1170 Ltda.;Salvador;Carla Menezes;R$ 107.960,32;50%;20/06/2026;Proposta
001171;Empresa 1171 Ltda.;São Paulo;Carla Menezes;R$ 298.709,81;50%;21/06/2026;Diagnóstico
001172;Empresa 1172 Ltda.;São Paulo;Carla Menezes;R$ 133.967,13;25%;22/06/2026;Qualificação
001173;Empresa 1173 Ltda.;Recife;Hugo Prado;R$ 82.067,95;90%;23/06/2026;Proposta
001174;Empresa 1174 Ltda.;Salvador;Elisa Moura;R$ 108.646,33;25%;24/06/2026;Negociação
001175;Empresa 1175 Ltda.;Belo Horizonte;Ana Ribeiro;R$ 150.823,12;90%;25/06/2026;Proposta
001176;Empresa 1176 Ltda.;Curitiba;Ana Ribeiro;R$ 158.481,79;10%;26/06/2026;Perdido
001177;Empresa 1177 Ltda.;Florianópolis;Ana Ribeiro;R$ 197.398,68;50%;27/06/2026;Perdido
001178;Empresa 1178 Ltda.;Belo Horizonte;Bruno Takahashi;R$ 139.226,69;75%;28/06/2026;Qualificação
001179;Empresa 1179 Ltda.;Goiânia;Gabriela Lins;R$ 424.780,66;90%;29/06/2026;Perdido
001180;Empresa 1180 Ltda.;Salvador;Hugo Prado;R$ 479.118,21;75%;30/06/2026;Proposta
001181;Empresa 1181 Ltda.;Florianópolis;Felipe Andrade;R$ 432.308,06;75%;01/07/2026;Perdido
001182;Empresa 1182 Ltda.;São Paulo;Ana Ribeiro;R$ 32.372,72;75%;02/07/2026;Proposta
001183;Empresa 1183 Ltda.;São Paulo;Ana Ribeiro;R$ 115.292,62;50%;03/07/2026;Perdido
001184;Empresa 1184 Ltda.;Salvador;Gabriela Lins;R$ 395.505,23;50%;04/07/2026;Proposta
001185;Empresa 1185 Ltda.;Curitiba;Diego Fontes;R$ 64.042,12;75%;05/07/2026;Perdido
001186;Empresa 1186 Ltda.;Porto Alegre;Diego Fontes;R$ 78.014,18;90%;06/07/2026;Diagnóstico
001187;Empresa 1187 Ltda.;Belo Horizonte;Carla Menezes;R$ 249.825,75;75%;07/07/2026;Ganho
001188;Empresa 1188 Ltda.;Curitiba;Ana Ribeiro;R$ 261.545,71;90%;08/07/2026;Perdido
001189;Empresa 1189 Ltda.;Porto Alegre;Felipe Andrade;R$ 313.050,85;50%;09/07/2026;Qualificação
001190;Empresa 1190 Ltda.;Porto Alegre;Carla Menezes;R$ 339.053,57;10%;10/07/2026;Proposta
001191;Empresa 1191 Ltda.;Goiânia;Hugo Prado;R$ 473.374,25;75%;11/07/2026;Proposta
001192;Empresa 1192 Ltda.;Salvador;Ana Ribeiro;R$ 11.587,70;90%;12/07/2026;Perdido
001193;Empresa 1193 Ltda.;Curitiba;Felipe Andrade;R$ 320.664,37;90%;13/07/2026;Perdido
001194;Empresa 1194 Ltda.;São Paulo;Bruno Takahashi;R$ 387.354,70;90%;14/07/2026;Qualificação
001195;Empresa 1195 Ltda.;Florianópolis;Bruno Takahashi;R$ 458.232,35;50%;15/07/2026;Qualificação
001196;Empresa 1196 Ltda.;Goiânia;Carla Menezes;R$ 81.083,78;50%;16/07/2026;Ganho
001197;Empresa 1197 Ltda.;Salvador;Hugo Prado;R$ 467.500,48;10%;17/07/2026;Ganho
001198;Empresa 1198 Ltda.;Curitiba;Carla Menezes;R$ 242.560,41;10%;18/07/2026;Perdido
001199;Empresa 1199 Ltda.;Recife;Diego Fontes;R$ 145.463,23;50%;19/07/2026;Qualificação
001200;Empresa 1200 Ltda.;Goiânia;Hugo Prado;R$ 17.137,97;50%;20/07/2026;Negociação
001201;Empresa 1201 Ltda.;Salvador;Bruno Takahashi;R$ 437.593,92;75%;21/07/2026;Qualificação
001202;Empresa 1202 Ltda.;Porto Alegre;Bruno Takahashi;R$ 363.507,54;25%;22/07/2026;Perdido
001203;Empresa 1203 Ltda.;Goiânia;Gabriela Lins;R$ 410.697,54;25%;23/07/2026;Perdido
001204;Empresa 1204 Ltda.;Porto Alegre;Ana Ribeiro;R$ 385.804,01;25%;24/07/2026;Ganho
001205;Empresa 1205 Ltda.;Porto Alegre;Elisa Moura;R$ 73.213,33;90%;25/07/2026;Diagnóstico
001206;Empresa 1206 Ltda.;São Paulo;Gabriela Lins;R$ 307.710,26;75%;26/07/2026;Ganho
001207;Empresa 1207 Ltda.;Recife;Elisa Moura;R$ 217.525,34;25%;27/07/2026;Negociação
001208;Empresa 1208 Ltda.;São Paulo;Felipe Andrade;R$ 327.544,38;50%;28/07/2026;Proposta
001209;Empresa 1209 Ltda.;Florianópolis;Carla Menezes;R$ 387.754,78;90%;29/07/2026;Negociação
001210;Empresa 1210 Ltda.;Curitiba;Bruno Takahashi;R$ 426.697,35;25%;30/07/2026;Diagnóstico
001211;Empresa 1211 Ltda.;Recife;Felipe Andrade;R$ 349.445,22;90%;31/07/2026;Diagnóstico
001212;Empresa 1212 Ltda.;Recife;Diego Fontes;R$ 30.199,06;75%;01/08/2026;Proposta
001213;Empresa 1213 Ltda.;Salvador;Elisa Moura;R$ 94.003,38;90%;02/08/2026;Perdido
001214;Empresa 1214 Ltda.;Salvador;Carla Menezes;R$ 254.137,55;25%;03/08/2026;Proposta
001215;Empresa 1215 Ltda.;Recife;Gabriela Lins;R$ 24.140,02;90%;04/08/2026;Perdido
001216;Empresa 1216 Ltda.;Goiânia;Diego Fontes;R$ 428.774,47;25%;05/08/2026;Negociação
001217;Empresa 1217 Ltda.;Curitiba;Elisa Moura;R$ 314.158,73;25%;06/08/2026;Perdido
001218;Empresa 1218 Ltda.;São Paulo;Elisa Moura;R$ 174.724,61;25%;07/08/2026;Perdido
001219;Empresa 1219 Ltda.;São Paulo;Bruno Takahashi;R$ 390.074,20;90%;08/08/2026;Diagnóstico
001220;Empresa 1220 Ltda.;São Paulo;Carla Menezes;R$ 427.054,01;75%;09/08/2026;Ganho
001221;Empresa 1221 Ltda.;Florianópolis;Hugo Prado;R$ 252.856,70;10%;10/08/2026;Ganho
001222;Empresa 1222 Ltda.;Goiânia;Hugo Prado;R$ 253.766,99;50%;11/08/2026;Diagnóstico
001223;Empresa 1223 Ltda.;São Paulo;Diego Fontes;R$ 35.969,61;25%;12/08/2026;Qualificação
001224;Empresa 1224 Ltda.;São Paulo;Gabriela Lins;R$ 133.505,62;75%;13/08/2026;Proposta
001225;Empresa 1225 Ltda.;Recife;Diego Fontes;R$ 394.467,96;75%;14/08/2026;Ganho
001226;Empresa 1226 Ltda.;Curitiba;Ana Ribeiro;R$ 195.443,42;90%;15/08/2026;Negociação
001227;Empresa 1227 Ltda.;São Paulo;Bruno Takahashi;R$ 203.644,59;50%;16/08/2026;Qualificação
001228;Empresa 1228 Ltda.;Goiânia;Carla Menezes;R$ 296.538,99;75%;17/08/2026;Qualificação
001229;Empresa 1229 Ltda.;Belo Horizonte;Ana Ribeiro;R$ 400.492,63;50%;18/08/2026;Ganho
001230;Empresa 1230 Ltda.;Belo Horizonte;Gabriela Lins;R$ 400.926,20;50%;19/08/2026;Diagnóstico
001231;Empresa 1231 Ltda.;Florianópolis;Bruno Takahashi;R$ 138.374,34;75%;20/08/2026;Negociação
001232;Empresa 1232 Ltda.;São Paulo;Felipe Andrade;R$ 403.379,46;90%;21/08/2026;Negociação
001233;Empresa 1233 Ltda.;Salvador;Gabriela Lins;R$ 320.665,74;50%;22/08/2026;Ganho
001234;Empresa 1234 Ltda.;Florianópolis;Hugo Prado;R$ 62.091,77;75%;23/08/2026;Negociação
001235;Empresa 1235 Ltda.;Florianópolis;Hugo Prado;R$ 473.272,40;10%;24/08/2026;Perdido
001236;Empresa 1236 Ltda.;São Paulo;Hugo Prado;R$ 142.839,44;25%;25/08/2026;Negociação
001237;Empresa 1237 Ltda.;Belo Horizonte;Carla Menezes;R$ 197.287,78;75%;26/08/2026;Qualificação
001238;Empresa 1238 Ltda.;Salvador;Gabriela Lins;R$ 253.270,67;10%;27/08/2026;Proposta
001239;Empresa 1239 Ltda.;São Paulo;Bruno Takahashi;R$ 182.683,89;50%;28/08/2026;Qualificação
001240;Empresa 1240 Ltda.;Florianópolis;Elisa Moura;R$ 248.117,95;75%;29/08/2026;Diagnóstico
001241;Empresa 1241 Ltda.;Florianópolis;Ana Ribeiro;R$ 300.886,12;50%;30/08/2026;Negociação
001242;Empresa 1242 Ltda.;Curitiba;Carla Menezes;R$ 11.051,80;75%;31/08/2026;Ganho
001243;Empresa 1243 Ltda.;Belo Horizonte;Carla Menezes;R$ 396.605,20;10%;01/09/2026;Ganho
001244;Empresa 1244 Ltda.;Florianópolis;Ana Ribeiro;R$ 234.783,92;50%;02/09/2026;Negociação
001245;Empresa 1245 Ltda.;Curitiba;Hugo Prado;R$ 160.859,17;90%;03/09/2026;Qualificação
001246;Empresa 1246 Ltda.;Recife;Gabriela Lins;R$ 428.236,50;50%;04/09/2026;Diagnóstico
001247;Empresa 1247 Ltda.;Porto Alegre;Ana Ribeiro;R$ 371.344,86;90%;05/09/2026;Ganho
001248;Empresa 1248 Ltda.;Recife;Carla Menezes;R$ 213.116,24;10%;06/09/2026;Proposta
001249;Empresa 1249 Ltda.;Curitiba;Hugo Prado;R$ 441.099,17;90%;07/09/2026;Ganho
001250;Empresa 1250 Ltda.;Goiânia;Elisa Moura;R$ 443.820,28;10%;08/09/2026;Ganho
001251;Empresa 1251 Ltda.;Curitiba;Ana Ribeiro;R$ 172.828,60;25%;02/01/2026;Ganho
001252;Empresa 1252 Ltda.;Salvador;Carla Menezes;R$ 380.103,95;50%;03/01/2026;Negociação
001253;Empresa 1253 Ltda.;Porto Alegre;Hugo Prado;R$ 59.297,51;50%;04/01/2026;Perdido
001254;Empresa 1254 Ltda.;Goiânia;Elisa Moura;R$ 153.728,26;50%;05/01/2026;Perdido
001255;Empresa 1255 Ltda.;Curitiba;Gabriela Lins;R$ 46.584,95;10%;06/01/2026;Ganho
001256;Empresa 1256 Ltda.;Curitiba;Gabriela Lins;R$ 19.787,10;10%;07/01/2026;Negociação
001257;Empresa 1257 Ltda.;São Paulo;Gabriela Lins;R$ 191.424,78;10%;08/01/2026;Negociação
001258;Empresa 1258 Ltda.;Porto Alegre;Bruno Takahashi;R$ 92.171,91;50%;09/01/2026;Diagnóstico
001259;Empresa 1259 Ltda.;Recife;Felipe Andrade;R$ 417.692,38;50%;10/01/2026;Negociação
001260;Empresa 1260 Ltda.;Goiânia;Bruno Takahashi;R$ 390.107,69;25%;11/01/2026;Perdido
001261;Empresa 1261 Ltda.;São Paulo;Elisa Moura;R$ 413.993,76;90%;12/01/2026;Ganho
001262;Empresa 1262 Ltda.;Recife;Gabriela Lins;R$ 376.925,59;10%;13/01/2026;Diagnóstico
001263;Empresa 1263 Ltda.;Porto Alegre;Elisa Moura;R$ 470.484,49;90%;14/01/2026;Negociação
001264;Empresa 1264 Ltda.;Salvador;Ana Ribeiro;R$ 55.675,20;75%;15/01/2026;Negociação
001265;Empresa 1265 Ltda.;Goiânia;Gabriela Lins;R$ 55.401,24;90%;16/01/2026;Qualificação
001266;Empresa 1266 Ltda.;Belo Horizonte;Gabriela Lins;R$ 130.688,63;90%;17/01/2026;Negociação
001267;Empresa 1267 Ltda.;Goiânia;Bruno Takahashi;R$ 479.618,74;25%;18/01/2026;Negociação
001268;Empresa 1268 Ltda.;Goiânia;Bruno Takahashi;R$ 150.045,93;25%;19/01/2026;Proposta
001269;Empresa 1269 Ltda.;Porto Alegre;Elisa Moura;R$ 34.914,04;10%;20/01/2026;Negociação
001270;Empresa 1270 Ltda.;Porto Alegre;Felipe Andrade;R$ 43.931,03;75%;21/01/2026;Negociação
001271;Empresa 1271 Ltda.;Recife;Diego Fontes;R$ 8.031,25;90%;22/01/2026;Qualificação
001272;Empresa 1272 Ltda.;Recife;Felipe Andrade;R$ 311.382,21;90%;23/01/2026;Negociação
001273;Empresa 1273 Ltda.;Porto Alegre;Ana Ribeiro;R$ 43.461,37;25%;24/01/2026;Diagnóstico
001274;Empresa 1274 Ltda.;Salvador;Diego Fontes;R$ 438.139,69;10%;25/01/2026;Perdido
001275;Empresa 1275 Ltda.;Recife;Hugo Prado;R$ 427.089,38;10%;26/01/2026;Proposta
001276;Empresa 1276 Ltda.;Goiânia;Felipe Andrade;R$ 322.846,88;90%;27/01/2026;Perdido
001277;Empresa 1277 Ltda.;Recife;Hugo Prado;R$ 70.063,78;75%;28/01/2026;Qualificação
001278;Empresa 1278 Ltda.;Recife;Gabriela Lins;R$ 135.957,21;10%;29/01/2026;Negociação
001279;Empresa 1279 Ltda.;Recife;Gabriela Lins;R$ 303.712,09;75%;30/01/2026;Ganho
001280;Empresa 1280 Ltda.;São Paulo;Hugo Prado;R$ 258.550,63;10%;31/01/2026;Perdido
001281;Empresa 1281 Ltda.;Belo Horizonte;Diego Fontes;R$ 151.344,05;50%;01/02/2026;Qualificação
001282;Empresa 1282 Ltda.;Goiânia;Carla Menezes;R$ 167.434,44;10%;02/02/2026;Diagnóstico
001283;Empresa 1283 Ltda.;Goiânia;Felipe Andrade;R$ 302.780,69;90%;03/02/2026;Perdido
001284;Empresa 1284 Ltda.;Recife;Diego Fontes;R$ 475.975,20;90%;04/02/2026;Negociação
001285;Empresa 1285 Ltda.;Salvador;Gabriela Lins;R$ 427.738,63;10%;05/02/2026;Qualificação
001286;Empresa 1286 Ltda.;Florianópolis;Felipe Andrade;R$ 430.926,59;90%;06/02/2026;Perdido
001287;Empresa 1287 Ltda.;Porto Alegre;Elisa Moura;R$ 373.238,40;10%;07/02/2026;Ganho
001288;Empresa 1288 Ltda.;Belo Horizonte;Felipe Andrade;R$ 74.524,77;75%;08/02/2026;Proposta
001289;Empresa 1289 Ltda.;Porto Alegre;Hugo Prado;R$ 307.159,61;50%;09/02/2026;Perdido
001290;Empresa 1290 Ltda.;São Paulo;Ana Ribeiro;R$ 400.341,94;25%;10/02/2026;Qualificação
001291;Empresa 1291 Ltda.;Salvador;Felipe Andrade;R$ 17.015,57;75%;11/02/2026;Perdido
001292;Empresa 1292 Ltda.;São Paulo;Ana Ribeiro;R$ 204.293,57;90%;12/02/2026;Proposta
001293;Empresa 1293 Ltda.;Recife;Ana Ribeiro;R$ 49.277,71;75%;13/02/2026;Qualificação
001294;Empresa 1294 Ltda.;Curitiba;Felipe Andrade;R$ 211.658,08;75%;14/02/2026;Qualificação
001295;Empresa 1295 Ltda.;Goiânia;Carla Menezes;R$ 183.952,25;50%;15/02/2026;Qualificação
001296;Empresa 1296 Ltda.;Curitiba;Carla Menezes;R$ 388.262,87;75%;16/02/2026;Qualificação
001297;Empresa 1297 Ltda.;Salvador;Bruno Takahashi;R$ 440.349,24;25%;17/02/2026;Ganho
001298;Empresa 1298 Ltda.;Curitiba;Diego Fontes;R$ 278.402,66;50%;18/02/2026;Qualificação
001299;Empresa 1299 Ltda.;Recife;Carla Menezes;R$ 360.482,28;75%;19/02/2026;Diagnóstico
001300;Empresa 1300 Ltda.;Florianópolis;Bruno Takahashi;R$ 240.260,97;25%;20/02/2026;Ganho
001301;Empresa 1301 Ltda.;Recife;Hugo Prado;R$ 213.384,43;50%;21/02/2026;Perdido
001302;Empresa 1302 Ltda.;Salvador;Ana Ribeiro;R$ 119.204,32;10%;22/02/2026;Ganho
001303;Empresa 1303 Ltda.;Belo Horizonte;Hugo Prado;R$ 22.467,92;50%;23/02/2026;Ganho
001304;Empresa 1304 Ltda.;Salvador;Bruno Takahashi;R$ 242.956,49;25%;24/02/2026;Qualificação
001305;Empresa 1305 Ltda.;São Paulo;Gabriela Lins;R$ 477.040,02;10%;25/02/2026;Perdido
001306;Empresa 1306 Ltda.;Salvador;Bruno Takahashi;R$ 441.184,72;10%;26/02/2026;Ganho
001307;Empresa 1307 Ltda.;Florianópolis;Ana Ribeiro;R$ 268.940,02;90%;27/02/2026;Proposta
001308;Empresa 1308 Ltda.;Belo Horizonte;Felipe Andrade;R$ 123.578,56;25%;28/02/2026;Qualificação
001309;Empresa 1309 Ltda.;Curitiba;Elisa Moura;R$ 133.705,77;75%;01/03/2026;Perdido
001310;Empresa 1310 Ltda.;Recife;Felipe Andrade;R$ 409.386,07;50%;02/03/2026;Qualificação
001311;Empresa 1311 Ltda.;Recife;Felipe Andrade;R$ 203.952,99;25%;03/03/2026;Perdido
001312;Empresa 1312 Ltda.;Recife;Bruno Takahashi;R$ 245.046,66;90%;04/03/2026;Perdido
001313;Empresa 1313 Ltda.;Curitiba;Ana Ribeiro;R$ 462.323,15;90%;05/03/2026;Proposta
001314;Empresa 1314 Ltda.;Salvador;Ana Ribeiro;R$ 216.905,46;50%;06/03/2026;Proposta
001315;Empresa 1315 Ltda.;Goiânia;Felipe Andrade;R$ 252.686,92;75%;07/03/2026;Negociação
001316;Empresa 1316 Ltda.;São Paulo;Elisa Moura;R$ 463.374,44;10%;08/03/2026;Diagnóstico
001317;Empresa 1317 Ltda.;Porto Alegre;Ana Ribeiro;R$ 158.292,30;75%;09/03/2026;Proposta
001318;Empresa 1318 Ltda.;Salvador;Elisa Moura;R$ 313.389,60;75%;10/03/2026;Qualificação
001319;Empresa 1319 Ltda.;São Paulo;Gabriela Lins;R$ 242.030,05;50%;11/03/2026;Ganho
001320;Empresa 1320 Ltda.;Salvador;Hugo Prado;R$ 335.788,04;50%;12/03/2026;Negociação
001321;Empresa 1321 Ltda.;Goiânia;Ana Ribeiro;R$ 238.801,10;90%;13/03/2026;Ganho
001322;Empresa 1322 Ltda.;Goiânia;Gabriela Lins;R$ 181.303,63;25%;14/03/2026;Perdido
001323;Empresa 1323 Ltda.;Goiânia;Bruno Takahashi;R$ 275.061,72;10%;15/03/2026;Proposta
001324;Empresa 1324 Ltda.;Goiânia;Gabriela Lins;R$ 468.384,83;50%;16/03/2026;Perdido
001325;Empresa 1325 Ltda.;Goiânia;Ana Ribeiro;R$ 437.959,52;25%;17/03/2026;Ganho
001326;Empresa 1326 Ltda.;Goiânia;Gabriela Lins;R$ 88.437,69;25%;18/03/2026;Qualificação
001327;Empresa 1327 Ltda.;São Paulo;Felipe Andrade;R$ 324.649,10;90%;19/03/2026;Negociação
001328;Empresa 1328 Ltda.;São Paulo;Diego Fontes;R$ 161.619,08;90%;20/03/2026;Negociação
001329;Empresa 1329 Ltda.;Porto Alegre;Diego Fontes;R$ 192.231,24;75%;21/03/2026;Ganho
001330;Empresa 1330 Ltda.;Curitiba;Bruno Takahashi;R$ 451.209,82;10%;22/03/2026;Diagnóstico
001331;Empresa 1331 Ltda.;Salvador;Ana Ribeiro;R$ 401.613,34;75%;23/03/2026;Proposta
001332;Empresa 1332 Ltda.;Porto Alegre;Hugo Prado;R$ 214.707,79;50%;24/03/2026;Ganho
001333;Empresa 1333 Ltda.;Recife;Gabriela Lins;R$ 471.103,12;50%;25/03/2026;Negociação
001334;Empresa 1334 Ltda.;Recife;Bruno Takahashi;R$ 258.030,03;90%;26/03/2026;Qualificação
001335;Empresa 1335 Ltda.;Florianópolis;Carla Menezes;R$ 415.508,09;25%;27/03/2026;Negociação
001336;Empresa 1336 Ltda.;Curitiba;Gabriela Lins;R$ 68.342,70;75%;28/03/2026;Perdido
001337;Empresa 1337 Ltda.;Curitiba;Felipe Andrade;R$ 444.377,31;75%;29/03/2026;Negociação
001338;Empresa 1338 Ltda.;Belo Horizonte;Gabriela Lins;R$ 109.196,66;25%;30/03/2026;Negociação
001339;Empresa 1339 Ltda.;Porto Alegre;Carla Menezes;R$ 396.820,14;90%;31/03/2026;Negociação
001340;Empresa 1340 Ltda.;Salvador;Bruno Takahashi;R$ 373.289,22;50%;01/04/2026;Perdido
001341;Empresa 1341 Ltda.;Goiânia;Ana Ribeiro;R$ 399.097,61;75%;02/04/2026;Proposta
001342;Empresa 1342 Ltda.;Porto Alegre;Elisa Moura;R$ 248.783,17;75%;03/04/2026;Negociação
001343;Empresa 1343 Ltda.;São Paulo;Diego Fontes;R$ 425.138,16;90%;04/04/2026;Negociação
001344;Empresa 1344 Ltda.;Curitiba;Hugo Prado;R$ 248.860,60;10%;05/04/2026;Diagnóstico
001345;Empresa 1345 Ltda.;Goiânia;Gabriela Lins;R$ 170.781,68;75%;06/04/2026;Diagnóstico
001346;Empresa 1346 Ltda.;Curitiba;Hugo Prado;R$ 402.443,87;50%;07/04/2026;Diagnóstico
001347;Empresa 1347 Ltda.;São Paulo;Gabriela Lins;R$ 337.867,13;50%;08/04/2026;Ganho
001348;Empresa 1348 Ltda.;Porto Alegre;Ana Ribeiro;R$ 108.827,03;90%;09/04/2026;Proposta
001349;Empresa 1349 Ltda.;Salvador;Carla Menezes;R$ 230.370,50;10%;10/04/2026;Diagnóstico
001350;Empresa 1350 Ltda.;Salvador;Ana Ribeiro;R$ 311.663,62;25%;11/04/2026;Ganho
001351;Empresa 1351 Ltda.;Belo Horizonte;Bruno Takahashi;R$ 428.915,14;75%;12/04/2026;Perdido
001352;Empresa 1352 Ltda.;São Paulo;Felipe Andrade;R$ 301.024,28;75%;13/04/2026;Proposta
001353;Empresa 1353 Ltda.;Curitiba;Elisa Moura;R$ 337.186,06;90%;14/04/2026;Negociação
001354;Empresa 1354 Ltda.;Recife;Hugo Prado;R$ 441.272,26;10%;15/04/2026;Diagnóstico
001355;Empresa 1355 Ltda.;Recife;Diego Fontes;R$ 162.425,51;90%;16/04/2026;Ganho
001356;Empresa 1356 Ltda.;Florianópolis;Elisa Moura;R$ 156.794,72;50%;17/04/2026;Perdido
001357;Empresa 1357 Ltda.;Goiânia;Carla Menezes;R$ 248.480,78;75%;18/04/2026;Ganho
001358;Empresa 1358 Ltda.;Recife;Hugo Prado;R$ 61.746,01;90%;19/04/2026;Qualificação
001359;Empresa 1359 Ltda.;São Paulo;Felipe Andrade;R$ 174.137,11;10%;20/04/2026;Ganho
001360;Empresa 1360 Ltda.;Porto Alegre;Gabriela Lins;R$ 245.202,51;50%;21/04/2026;Negociação
001361;Empresa 1361 Ltda.;Goiânia;Elisa Moura;R$ 431.889,96;50%;22/04/2026;Perdido
001362;Empresa 1362 Ltda.;Porto Alegre;Ana Ribeiro;R$ 210.482,32;90%;23/04/2026;Proposta
001363;Empresa 1363 Ltda.;Belo Horizonte;Diego Fontes;R$ 226.463,93;75%;24/04/2026;Negociação
001364;Empresa 1364 Ltda.;Belo Horizonte;Diego Fontes;R$ 115.265,84;25%;25/04/2026;Qualificação
001365;Empresa 1365 Ltda.;Porto Alegre;Elisa Moura;R$ 354.649,80;25%;26/04/2026;Perdido
001366;Empresa 1366 Ltda.;Porto Alegre;Gabriela Lins;R$ 460.968,13;75%;27/04/2026;Perdido
001367;Empresa 1367 Ltda.;Curitiba;Gabriela Lins;R$ 261.925,20;10%;28/04/2026;Proposta
001368;Empresa 1368 Ltda.;Florianópolis;Gabriela Lins;R$ 160.675,12;25%;29/04/2026;Perdido
001369;Empresa 1369 Ltda.;Porto Alegre;Felipe Andrade;R$ 370.197,30;90%;30/04/2026;Diagnóstico
001370;Empresa 1370 Ltda.;Porto Alegre;Carla Menezes;R$ 448.994,27;75%;01/05/2026;Proposta
001371;Empresa 1371 Ltda.;Salvador;Elisa Moura;R$ 168.824,10;50%;02/05/2026;Diagnóstico
001372;Empresa 1372 Ltda.;Florianópolis;Felipe Andrade;R$ 416.869,58;25%;03/05/2026;Diagnóstico
001373;Empresa 1373 Ltda.;São Paulo;Elisa Moura;R$ 162.513,16;10%;04/05/2026;Negociação
001374;Empresa 1374 Ltda.;Belo Horizonte;Hugo Prado;R$ 83.068,82;25%;05/05/2026;Negociação
001375;Empresa 1375 Ltda.;Porto Alegre;Gabriela Lins;R$ 346.266,13;75%;06/05/2026;Proposta
001376;Empresa 1376 Ltda.;Goiânia;Elisa Moura;R$ 324.423,08;90%;07/05/2026;Perdido
001377;Empresa 1377 Ltda.;Porto Alegre;Elisa Moura;R$ 389.309,51;25%;08/05/2026;Negociação
001378;Empresa 1378 Ltda.;São Paulo;Diego Fontes;R$ 442.094,00;90%;09/05/2026;Qualificação
001379;Empresa 1379 Ltda.;Florianópolis;Felipe Andrade;R$ 247.050,73;50%;10/05/2026;Ganho
001380;Empresa 1380 Ltda.;São Paulo;Carla Menezes;R$ 379.154,23;75%;11/05/2026;Ganho
001381;Empresa 1381 Ltda.;Recife;Elisa Moura;R$ 59.912,79;25%;12/05/2026;Ganho
001382;Empresa 1382 Ltda.;Belo Horizonte;Elisa Moura;R$ 308.223,83;10%;13/05/2026;Negociação
001383;Empresa 1383 Ltda.;São Paulo;Bruno Takahashi;R$ 112.146,95;25%;14/05/2026;Qualificação
001384;Empresa 1384 Ltda.;Goiânia;Felipe Andrade;R$ 40.367,25;50%;15/05/2026;Ganho
001385;Empresa 1385 Ltda.;São Paulo;Hugo Prado;R$ 183.026,69;10%;16/05/2026;Diagnóstico
001386;Empresa 1386 Ltda.;Goiânia;Felipe Andrade;R$ 206.312,44;25%;17/05/2026;Qualificação
001387;Empresa 1387 Ltda.;Curitiba;Elisa Moura;R$ 134.449,60;75%;18/05/2026;Proposta
001388;Empresa 1388 Ltda.;Salvador;Felipe Andrade;R$ 345.380,30;50%;19/05/2026;Qualificação
001389;Empresa 1389 Ltda.;Goiânia;Hugo Prado;R$ 473.571,17;75%;20/05/2026;Perdido
001390;Empresa 1390 Ltda.;Curitiba;Elisa Moura;R$ 228.851,10;10%;21/05/2026;Perdido
001391;Empresa 1391 Ltda.;Porto Alegre;Hugo Prado;R$ 400.072,40;50%;22/05/2026;Ganho
001392;Empresa 1392 Ltda.;Curitiba;Bruno Takahashi;R$ 453.318,19;10%;23/05/2026;Qualificação
001393;Empresa 1393 Ltda.;Porto Alegre;Elisa Moura;R$ 133.041,74;25%;24/05/2026;Ganho
001394;Empresa 1394 Ltda.;Goiânia;Bruno Takahashi;R$ 425.639,75;90%;25/05/2026;Perdido
001395;Empresa 1395 Ltda.;Goiânia;Hugo Prado;R$ 156.116,58;75%;26/05/2026;Qualificação
001396;Empresa 1396 Ltda.;Curitiba;Gabriela Lins;R$ 179.017,16;50%;27/05/2026;Qualificação
001397;Empresa 1397 Ltda.;São Paulo;Gabriela Lins;R$ 304.448,33;75%;28/05/2026;Negociação
001398;Empresa 1398 Ltda.;Porto Alegre;Felipe Andrade;R$ 344.089,98;25%;29/05/2026;Perdido
001399;Empresa 1399 Ltda.;Recife;Bruno Takahashi;R$ 209.422,81;50%;30/05/2026;Ganho
001400;Empresa 1400 Ltda.;Curitiba;Hugo Prado;R$ 211.160,08;25%;31/05/2026;Proposta
001401;Empresa 1401 Ltda.;Salvador;Ana Ribeiro;R$ 232.127,22;10%;01/06/2026;Qualificação
001402;Empresa 1402 Ltda.;Recife;Diego Fontes;R$ 394.298,97;50%;02/06/2026;Proposta
001403;Empresa 1403 Ltda.;Recife;Carla Menezes;R$ 177.972,58;25%;03/06/2026;Qualificação
001404;Empresa 1404 Ltda.;São Paulo;Gabriela Lins;R$ 121.465,78;50%;04/06/2026;Perdido
001405;Empresa 1405 Ltda.;Belo Horizonte;Hugo Prado;R$ 186.915,40;10%;05/06/2026;Perdido
001406;Empresa 1406 Ltda.;São Paulo;Bruno Takahashi;R$ 371.514,43;90%;06/06/2026;Proposta
001407;Empresa 1407 Ltda.;Florianópolis;Elisa Moura;R$ 233.922,51;50%;07/06/2026;Ganho
001408;Empresa 1408 Ltda.;Salvador;Gabriela Lins;R$ 124.541,47;50%;08/06/2026;Perdido
001409;Empresa 1409 Ltda.;Salvador;Diego Fontes;R$ 109.593,20;50%;09/06/2026;Ganho
001410;Empresa 1410 Ltda.;Curitiba;Carla Menezes;R$ 259.701,78;75%;10/06/2026;Proposta
001411;Empresa 1411 Ltda.;Recife;Carla Menezes;R$ 406.392,60;75%;11/06/2026;Negociação
001412;Empresa 1412 Ltda.;Florianópolis;Elisa Moura;R$ 131.318,64;50%;12/06/2026;Diagnóstico
001413;Empresa 1413 Ltda.;Recife;Felipe Andrade;R$ 198.040,50;90%;13/06/2026;Negociação
001414;Empresa 1414 Ltda.;Goiânia;Elisa Moura;R$ 17.547,19;10%;14/06/2026;Negociação
001415;Empresa 1415 Ltda.;São Paulo;Carla Menezes;R$ 447.754,08;25%;15/06/2026;Diagnóstico
001416;Empresa 1416 Ltda.;Porto Alegre;Gabriela Lins;R$ 341.364,31;90%;16/06/2026;Diagnóstico
001417;Empresa 1417 Ltda.;Curitiba;Gabriela Lins;R$ 449.306,23;50%;17/06/2026;Proposta
001418;Empresa 1418 Ltda.;Belo Horizonte;Ana Ribeiro;R$ 167.331,27;50%;18/06/2026;Qualificação
001419;Empresa 1419 Ltda.;Florianópolis;Diego Fontes;R$ 83.565,79;25%;19/06/2026;Negociação
001420;Empresa 1420 Ltda.;São Paulo;Ana Ribeiro;R$ 317.464,42;25%;20/06/2026;Diagnóstico
001421;Empresa 1421 Ltda.;Belo Horizonte;Felipe Andrade;R$ 108.083,31;90%;21/06/2026;Qualificação
001422;Empresa 1422 Ltda.;Recife;Hugo Prado;R$ 241.910,49;90%;22/06/2026;Perdido
001423;Empresa 1423 Ltda.;Florianópolis;Elisa Moura;R$ 92.149,21;25%;23/06/2026;Proposta
001424;Empresa 1424 Ltda.;Belo Horizonte;Ana Ribeiro;R$ 164.194,55;50%;24/06/2026;Proposta
001425;Empresa 1425 Ltda.;São Paulo;Carla Menezes;R$ 266.751,12;50%;25/06/2026;Ganho
001426;Empresa 1426 Ltda.;São Paulo;Ana Ribeiro;R$ 327.217,99;75%;26/06/2026;Ganho
001427;Empresa 1427 Ltda.;Curitiba;Elisa Moura;R$ 408.899,88;50%;27/06/2026;Qualificação
001428;Empresa 1428 Ltda.;Porto Alegre;Felipe Andrade;R$ 426.762,42;25%;28/06/2026;Perdido
001429;Empresa 1429 Ltda.;Belo Horizonte;Diego Fontes;R$ 9.803,39;75%;29/06/2026;Diagnóstico
001430;Empresa 1430 Ltda.;Goiânia;Elisa Moura;R$ 69.642,07;90%;30/06/2026;Ganho
001431;Empresa 1431 Ltda.;Belo Horizonte;Felipe Andrade;R$ 221.145,41;90%;01/07/2026;Proposta
001432;Empresa 1432 Ltda.;São Paulo;Diego Fontes;R$ 348.416,38;25%;02/07/2026;Negociação
001433;Empresa 1433 Ltda.;São Paulo;Hugo Prado;R$ 208.797,79;50%;03/07/2026;Proposta
001434;Empresa 1434 Ltda.;Salvador;Gabriela Lins;R$ 23.741,21;90%;04/07/2026;Ganho
001435;Empresa 1435 Ltda.;Porto Alegre;Carla Menezes;R$ 51.959,29;50%;05/07/2026;Ganho
001436;Empresa 1436 Ltda.;Curitiba;Ana Ribeiro;R$ 20.453,75;50%;06/07/2026;Diagnóstico
001437;Empresa 1437 Ltda.;Belo Horizonte;Elisa Moura;R$ 130.863,36;10%;07/07/2026;Diagnóstico
001438;Empresa 1438 Ltda.;Florianópolis;Diego Fontes;R$ 138.279,18;25%;08/07/2026;Perdido
001439;Empresa 1439 Ltda.;Porto Alegre;Ana Ribeiro;R$ 313.537,89;75%;09/07/2026;Diagnóstico
001440;Empresa 1440 Ltda.;Porto Alegre;Felipe Andrade;R$ 137.463,75;90%;10/07/2026;Perdido
001441;Empresa 1441 Ltda.;Salvador;Elisa Moura;R$ 125.715,72;75%;11/07/2026;Ganho
001442;Empresa 1442 Ltda.;Florianópolis;Felipe Andrade;R$ 225.939,62;25%;12/07/2026;Ganho
001443;Empresa 1443 Ltda.;Recife;Ana Ribeiro;R$ 124.377,02;75%;13/07/2026;Qualificação
001444;Empresa 1444 Ltda.;Porto Alegre;Felipe Andrade;R$ 183.335,43;90%;14/07/2026;Diagnóstico
001445;Empresa 1445 Ltda.;Florianópolis;Elisa Moura;R$ 246.971,84;50%;15/07/2026;Proposta
001446;Empresa 1446 Ltda.;Salvador;Ana Ribeiro;R$ 242.896,94;90%;16/07/2026;Proposta
001447;Empresa 1447 Ltda.;Recife;Felipe Andrade;R$ 216.808,78;25%;17/07/2026;Proposta
001448;Empresa 1448 Ltda.;Recife;Ana Ribeiro;R$ 378.899,93;50%;18/07/2026;Perdido
001449;Empresa 1449 Ltda.;Curitiba;Bruno Takahashi;R$ 369.087,04;90%;19/07/2026;Ganho
001450;Empresa 1450 Ltda.;Porto Alegre;Diego Fontes;R$ 337.992,66;10%;20/07/2026;Diagnóstico
001451;Empresa 1451 Ltda.;Porto Alegre;Hugo Prado;R$ 134.504,15;90%;21/07/2026;Qualificação
001452;Empresa 1452 Ltda.;Goiânia;Felipe Andrade;R$ 330.213,58;75%;22/07/2026;Qualificação
001453;Empresa 1453 Ltda.;Porto Alegre;Bruno Takahashi;R$ 409.926,79;90%;23/07/2026;Negociação
001454;Empresa 1454 Ltda.;Goiânia;Bruno Takahashi;R$ 403.493,54;10%;24/07/2026;Proposta
001455;Empresa 1455 Ltda.;Goiânia;Hugo Prado;R$ 369.747,95;10%;25/07/2026;Qualificação
001456;Empresa 1456 Ltda.;Recife;Bruno Takahashi;R$ 238.840,85;25%;26/07/2026;Ganho
001457;Empresa 1457 Ltda.;Belo Horizonte;Elisa Moura;R$ 89.789,35;75%;27/07/2026;Ganho
001458;Empresa 1458 Ltda.;Goiânia;Felipe Andrade;R$ 436.664,31;10%;28/07/2026;Ganho
001459;Empresa 1459 Ltda.;Belo Horizonte;Felipe Andrade;R$ 423.026,69;50%;29/07/2026;Diagnóstico
001460;Empresa 1460 Ltda.;Curitiba;Gabriela Lins;R$ 269.992,20;90%;30/07/2026;Ganho
001461;Empresa 1461 Ltda.;Curitiba;Hugo Prado;R$ 120.212,74;10%;31/07/2026;Perdido
001462;Empresa 1462 Ltda.;Porto Alegre;Diego Fontes;R$ 77.968,52;90%;01/08/2026;Proposta
001463;Empresa 1463 Ltda.;São Paulo;Elisa Moura;R$ 271.513,48;10%;02/08/2026;Ganho
001464;Empresa 1464 Ltda.;Belo Horizonte;Hugo Prado;R$ 164.626,20;75%;03/08/2026;Perdido
001465;Empresa 1465 Ltda.;Porto Alegre;Bruno Takahashi;R$ 406.808,20;90%;04/08/2026;Ganho
001466;Empresa 1466 Ltda.;Belo Horizonte;Elisa Moura;R$ 419.434,65;10%;05/08/2026;Qualificação
001467;Empresa 1467 Ltda.;Salvador;Gabriela Lins;R$ 205.193,60;75%;06/08/2026;Ganho
001468;Empresa 1468 Ltda.;Curitiba;Gabriela Lins;R$ 54.001,43;10%;07/08/2026;Proposta
001469;Empresa 1469 Ltda.;Florianópolis;Felipe Andrade;R$ 306.261,74;75%;08/08/2026;Ganho
001470;Empresa 1470 Ltda.;Belo Horizonte;Bruno Takahashi;R$ 305.221,25;25%;09/08/2026;Diagnóstico
001471;Empresa 1471 Ltda.;Goiânia;Diego Fontes;R$ 110.335,36;50%;10/08/2026;Diagnóstico
001472;Empresa 1472 Ltda.;São Paulo;Ana Ribeiro;R$ 271.443,28;25%;11/08/2026;Perdido
001473;Empresa 1473 Ltda.;Curitiba;Ana Ribeiro;R$ 376.268,03;90%;12/08/2026;Ganho
001474;Empresa 1474 Ltda.;Curitiba;Carla Menezes;R$ 282.543,52;10%;13/08/2026;Perdido
001475;Empresa 1475 Ltda.;Salvador;Elisa Moura;R$ 362.742,91;10%;14/08/2026;Qualificação
001476;Empresa 1476 Ltda.;Belo Horizonte;Hugo Prado;R$ 276.559,06;50%;15/08/2026;Negociação
001477;Empresa 1477 Ltda.;Salvador;Elisa Moura;R$ 454.784,49;90%;16/08/2026;Perdido
001478;Empresa 1478 Ltda.;Goiânia;Bruno Takahashi;R$ 438.582,26;10%;17/08/2026;Diagnóstico
001479;Empresa 1479 Ltda.;Curitiba;Diego Fontes;R$ 168.926,54;50%;18/08/2026;Diagnóstico
001480;Empresa 1480 Ltda.;Recife;Felipe Andrade;R$ 249.875,49;10%;19/08/2026;Qualificação
001481;Empresa 1481 Ltda.;São Paulo;Gabriela Lins;R$ 176.235,32;75%;20/08/2026;Qualificação
001482;Empresa 1482 Ltda.;São Paulo;Carla Menezes;R$ 195.239,54;50%;21/08/2026;Qualificação
001483;Empresa 1483 Ltda.;São Paulo;Felipe Andrade;R$ 419.579,29;25%;22/08/2026;Negociação
001484;Empresa 1484 Ltda.;São Paulo;Elisa Moura;R$ 474.403,94;10%;23/08/2026;Perdido
001485;Empresa 1485 Ltda.;Belo Horizonte;Diego Fontes;R$ 360.222,02;25%;24/08/2026;Proposta
001486;Empresa 1486 Ltda.;Florianópolis;Gabriela Lins;R$ 89.790,55;25%;25/08/2026;Negociação
001487;Empresa 1487 Ltda.;Recife;Diego Fontes;R$ 122.050,58;25%;26/08/2026;Negociação
001488;Empresa 1488 Ltda.;Recife;Ana Ribeiro;R$ 368.164,62;25%;27/08/2026;Negociação
001489;Empresa 1489 Ltda.;Belo Horizonte;Felipe Andrade;R$ 415.812,69;10%;28/08/2026;Perdido
001490;Empresa 1490 Ltda.;Florianópolis;Ana Ribeiro;R$ 296.816,30;50%;29/08/2026;Qualificação
001491;Empresa 1491 Ltda.;Florianópolis;Felipe Andrade;R$ 331.085,89;50%;30/08/2026;Diagnóstico
001492;Empresa 1492 Ltda.;São Paulo;Felipe Andrade;R$ 458.342,44;25%;31/08/2026;Qualificação
001493;Empresa 1493 Ltda.;Florianópolis;Bruno Takahashi;R$ 141.610,42;75%;01/09/2026;Negociação
001494;Empresa 1494 Ltda.;Porto Alegre;Hugo Prado;R$ 381.233,36;90%;02/09/2026;Ganho
001495;Empresa 1495 Ltda.;Florianópolis;Ana Ribeiro;R$ 88.941,27;25%;03/09/2026;Ganho
001496;Empresa 1496 Ltda.;Porto Alegre;Felipe Andrade;R$ 112.902,18;90%;04/09/2026;Ganho
001497;Empresa 1497 Ltda.;Florianópolis;Felipe Andrade;R$ 247.099,45;25%;05/09/2026;Ganho
001498;Empresa 1498 Ltda.;São Paulo;Bruno Takahashi;R$ 369.462,92;75%;06/09/2026;Diagnóstico
001499;Empresa 1499 Ltda.;São Paulo;Gabriela Lins;R$ 213.968,01;25%;07/09/2026;Perdido
001500;Empresa 1500 Ltda.;Salvador;Hugo Prado;R$ 263.665,97;50%;08/09/2026;Ganho
001501;Empresa 1501 Ltda.;Curitiba;Felipe Andrade;R$ 464.447,59;50%;02/01/2026;Ganho
001502;Empresa 1502 Ltda.;Recife;Elisa Moura;R$ 183.168,58;10%;03/01/2026;Perdido
001503;Empresa 1503 Ltda.;Curitiba;Hugo Prado;R$ 343.455,81;75%;04/01/2026;Qualificação
001504;Empresa 1504 Ltda.;São Paulo;Bruno Takahashi;R$ 91.303,02;90%;05/01/2026;Diagnóstico
001505;Empresa 1505 Ltda.;Curitiba;Hugo Prado;R$ 71.355,79;90%;06/01/2026;Negociação
001506;Empresa 1506 Ltda.;Porto Alegre;Elisa Moura;R$ 210.998,14;90%;07/01/2026;Proposta
001507;Empresa 1507 Ltda.;Curitiba;Bruno Takahashi;R$ 47.817,82;50%;08/01/2026;Qualificação
001508;Empresa 1508 Ltda.;Salvador;Carla Menezes;R$ 458.826,36;90%;09/01/2026;Qualificação
001509;Empresa 1509 Ltda.;Porto Alegre;Diego Fontes;R$ 363.704,33;50%;10/01/2026;Qualificação
001510;Empresa 1510 Ltda.;Belo Horizonte;Diego Fontes;R$ 429.899,26;75%;11/01/2026;Negociação
001511;Empresa 1511 Ltda.;Recife;Felipe Andrade;R$ 150.950,21;90%;12/01/2026;Perdido
001512;Empresa 1512 Ltda.;Salvador;Diego Fontes;R$ 315.456,80;50%;13/01/2026;Diagnóstico
001513;Empresa 1513 Ltda.;Porto Alegre;Ana Ribeiro;R$ 301.770,86;10%;14/01/2026;Ganho
001514;Empresa 1514 Ltda.;Curitiba;Carla Menezes;R$ 371.908,11;10%;15/01/2026;Qualificação
001515;Empresa 1515 Ltda.;São Paulo;Hugo Prado;R$ 13.672,64;10%;16/01/2026;Negociação
001516;Empresa 1516 Ltda.;Porto Alegre;Carla Menezes;R$ 83.519,52;90%;17/01/2026;Ganho
001517;Empresa 1517 Ltda.;Curitiba;Felipe Andrade;R$ 334.179,46;25%;18/01/2026;Ganho
001518;Empresa 1518 Ltda.;Belo Horizonte;Felipe Andrade;R$ 420.777,26;90%;19/01/2026;Diagnóstico
001519;Empresa 1519 Ltda.;Florianópolis;Bruno Takahashi;R$ 201.096,93;10%;20/01/2026;Qualificação
001520;Empresa 1520 Ltda.;Salvador;Bruno Takahashi;R$ 280.623,25;25%;21/01/2026;Qualificação
001521;Empresa 1521 Ltda.;Porto Alegre;Diego Fontes;R$ 110.693,40;50%;22/01/2026;Perdido
001522;Empresa 1522 Ltda.;Goiânia;Bruno Takahashi;R$ 365.042,04;10%;23/01/2026;Proposta
001523;Empresa 1523 Ltda.;Curitiba;Elisa Moura;R$ 45.624,39;90%;24/01/2026;Ganho
001524;Empresa 1524 Ltda.;Florianópolis;Gabriela Lins;R$ 168.567,09;75%;25/01/2026;Ganho
001525;Empresa 1525 Ltda.;Florianópolis;Ana Ribeiro;R$ 337.425,62;10%;26/01/2026;Proposta
001526;Empresa 1526 Ltda.;Salvador;Felipe Andrade;R$ 14.790,28;10%;27/01/2026;Ganho
001527;Empresa 1527 Ltda.;São Paulo;Ana Ribeiro;R$ 319.221,28;10%;28/01/2026;Diagnóstico
001528;Empresa 1528 Ltda.;Belo Horizonte;Elisa Moura;R$ 460.394,82;50%;29/01/2026;Ganho
001529;Empresa 1529 Ltda.;Salvador;Gabriela Lins;R$ 220.984,38;10%;30/01/2026;Qualificação
001530;Empresa 1530 Ltda.;Florianópolis;Diego Fontes;R$ 140.375,43;50%;31/01/2026;Negociação
001531;Empresa 1531 Ltda.;Salvador;Diego Fontes;R$ 173.889,27;25%;01/02/2026;Qualificação
001532;Empresa 1532 Ltda.;Belo Horizonte;Diego Fontes;R$ 353.013,43;10%;02/02/2026;Diagnóstico
001533;Empresa 1533 Ltda.;Porto Alegre;Carla Menezes;R$ 107.010,70;90%;03/02/2026;Perdido
001534;Empresa 1534 Ltda.;Recife;Diego Fontes;R$ 267.951,31;10%;04/02/2026;Qualificação
001535;Empresa 1535 Ltda.;Florianópolis;Diego Fontes;R$ 24.274,10;25%;05/02/2026;Perdido
001536;Empresa 1536 Ltda.;Porto Alegre;Gabriela Lins;R$ 306.487,88;25%;06/02/2026;Perdido
001537;Empresa 1537 Ltda.;Curitiba;Ana Ribeiro;R$ 42.316,45;75%;07/02/2026;Negociação
001538;Empresa 1538 Ltda.;São Paulo;Gabriela Lins;R$ 213.907,95;90%;08/02/2026;Ganho
001539;Empresa 1539 Ltda.;Salvador;Bruno Takahashi;R$ 124.806,62;50%;09/02/2026;Qualificação
001540;Empresa 1540 Ltda.;Belo Horizonte;Ana Ribeiro;R$ 456.485,77;90%;10/02/2026;Perdido
001541;Empresa 1541 Ltda.;Belo Horizonte;Ana Ribeiro;R$ 392.340,05;10%;11/02/2026;Qualificação
001542;Empresa 1542 Ltda.;Salvador;Gabriela Lins;R$ 50.340,65;50%;12/02/2026;Diagnóstico
001543;Empresa 1543 Ltda.;Curitiba;Bruno Takahashi;R$ 215.764,86;25%;13/02/2026;Qualificação
001544;Empresa 1544 Ltda.;Belo Horizonte;Ana Ribeiro;R$ 338.896,89;25%;14/02/2026;Perdido
001545;Empresa 1545 Ltda.;São Paulo;Hugo Prado;R$ 430.936,30;25%;15/02/2026;Proposta
001546;Empresa 1546 Ltda.;Florianópolis;Diego Fontes;R$ 104.697,42;75%;16/02/2026;Proposta
001547;Empresa 1547 Ltda.;Florianópolis;Diego Fontes;R$ 393.408,24;10%;17/02/2026;Proposta
001548;Empresa 1548 Ltda.;Florianópolis;Hugo Prado;R$ 136.421,70;75%;18/02/2026;Proposta
001549;Empresa 1549 Ltda.;Florianópolis;Hugo Prado;R$ 288.409,26;10%;19/02/2026;Qualificação
001550;Empresa 1550 Ltda.;Goiânia;Ana Ribeiro;R$ 469.001,47;10%;20/02/2026;Diagnóstico
001551;Empresa 1551 Ltda.;Salvador;Elisa Moura;R$ 269.761,54;50%;21/02/2026;Perdido
001552;Empresa 1552 Ltda.;Belo Horizonte;Bruno Takahashi;R$ 419.398,96;25%;22/02/2026;Proposta
001553;Empresa 1553 Ltda.;Goiânia;Bruno Takahashi;R$ 98.506,45;50%;23/02/2026;Proposta
001554;Empresa 1554 Ltda.;Florianópolis;Gabriela Lins;R$ 32.946,40;10%;24/02/2026;Ganho
001555;Empresa 1555 Ltda.;São Paulo;Bruno Takahashi;R$ 374.402,46;25%;25/02/2026;Qualificação
001556;Empresa 1556 Ltda.;Belo Horizonte;Carla Menezes;R$ 193.512,49;50%;26/02/2026;Proposta
001557;Empresa 1557 Ltda.;Florianópolis;Elisa Moura;R$ 93.053,52;90%;27/02/2026;Proposta
001558;Empresa 1558 Ltda.;Porto Alegre;Elisa Moura;R$ 226.474,20;90%;28/02/2026;Negociação
001559;Empresa 1559 Ltda.;Curitiba;Carla Menezes;R$ 444.889,62;75%;01/03/2026;Negociação
001560;Empresa 1560 Ltda.;Curitiba;Bruno Takahashi;R$ 346.917,87;75%;02/03/2026;Ganho
001561;Empresa 1561 Ltda.;Salvador;Elisa Moura;R$ 435.914,16;75%;03/03/2026;Perdido
001562;Empresa 1562 Ltda.;Recife;Felipe Andrade;R$ 195.130,58;75%;04/03/2026;Qualificação
001563;Empresa 1563 Ltda.;Florianópolis;Diego Fontes;R$ 375.702,93;90%;05/03/2026;Negociação
001564;Empresa 1564 Ltda.;Salvador;Elisa Moura;R$ 127.784,92;10%;06/03/2026;Diagnóstico
001565;Empresa 1565 Ltda.;Porto Alegre;Hugo Prado;R$ 213.832,61;25%;07/03/2026;Negociação
001566;Empresa 1566 Ltda.;Salvador;Carla Menezes;R$ 280.427,45;10%;08/03/2026;Negociação
001567;Empresa 1567 Ltda.;São Paulo;Diego Fontes;R$ 309.390,42;50%;09/03/2026;Ganho
001568;Empresa 1568 Ltda.;Goiânia;Bruno Takahashi;R$ 265.188,98;50%;10/03/2026;Proposta
001569;Empresa 1569 Ltda.;Curitiba;Hugo Prado;R$ 450.790,49;25%;11/03/2026;Perdido
001570;Empresa 1570 Ltda.;São Paulo;Ana Ribeiro;R$ 337.276,40;10%;12/03/2026;Perdido
001571;Empresa 1571 Ltda.;Florianópolis;Ana Ribeiro;R$ 99.903,80;25%;13/03/2026;Proposta
001572;Empresa 1572 Ltda.;São Paulo;Elisa Moura;R$ 16.341,15;25%;14/03/2026;Perdido
001573;Empresa 1573 Ltda.;Salvador;Ana Ribeiro;R$ 211.538,00;50%;15/03/2026;Perdido
001574;Empresa 1574 Ltda.;Florianópolis;Carla Menezes;R$ 257.988,81;75%;16/03/2026;Negociação
001575;Empresa 1575 Ltda.;Porto Alegre;Elisa Moura;R$ 141.157,39;90%;17/03/2026;Diagnóstico
001576;Empresa 1576 Ltda.;Recife;Bruno Takahashi;R$ 244.121,59;10%;18/03/2026;Negociação
001577;Empresa 1577 Ltda.;São Paulo;Carla Menezes;R$ 429.653,83;25%;19/03/2026;Negociação
001578;Empresa 1578 Ltda.;Goiânia;Felipe Andrade;R$ 231.248,95;90%;20/03/2026;Diagnóstico
001579;Empresa 1579 Ltda.;Curitiba;Ana Ribeiro;R$ 73.626,58;90%;21/03/2026;Proposta
001580;Empresa 1580 Ltda.;Curitiba;Ana Ribeiro;R$ 80.164,31;90%;22/03/2026;Ganho
001581;Empresa 1581 Ltda.;Salvador;Gabriela Lins;R$ 348.370,71;50%;23/03/2026;Perdido
001582;Empresa 1582 Ltda.;Goiânia;Carla Menezes;R$ 34.896,16;50%;24/03/2026;Diagnóstico
001583;Empresa 1583 Ltda.;Goiânia;Ana Ribeiro;R$ 122.412,32;25%;25/03/2026;Ganho
001584;Empresa 1584 Ltda.;Belo Horizonte;Ana Ribeiro;R$ 374.811,98;90%;26/03/2026;Diagnóstico
001585;Empresa 1585 Ltda.;Porto Alegre;Hugo Prado;R$ 367.066,63;50%;27/03/2026;Ganho
001586;Empresa 1586 Ltda.;Salvador;Elisa Moura;R$ 36.970,01;90%;28/03/2026;Perdido
001587;Empresa 1587 Ltda.;Curitiba;Diego Fontes;R$ 361.549,25;75%;29/03/2026;Proposta
001588;Empresa 1588 Ltda.;Salvador;Hugo Prado;R$ 110.521,77;75%;30/03/2026;Negociação
001589;Empresa 1589 Ltda.;Porto Alegre;Felipe Andrade;R$ 144.150,56;50%;31/03/2026;Perdido
001590;Empresa 1590 Ltda.;Recife;Bruno Takahashi;R$ 305.426,49;50%;01/04/2026;Diagnóstico
001591;Empresa 1591 Ltda.;Salvador;Elisa Moura;R$ 409.254,30;10%;02/04/2026;Ganho
001592;Empresa 1592 Ltda.;Salvador;Bruno Takahashi;R$ 183.644,30;10%;03/04/2026;Perdido
001593;Empresa 1593 Ltda.;Curitiba;Felipe Andrade;R$ 363.891,66;50%;04/04/2026;Diagnóstico
001594;Empresa 1594 Ltda.;Porto Alegre;Ana Ribeiro;R$ 83.309,30;90%;05/04/2026;Perdido
001595;Empresa 1595 Ltda.;Recife;Carla Menezes;R$ 67.911,00;90%;06/04/2026;Perdido
001596;Empresa 1596 Ltda.;Porto Alegre;Felipe Andrade;R$ 39.352,56;50%;07/04/2026;Diagnóstico
001597;Empresa 1597 Ltda.;Belo Horizonte;Felipe Andrade;R$ 446.718,33;25%;08/04/2026;Qualificação
001598;Empresa 1598 Ltda.;Porto Alegre;Gabriela Lins;R$ 439.518,78;25%;09/04/2026;Perdido
001599;Empresa 1599 Ltda.;Goiânia;Bruno Takahashi;R$ 422.505,66;25%;10/04/2026;Diagnóstico
001600;Empresa 1600 Ltda.;Florianópolis;Elisa Moura;R$ 168.257,16;50%;11/04/2026;Diagnóstico
001601;Empresa 1601 Ltda.;Goiânia;Gabriela Lins;R$ 455.990,02;50%;12/04/2026;Perdido
001602;Empresa 1602 Ltda.;Curitiba;Elisa Moura;R$ 415.323,40;10%;13/04/2026;Perdido
001603;Empresa 1603 Ltda.;Goiânia;Ana Ribeiro;R$ 259.502,37;50%;14/04/2026;Qualificação
001604;Empresa 1604 Ltda.;Goiânia;Ana Ribeiro;R$ 140.609,62;10%;15/04/2026;Ganho
001605;Empresa 1605 Ltda.;Porto Alegre;Gabriela Lins;R$ 224.404,95;25%;16/04/2026;Perdido
001606;Empresa 1606 Ltda.;Recife;Felipe Andrade;R$ 209.982,30;75%;17/04/2026;Negociação
001607;Empresa 1607 Ltda.;Porto Alegre;Hugo Prado;R$ 456.058,30;10%;18/04/2026;Perdido
001608;Empresa 1608 Ltda.;Goiânia;Gabriela Lins;R$ 21.002,47;50%;19/04/2026;Negociação
001609;Empresa 1609 Ltda.;Curitiba;Elisa Moura;R$ 429.128,03;50%;20/04/2026;Negociação
001610;Empresa 1610 Ltda.;Belo Horizonte;Ana Ribeiro;R$ 83.691,82;25%;21/04/2026;Proposta
001611;Empresa 1611 Ltda.;Belo Horizonte;Gabriela Lins;R$ 64.486,18;50%;22/04/2026;Ganho
001612;Empresa 1612 Ltda.;Porto Alegre;Bruno Takahashi;R$ 153.138,35;90%;23/04/2026;Proposta
001613;Empresa 1613 Ltda.;Curitiba;Hugo Prado;R$ 325.072,48;10%;24/04/2026;Ganho
001614;Empresa 1614 Ltda.;Goiânia;Carla Menezes;R$ 320.083,91;10%;25/04/2026;Proposta
001615;Empresa 1615 Ltda.;Recife;Elisa Moura;R$ 435.432,81;10%;26/04/2026;Diagnóstico
001616;Empresa 1616 Ltda.;Salvador;Diego Fontes;R$ 46.700,28;25%;27/04/2026;Diagnóstico
001617;Empresa 1617 Ltda.;Belo Horizonte;Elisa Moura;R$ 312.069,93;90%;28/04/2026;Perdido
001618;Empresa 1618 Ltda.;Belo Horizonte;Gabriela Lins;R$ 15.025,27;10%;29/04/2026;Ganho
001619;Empresa 1619 Ltda.;Salvador;Carla Menezes;R$ 9.811,01;10%;30/04/2026;Ganho
001620;Empresa 1620 Ltda.;Porto Alegre;Ana Ribeiro;R$ 196.870,06;75%;01/05/2026;Diagnóstico
001621;Empresa 1621 Ltda.;Florianópolis;Felipe Andrade;R$ 461.249,10;50%;02/05/2026;Proposta
001622;Empresa 1622 Ltda.;Florianópolis;Hugo Prado;R$ 438.576,82;90%;03/05/2026;Ganho
001623;Empresa 1623 Ltda.;Porto Alegre;Bruno Takahashi;R$ 365.245,05;90%;04/05/2026;Diagnóstico
001624;Empresa 1624 Ltda.;Salvador;Carla Menezes;R$ 455.080,30;50%;05/05/2026;Qualificação
001625;Empresa 1625 Ltda.;Curitiba;Bruno Takahashi;R$ 314.635,53;25%;06/05/2026;Proposta
001626;Empresa 1626 Ltda.;Florianópolis;Ana Ribeiro;R$ 67.626,86;75%;07/05/2026;Diagnóstico
001627;Empresa 1627 Ltda.;Salvador;Diego Fontes;R$ 78.533,54;90%;08/05/2026;Negociação
001628;Empresa 1628 Ltda.;Porto Alegre;Ana Ribeiro;R$ 38.832,96;25%;09/05/2026;Proposta
001629;Empresa 1629 Ltda.;Belo Horizonte;Bruno Takahashi;R$ 266.908,18;50%;10/05/2026;Qualificação
001630;Empresa 1630 Ltda.;Belo Horizonte;Ana Ribeiro;R$ 455.253,75;50%;11/05/2026;Perdido
001631;Empresa 1631 Ltda.;Florianópolis;Gabriela Lins;R$ 148.404,54;10%;12/05/2026;Perdido
001632;Empresa 1632 Ltda.;Curitiba;Gabriela Lins;R$ 324.597,61;90%;13/05/2026;Diagnóstico
001633;Empresa 1633 Ltda.;São Paulo;Carla Menezes;R$ 271.832,52;25%;14/05/2026;Diagnóstico
001634;Empresa 1634 Ltda.;Goiânia;Gabriela Lins;R$ 45.463,55;50%;15/05/2026;Negociação
001635;Empresa 1635 Ltda.;Salvador;Hugo Prado;R$ 181.137,98;75%;16/05/2026;Proposta
001636;Empresa 1636 Ltda.;Florianópolis;Gabriela Lins;R$ 307.127,89;50%;17/05/2026;Diagnóstico
001637;Empresa 1637 Ltda.;Belo Horizonte;Elisa Moura;R$ 72.472,54;90%;18/05/2026;Qualificação
001638;Empresa 1638 Ltda.;Florianópolis;Elisa Moura;R$ 413.988,11;75%;19/05/2026;Perdido
001639;Empresa 1639 Ltda.;Florianópolis;Ana Ribeiro;R$ 337.723,08;90%;20/05/2026;Diagnóstico
001640;Empresa 1640 Ltda.;Florianópolis;Ana Ribeiro;R$ 237.555,67;90%;21/05/2026;Qualificação
001641;Empresa 1641 Ltda.;Porto Alegre;Hugo Prado;R$ 48.143,87;90%;22/05/2026;Proposta
001642;Empresa 1642 Ltda.;Florianópolis;Hugo Prado;R$ 149.721,22;75%;23/05/2026;Ganho
001643;Empresa 1643 Ltda.;Florianópolis;Gabriela Lins;R$ 383.387,37;75%;24/05/2026;Negociação
001644;Empresa 1644 Ltda.;Salvador;Gabriela Lins;R$ 41.551,73;10%;25/05/2026;Perdido
001645;Empresa 1645 Ltda.;Belo Horizonte;Felipe Andrade;R$ 291.176,91;25%;26/05/2026;Proposta
001646;Empresa 1646 Ltda.;Florianópolis;Elisa Moura;R$ 272.459,92;90%;27/05/2026;Ganho
001647;Empresa 1647 Ltda.;Salvador;Hugo Prado;R$ 427.139,46;10%;28/05/2026;Proposta
001648;Empresa 1648 Ltda.;Curitiba;Elisa Moura;R$ 261.384,92;50%;29/05/2026;Negociação
001649;Empresa 1649 Ltda.;São Paulo;Hugo Prado;R$ 366.502,95;50%;30/05/2026;Ganho
001650;Empresa 1650 Ltda.;Curitiba;Carla Menezes;R$ 103.258,69;90%;31/05/2026;Perdido
001651;Empresa 1651 Ltda.;Goiânia;Hugo Prado;R$ 267.484,98;50%;01/06/2026;Proposta
001652;Empresa 1652 Ltda.;Salvador;Hugo Prado;R$ 307.740,92;10%;02/06/2026;Diagnóstico
001653;Empresa 1653 Ltda.;São Paulo;Diego Fontes;R$ 286.942,03;25%;03/06/2026;Perdido
001654;Empresa 1654 Ltda.;Florianópolis;Gabriela Lins;R$ 233.046,68;90%;04/06/2026;Proposta
001655;Empresa 1655 Ltda.;Recife;Carla Menezes;R$ 234.898,07;75%;05/06/2026;Perdido
001656;Empresa 1656 Ltda.;Florianópolis;Diego Fontes;R$ 418.706,81;25%;06/06/2026;Negociação
001657;Empresa 1657 Ltda.;Porto Alegre;Bruno Takahashi;R$ 312.840,62;50%;07/06/2026;Qualificação
001658;Empresa 1658 Ltda.;Belo Horizonte;Carla Menezes;R$ 343.204,72;50%;08/06/2026;Qualificação
001659;Empresa 1659 Ltda.;Porto Alegre;Carla Menezes;R$ 407.289,68;75%;09/06/2026;Negociação
001660;Empresa 1660 Ltda.;Curitiba;Bruno Takahashi;R$ 181.153,85;90%;10/06/2026;Perdido
001661;Empresa 1661 Ltda.;São Paulo;Felipe Andrade;R$ 314.635,18;10%;11/06/2026;Qualificação
001662;Empresa 1662 Ltda.;Salvador;Elisa Moura;R$ 303.464,91;75%;12/06/2026;Ganho
001663;Empresa 1663 Ltda.;Porto Alegre;Bruno Takahashi;R$ 325.535,12;50%;13/06/2026;Qualificação
001664;Empresa 1664 Ltda.;Salvador;Carla Menezes;R$ 332.420,23;75%;14/06/2026;Diagnóstico
001665;Empresa 1665 Ltda.;São Paulo;Hugo Prado;R$ 51.533,97;90%;15/06/2026;Perdido
001666;Empresa 1666 Ltda.;Florianópolis;Carla Menezes;R$ 166.572,81;50%;16/06/2026;Perdido
001667;Empresa 1667 Ltda.;Florianópolis;Diego Fontes;R$ 402.086,01;10%;17/06/2026;Perdido
001668;Empresa 1668 Ltda.;Curitiba;Bruno Takahashi;R$ 363.078,50;10%;18/06/2026;Ganho
001669;Empresa 1669 Ltda.;Belo Horizonte;Carla Menezes;R$ 474.029,15;50%;19/06/2026;Diagnóstico
001670;Empresa 1670 Ltda.;Porto Alegre;Gabriela Lins;R$ 208.869,00;50%;20/06/2026;Qualificação
001671;Empresa 1671 Ltda.;Curitiba;Ana Ribeiro;R$ 363.975,68;90%;21/06/2026;Qualificação
001672;Empresa 1672 Ltda.;Porto Alegre;Carla Menezes;R$ 127.544,86;10%;22/06/2026;Ganho
001673;Empresa 1673 Ltda.;Curitiba;Gabriela Lins;R$ 405.323,01;75%;23/06/2026;Qualificação
001674;Empresa 1674 Ltda.;Salvador;Carla Menezes;R$ 221.981,63;25%;24/06/2026;Proposta
001675;Empresa 1675 Ltda.;Belo Horizonte;Felipe Andrade;R$ 89.141,92;75%;25/06/2026;Ganho
001676;Empresa 1676 Ltda.;Recife;Elisa Moura;R$ 436.769,64;75%;26/06/2026;Perdido
001677;Empresa 1677 Ltda.;Florianópolis;Ana Ribeiro;R$ 346.630,43;90%;27/06/2026;Perdido
001678;Empresa 1678 Ltda.;Salvador;Diego Fontes;R$ 431.253,96;90%;28/06/2026;Ganho
001679;Empresa 1679 Ltda.;Porto Alegre;Hugo Prado;R$ 273.557,12;10%;29/06/2026;Proposta
001680;Empresa 1680 Ltda.;Salvador;Ana Ribeiro;R$ 157.036,47;50%;30/06/2026;Ganho
001681;Empresa 1681 Ltda.;Porto Alegre;Elisa Moura;R$ 410.978,56;90%;01/07/2026;Negociação
001682;Empresa 1682 Ltda.;São Paulo;Gabriela Lins;R$ 149.874,06;90%;02/07/2026;Diagnóstico
001683;Empresa 1683 Ltda.;Curitiba;Carla Menezes;R$ 237.621,10;50%;03/07/2026;Qualificação
001684;Empresa 1684 Ltda.;Porto Alegre;Hugo Prado;R$ 340.303,00;50%;04/07/2026;Qualificação
001685;Empresa 1685 Ltda.;Porto Alegre;Ana Ribeiro;R$ 468.788,55;10%;05/07/2026;Qualificação
001686;Empresa 1686 Ltda.;Belo Horizonte;Hugo Prado;R$ 192.425,55;25%;06/07/2026;Diagnóstico
001687;Empresa 1687 Ltda.;Recife;Diego Fontes;R$ 24.833,96;10%;07/07/2026;Perdido
001688;Empresa 1688 Ltda.;Recife;Ana Ribeiro;R$ 198.726,46;10%;08/07/2026;Negociação
001689;Empresa 1689 Ltda.;São Paulo;Elisa Moura;R$ 246.457,69;25%;09/07/2026;Negociação
001690;Empresa 1690 Ltda.;Porto Alegre;Felipe Andrade;R$ 73.367,95;25%;10/07/2026;Perdido
001691;Empresa 1691 Ltda.;Belo Horizonte;Bruno Takahashi;R$ 386.029,69;75%;11/07/2026;Proposta
001692;Empresa 1692 Ltda.;Goiânia;Carla Menezes;R$ 264.351,53;50%;12/07/2026;Qualificação
001693;Empresa 1693 Ltda.;Florianópolis;Carla Menezes;R$ 93.900,20;90%;13/07/2026;Perdido
001694;Empresa 1694 Ltda.;Curitiba;Hugo Prado;R$ 288.872,84;50%;14/07/2026;Ganho
001695;Empresa 1695 Ltda.;Curitiba;Diego Fontes;R$ 454.420,57;90%;15/07/2026;Qualificação
001696;Empresa 1696 Ltda.;Belo Horizonte;Bruno Takahashi;R$ 205.833,24;25%;16/07/2026;Proposta
001697;Empresa 1697 Ltda.;Salvador;Bruno Takahashi;R$ 384.527,94;90%;17/07/2026;Qualificação
001698;Empresa 1698 Ltda.;Goiânia;Diego Fontes;R$ 25.738,58;75%;18/07/2026;Negociação
001699;Empresa 1699 Ltda.;Belo Horizonte;Carla Menezes;R$ 15.616,91;75%;19/07/2026;Qualificação
001700;Empresa 1700 Ltda.;Recife;Hugo Prado;R$ 85.856,63;90%;20/07/2026;Qualificação
001701;Empresa 1701 Ltda.;Goiânia;Hugo Prado;R$ 87.288,62;10%;21/07/2026;Diagnóstico
001702;Empresa 1702 Ltda.;São Paulo;Ana Ribeiro;R$ 287.662,25;90%;22/07/2026;Ganho
001703;Empresa 1703 Ltda.;Salvador;Diego Fontes;R$ 58.761,77;50%;23/07/2026;Proposta
001704;Empresa 1704 Ltda.;Salvador;Felipe Andrade;R$ 289.542,07;50%;24/07/2026;Qualificação
001705;Empresa 1705 Ltda.;Belo Horizonte;Diego Fontes;R$ 111.718,35;10%;25/07/2026;Proposta
001706;Empresa 1706 Ltda.;Belo Horizonte;Ana Ribeiro;R$ 322.098,12;75%;26/07/2026;Diagnóstico
001707;Empresa 1707 Ltda.;São Paulo;Ana Ribeiro;R$ 471.370,50;75%;27/07/2026;Perdido
001708;Empresa 1708 Ltda.;Recife;Felipe Andrade;R$ 234.313,37;90%;28/07/2026;Negociação
001709;Empresa 1709 Ltda.;São Paulo;Elisa Moura;R$ 250.138,62;10%;29/07/2026;Qualificação
001710;Empresa 1710 Ltda.;Belo Horizonte;Felipe Andrade;R$ 72.965,43;90%;30/07/2026;Ganho
001711;Empresa 1711 Ltda.;Goiânia;Ana Ribeiro;R$ 395.471,49;50%;31/07/2026;Diagnóstico
001712;Empresa 1712 Ltda.;Goiânia;Felipe Andrade;R$ 75.341,07;10%;01/08/2026;Proposta
001713;Empresa 1713 Ltda.;Recife;Carla Menezes;R$ 343.576,56;10%;02/08/2026;Negociação
001714;Empresa 1714 Ltda.;Porto Alegre;Gabriela Lins;R$ 87.532,82;50%;03/08/2026;Diagnóstico
001715;Empresa 1715 Ltda.;Belo Horizonte;Gabriela Lins;R$ 262.959,83;90%;04/08/2026;Negociação
001716;Empresa 1716 Ltda.;Curitiba;Ana Ribeiro;R$ 30.663,20;50%;05/08/2026;Negociação
001717;Empresa 1717 Ltda.;Curitiba;Diego Fontes;R$ 75.264,78;10%;06/08/2026;Negociação
001718;Empresa 1718 Ltda.;Recife;Ana Ribeiro;R$ 235.863,03;25%;07/08/2026;Qualificação
001719;Empresa 1719 Ltda.;Curitiba;Ana Ribeiro;R$ 207.187,88;75%;08/08/2026;Qualificação
001720;Empresa 1720 Ltda.;Curitiba;Bruno Takahashi;R$ 239.915,12;75%;09/08/2026;Diagnóstico
001721;Empresa 1721 Ltda.;Porto Alegre;Felipe Andrade;R$ 126.003,70;50%;10/08/2026;Diagnóstico
001722;Empresa 1722 Ltda.;Goiânia;Hugo Prado;R$ 242.024,78;50%;11/08/2026;Qualificação
001723;Empresa 1723 Ltda.;Salvador;Ana Ribeiro;R$ 99.791,84;10%;12/08/2026;Proposta
001724;Empresa 1724 Ltda.;Porto Alegre;Gabriela Lins;R$ 182.447,99;90%;13/08/2026;Ganho
001725;Empresa 1725 Ltda.;Goiânia;Carla Menezes;R$ 138.220,27;90%;14/08/2026;Ganho
001726;Empresa 1726 Ltda.;Goiânia;Gabriela Lins;R$ 40.049,50;10%;15/08/2026;Negociação
001727;Empresa 1727 Ltda.;Goiânia;Diego Fontes;R$ 341.452,11;75%;16/08/2026;Perdido
001728;Empresa 1728 Ltda.;Recife;Felipe Andrade;R$ 433.447,04;25%;17/08/2026;Perdido
001729;Empresa 1729 Ltda.;Recife;Carla Menezes;R$ 118.623,46;75%;18/08/2026;Qualificação
001730;Empresa 1730 Ltda.;Porto Alegre;Hugo Prado;R$ 231.914,31;10%;19/08/2026;Diagnóstico
001731;Empresa 1731 Ltda.;Porto Alegre;Gabriela Lins;R$ 82.599,22;25%;20/08/2026;Proposta
001732;Empresa 1732 Ltda.;Recife;Felipe Andrade;R$ 158.810,31;50%;21/08/2026;Qualificação
001733;Empresa 1733 Ltda.;Belo Horizonte;Carla Menezes;R$ 46.935,73;50%;22/08/2026;Ganho
001734;Empresa 1734 Ltda.;Porto Alegre;Gabriela Lins;R$ 343.059,37;90%;23/08/2026;Diagnóstico
001735;Empresa 1735 Ltda.;Porto Alegre;Elisa Moura;R$ 155.837,80;10%;24/08/2026;Proposta
001736;Empresa 1736 Ltda.;Belo Horizonte;Elisa Moura;R$ 245.097,08;10%;25/08/2026;Proposta
001737;Empresa 1737 Ltda.;Porto Alegre;Felipe Andrade;R$ 38.059,21;25%;26/08/2026;Perdido
001738;Empresa 1738 Ltda.;Porto Alegre;Bruno Takahashi;R$ 279.629,66;50%;27/08/2026;Diagnóstico
001739;Empresa 1739 Ltda.;Goiânia;Bruno Takahashi;R$ 74.618,26;75%;28/08/2026;Qualificação
001740;Empresa 1740 Ltda.;Salvador;Carla Menezes;R$ 397.226,89;90%;29/08/2026;Diagnóstico
001741;Empresa 1741 Ltda.;Salvador;Hugo Prado;R$ 210.383,64;10%;30/08/2026;Diagnóstico
001742;Empresa 1742 Ltda.;Belo Horizonte;Gabriela Lins;R$ 97.040,89;10%;31/08/2026;Qualificação
001743;Empresa 1743 Ltda.;Recife;Carla Menezes;R$ 27.536,71;10%;01/09/2026;Negociação
001744;Empresa 1744 Ltda.;Florianópolis;Gabriela Lins;R$ 30.883,92;25%;02/09/2026;Perdido
001745;Empresa 1745 Ltda.;Porto Alegre;Ana Ribeiro;R$ 77.786,35;50%;03/09/2026;Proposta
001746;Empresa 1746 Ltda.;Florianópolis;Ana Ribeiro;R$ 176.964,03;10%;04/09/2026;Ganho
001747;Empresa 1747 Ltda.;Goiânia;Ana Ribeiro;R$ 145.324,04;10%;05/09/2026;Qualificação
001748;Empresa 1748 Ltda.;Goiânia;Hugo Prado;R$ 59.690,88;50%;06/09/2026;Perdido
001749;Empresa 1749 Ltda.;Goiânia;Elisa Moura;R$ 449.916,48;50%;07/09/2026;Negociação
001750;Empresa 1750 Ltda.;Salvador;Hugo Prado;R$ 311.000,45;10%;08/09/2026;Negociação
001751;Empresa 1751 Ltda.;Belo Horizonte;Ana Ribeiro;R$ 349.771,71;50%;02/01/2026;Diagnóstico
001752;Empresa 1752 Ltda.;Goiânia;Bruno Takahashi;R$ 161.765,43;25%;03/01/2026;Diagnóstico
001753;Empresa 1753 Ltda.;Florianópolis;Elisa Moura;R$ 340.016,73;90%;04/01/2026;Qualificação
001754;Empresa 1754 Ltda.;Belo Horizonte;Ana Ribeiro;R$ 69.161,09;75%;05/01/2026;Perdido
001755;Empresa 1755 Ltda.;Porto Alegre;Elisa Moura;R$ 422.998,74;25%;06/01/2026;Proposta
001756;Empresa 1756 Ltda.;Recife;Bruno Takahashi;R$ 282.657,07;75%;07/01/2026;Ganho
001757;Empresa 1757 Ltda.;Salvador;Felipe Andrade;R$ 346.190,04;25%;08/01/2026;Proposta
001758;Empresa 1758 Ltda.;Recife;Carla Menezes;R$ 478.892,31;90%;09/01/2026;Diagnóstico
001759;Empresa 1759 Ltda.;Porto Alegre;Felipe Andrade;R$ 60.982,08;90%;10/01/2026;Negociação
001760;Empresa 1760 Ltda.;São Paulo;Diego Fontes;R$ 457.857,81;25%;11/01/2026;Proposta
001761;Empresa 1761 Ltda.;Florianópolis;Ana Ribeiro;R$ 223.017,72;25%;12/01/2026;Negociação
001762;Empresa 1762 Ltda.;Goiânia;Bruno Takahashi;R$ 147.431,22;10%;13/01/2026;Ganho
001763;Empresa 1763 Ltda.;Goiânia;Elisa Moura;R$ 186.133,97;25%;14/01/2026;Ganho
001764;Empresa 1764 Ltda.;Belo Horizonte;Elisa Moura;R$ 285.411,08;90%;15/01/2026;Perdido
001765;Empresa 1765 Ltda.;Recife;Diego Fontes;R$ 108.908,94;10%;16/01/2026;Perdido
001766;Empresa 1766 Ltda.;Goiânia;Elisa Moura;R$ 309.994,93;50%;17/01/2026;Qualificação
001767;Empresa 1767 Ltda.;São Paulo;Felipe Andrade;R$ 440.327,20;50%;18/01/2026;Diagnóstico
001768;Empresa 1768 Ltda.;Florianópolis;Felipe Andrade;R$ 150.154,87;25%;19/01/2026;Diagnóstico
001769;Empresa 1769 Ltda.;São Paulo;Gabriela Lins;R$ 330.146,30;10%;20/01/2026;Proposta
001770;Empresa 1770 Ltda.;Goiânia;Carla Menezes;R$ 232.687,06;10%;21/01/2026;Diagnóstico
001771;Empresa 1771 Ltda.;São Paulo;Gabriela Lins;R$ 197.253,13;50%;22/01/2026;Ganho
001772;Empresa 1772 Ltda.;Recife;Felipe Andrade;R$ 137.675,04;10%;23/01/2026;Qualificação
001773;Empresa 1773 Ltda.;Salvador;Felipe Andrade;R$ 221.857,52;10%;24/01/2026;Qualificação
001774;Empresa 1774 Ltda.;Porto Alegre;Carla Menezes;R$ 217.438,51;75%;25/01/2026;Diagnóstico
001775;Empresa 1775 Ltda.;Porto Alegre;Gabriela Lins;R$ 366.276,73;25%;26/01/2026;Perdido
001776;Empresa 1776 Ltda.;Salvador;Carla Menezes;R$ 322.091,90;90%;27/01/2026;Proposta
001777;Empresa 1777 Ltda.;Florianópolis;Bruno Takahashi;R$ 94.930,48;90%;28/01/2026;Diagnóstico
001778;Empresa 1778 Ltda.;Florianópolis;Diego Fontes;R$ 217.771,82;10%;29/01/2026;Ganho
001779;Empresa 1779 Ltda.;Recife;Diego Fontes;R$ 286.250,20;90%;30/01/2026;Ganho
001780;Empresa 1780 Ltda.;Porto Alegre;Bruno Takahashi;R$ 385.452,47;10%;31/01/2026;Perdido
001781;Empresa 1781 Ltda.;Goiânia;Carla Menezes;R$ 306.074,22;90%;01/02/2026;Perdido
001782;Empresa 1782 Ltda.;Porto Alegre;Diego Fontes;R$ 363.745,04;25%;02/02/2026;Diagnóstico
001783;Empresa 1783 Ltda.;Salvador;Hugo Prado;R$ 455.768,36;90%;03/02/2026;Qualificação
001784;Empresa 1784 Ltda.;São Paulo;Gabriela Lins;R$ 389.298,86;90%;04/02/2026;Diagnóstico
001785;Empresa 1785 Ltda.;Curitiba;Gabriela Lins;R$ 353.934,84;50%;05/02/2026;Negociação
001786;Empresa 1786 Ltda.;Salvador;Felipe Andrade;R$ 445.652,13;25%;06/02/2026;Qualificação
001787;Empresa 1787 Ltda.;Curitiba;Hugo Prado;R$ 440.625,60;50%;07/02/2026;Qualificação
001788;Empresa 1788 Ltda.;São Paulo;Diego Fontes;R$ 326.315,43;25%;08/02/2026;Diagnóstico
001789;Empresa 1789 Ltda.;Belo Horizonte;Bruno Takahashi;R$ 168.241,60;25%;09/02/2026;Negociação
001790;Empresa 1790 Ltda.;Curitiba;Felipe Andrade;R$ 119.690,77;90%;10/02/2026;Diagnóstico
001791;Empresa 1791 Ltda.;Porto Alegre;Gabriela Lins;R$ 73.967,19;25%;11/02/2026;Ganho
001792;Empresa 1792 Ltda.;Belo Horizonte;Elisa Moura;R$ 315.471,59;50%;12/02/2026;Proposta
001793;Empresa 1793 Ltda.;Salvador;Diego Fontes;R$ 114.691,78;50%;13/02/2026;Proposta
001794;Empresa 1794 Ltda.;Curitiba;Hugo Prado;R$ 82.861,36;10%;14/02/2026;Negociação
001795;Empresa 1795 Ltda.;Curitiba;Diego Fontes;R$ 214.002,64;50%;15/02/2026;Perdido
001796;Empresa 1796 Ltda.;Florianópolis;Gabriela Lins;R$ 208.898,38;25%;16/02/2026;Qualificação
001797;Empresa 1797 Ltda.;Curitiba;Hugo Prado;R$ 403.990,40;10%;17/02/2026;Perdido
001798;Empresa 1798 Ltda.;Curitiba;Carla Menezes;R$ 365.888,91;10%;18/02/2026;Qualificação
001799;Empresa 1799 Ltda.;Porto Alegre;Elisa Moura;R$ 334.515,66;10%;19/02/2026;Perdido
001800;Empresa 1800 Ltda.;Porto Alegre;Carla Menezes;R$ 100.127,72;75%;20/02/2026;Ganho
001801;Empresa 1801 Ltda.;Belo Horizonte;Felipe Andrade;R$ 465.526,04;75%;21/02/2026;Diagnóstico
001802;Empresa 1802 Ltda.;Recife;Diego Fontes;R$ 368.299,26;10%;22/02/2026;Ganho
001803;Empresa 1803 Ltda.;São Paulo;Ana Ribeiro;R$ 80.376,60;75%;23/02/2026;Ganho
001804;Empresa 1804 Ltda.;Recife;Bruno Takahashi;R$ 8.971,92;50%;24/02/2026;Diagnóstico
001805;Empresa 1805 Ltda.;Recife;Ana Ribeiro;R$ 236.814,74;10%;25/02/2026;Ganho
001806;Empresa 1806 Ltda.;Belo Horizonte;Bruno Takahashi;R$ 12.910,46;25%;26/02/2026;Qualificação
001807;Empresa 1807 Ltda.;Florianópolis;Gabriela Lins;R$ 367.374,12;50%;27/02/2026;Ganho
001808;Empresa 1808 Ltda.;Belo Horizonte;Carla Menezes;R$ 92.594,52;10%;28/02/2026;Proposta
001809;Empresa 1809 Ltda.;Porto Alegre;Gabriela Lins;R$ 381.559,26;50%;01/03/2026;Qualificação
001810;Empresa 1810 Ltda.;Porto Alegre;Felipe Andrade;R$ 85.483,93;10%;02/03/2026;Qualificação
001811;Empresa 1811 Ltda.;Recife;Carla Menezes;R$ 124.210,93;75%;03/03/2026;Qualificação
001812;Empresa 1812 Ltda.;São Paulo;Hugo Prado;R$ 250.241,12;50%;04/03/2026;Perdido
001813;Empresa 1813 Ltda.;Florianópolis;Elisa Moura;R$ 372.376,75;90%;05/03/2026;Proposta
001814;Empresa 1814 Ltda.;Recife;Gabriela Lins;R$ 295.795,31;50%;06/03/2026;Diagnóstico
001815;Empresa 1815 Ltda.;Goiânia;Ana Ribeiro;R$ 23.851,08;10%;07/03/2026;Diagnóstico
001816;Empresa 1816 Ltda.;Goiânia;Carla Menezes;R$ 284.958,97;75%;08/03/2026;Qualificação
001817;Empresa 1817 Ltda.;Curitiba;Ana Ribeiro;R$ 419.733,86;90%;09/03/2026;Diagnóstico
001818;Empresa 1818 Ltda.;Curitiba;Hugo Prado;R$ 66.583,18;50%;10/03/2026;Ganho
001819;Empresa 1819 Ltda.;Recife;Hugo Prado;R$ 72.690,99;10%;11/03/2026;Qualificação
001820;Empresa 1820 Ltda.;Salvador;Gabriela Lins;R$ 322.089,71;25%;12/03/2026;Negociação
001821;Empresa 1821 Ltda.;Porto Alegre;Elisa Moura;R$ 340.823,76;90%;13/03/2026;Diagnóstico
001822;Empresa 1822 Ltda.;Belo Horizonte;Elisa Moura;R$ 267.001,28;90%;14/03/2026;Ganho
001823;Empresa 1823 Ltda.;Florianópolis;Felipe Andrade;R$ 403.900,21;10%;15/03/2026;Diagnóstico
001824;Empresa 1824 Ltda.;Florianópolis;Ana Ribeiro;R$ 23.757,01;10%;16/03/2026;Diagnóstico
001825;Empresa 1825 Ltda.;São Paulo;Ana Ribeiro;R$ 356.485,09;50%;17/03/2026;Diagnóstico
001826;Empresa 1826 Ltda.;São Paulo;Hugo Prado;R$ 36.992,23;25%;18/03/2026;Ganho
001827;Empresa 1827 Ltda.;Curitiba;Bruno Takahashi;R$ 74.763,15;90%;19/03/2026;Ganho
001828;Empresa 1828 Ltda.;Belo Horizonte;Hugo Prado;R$ 404.465,39;10%;20/03/2026;Negociação
001829;Empresa 1829 Ltda.;Florianópolis;Gabriela Lins;R$ 76.262,23;50%;21/03/2026;Perdido
001830;Empresa 1830 Ltda.;Goiânia;Felipe Andrade;R$ 218.712,07;50%;22/03/2026;Ganho
001831;Empresa 1831 Ltda.;São Paulo;Felipe Andrade;R$ 41.878,64;10%;23/03/2026;Qualificação
001832;Empresa 1832 Ltda.;Salvador;Elisa Moura;R$ 331.354,34;10%;24/03/2026;Proposta
001833;Empresa 1833 Ltda.;Belo Horizonte;Elisa Moura;R$ 298.908,68;25%;25/03/2026;Diagnóstico
001834;Empresa 1834 Ltda.;Porto Alegre;Felipe Andrade;R$ 95.042,97;75%;26/03/2026;Diagnóstico
001835;Empresa 1835 Ltda.;Florianópolis;Elisa Moura;R$ 220.188,31;75%;27/03/2026;Ganho
001836;Empresa 1836 Ltda.;Salvador;Ana Ribeiro;R$ 424.368,49;10%;28/03/2026;Negociação
001837;Empresa 1837 Ltda.;Porto Alegre;Elisa Moura;R$ 213.052,47;90%;29/03/2026;Perdido
001838;Empresa 1838 Ltda.;Recife;Elisa Moura;R$ 387.743,07;10%;30/03/2026;Proposta
001839;Empresa 1839 Ltda.;Salvador;Felipe Andrade;R$ 474.772,04;25%;31/03/2026;Ganho
001840;Empresa 1840 Ltda.;Goiânia;Hugo Prado;R$ 274.336,96;90%;01/04/2026;Negociação
001841;Empresa 1841 Ltda.;Goiânia;Bruno Takahashi;R$ 289.372,92;50%;02/04/2026;Perdido
001842;Empresa 1842 Ltda.;São Paulo;Gabriela Lins;R$ 196.345,28;25%;03/04/2026;Perdido
001843;Empresa 1843 Ltda.;São Paulo;Gabriela Lins;R$ 260.778,19;50%;04/04/2026;Ganho
001844;Empresa 1844 Ltda.;Florianópolis;Carla Menezes;R$ 43.141,15;75%;05/04/2026;Qualificação
001845;Empresa 1845 Ltda.;Salvador;Elisa Moura;R$ 413.045,17;50%;06/04/2026;Negociação
001846;Empresa 1846 Ltda.;Belo Horizonte;Hugo Prado;R$ 474.984,69;25%;07/04/2026;Diagnóstico
001847;Empresa 1847 Ltda.;Porto Alegre;Felipe Andrade;R$ 361.654,56;25%;08/04/2026;Qualificação
001848;Empresa 1848 Ltda.;Porto Alegre;Bruno Takahashi;R$ 405.475,86;10%;09/04/2026;Qualificação
001849;Empresa 1849 Ltda.;Curitiba;Carla Menezes;R$ 60.659,85;10%;10/04/2026;Proposta
001850;Empresa 1850 Ltda.;Recife;Bruno Takahashi;R$ 82.264,13;10%;11/04/2026;Ganho
001851;Empresa 1851 Ltda.;Florianópolis;Bruno Takahashi;R$ 475.752,79;90%;12/04/2026;Perdido
001852;Empresa 1852 Ltda.;Salvador;Diego Fontes;R$ 292.821,69;75%;13/04/2026;Ganho
001853;Empresa 1853 Ltda.;Porto Alegre;Diego Fontes;R$ 310.806,90;10%;14/04/2026;Proposta
001854;Empresa 1854 Ltda.;Salvador;Carla Menezes;R$ 456.384,83;90%;15/04/2026;Ganho
001855;Empresa 1855 Ltda.;São Paulo;Ana Ribeiro;R$ 447.214,92;50%;16/04/2026;Negociação
001856;Empresa 1856 Ltda.;Goiânia;Carla Menezes;R$ 265.215,61;50%;17/04/2026;Proposta
001857;Empresa 1857 Ltda.;Curitiba;Hugo Prado;R$ 382.877,26;10%;18/04/2026;Qualificação
001858;Empresa 1858 Ltda.;São Paulo;Elisa Moura;R$ 91.693,56;75%;19/04/2026;Negociação
001859;Empresa 1859 Ltda.;Recife;Felipe Andrade;R$ 35.103,93;10%;20/04/2026;Diagnóstico
001860;Empresa 1860 Ltda.;São Paulo;Elisa Moura;R$ 195.334,90;90%;21/04/2026;Ganho
001861;Empresa 1861 Ltda.;Florianópolis;Diego Fontes;R$ 12.401,04;50%;22/04/2026;Ganho
001862;Empresa 1862 Ltda.;Florianópolis;Carla Menezes;R$ 440.993,46;75%;23/04/2026;Perdido
001863;Empresa 1863 Ltda.;Belo Horizonte;Gabriela Lins;R$ 340.949,55;50%;24/04/2026;Diagnóstico
001864;Empresa 1864 Ltda.;Florianópolis;Ana Ribeiro;R$ 278.324,82;75%;25/04/2026;Diagnóstico
001865;Empresa 1865 Ltda.;Belo Horizonte;Elisa Moura;R$ 461.809,02;50%;26/04/2026;Proposta
001866;Empresa 1866 Ltda.;Goiânia;Hugo Prado;R$ 235.559,36;50%;27/04/2026;Qualificação
001867;Empresa 1867 Ltda.;São Paulo;Elisa Moura;R$ 439.780,22;25%;28/04/2026;Negociação
001868;Empresa 1868 Ltda.;Belo Horizonte;Hugo Prado;R$ 372.413,78;90%;29/04/2026;Negociação
001869;Empresa 1869 Ltda.;Recife;Bruno Takahashi;R$ 202.911,83;10%;30/04/2026;Perdido
001870;Empresa 1870 Ltda.;Porto Alegre;Carla Menezes;R$ 436.912,89;90%;01/05/2026;Perdido
001871;Empresa 1871 Ltda.;São Paulo;Ana Ribeiro;R$ 88.220,13;25%;02/05/2026;Proposta
001872;Empresa 1872 Ltda.;Porto Alegre;Gabriela Lins;R$ 77.988,54;10%;03/05/2026;Proposta
001873;Empresa 1873 Ltda.;Recife;Gabriela Lins;R$ 233.263,29;10%;04/05/2026;Negociação
001874;Empresa 1874 Ltda.;Salvador;Elisa Moura;R$ 197.734,00;75%;05/05/2026;Qualificação
001875;Empresa 1875 Ltda.;Salvador;Elisa Moura;R$ 278.825,45;10%;06/05/2026;Ganho
001876;Empresa 1876 Ltda.;Curitiba;Gabriela Lins;R$ 328.734,92;25%;07/05/2026;Perdido
001877;Empresa 1877 Ltda.;Florianópolis;Diego Fontes;R$ 31.042,97;10%;08/05/2026;Negociação
001878;Empresa 1878 Ltda.;Belo Horizonte;Elisa Moura;R$ 97.985,12;25%;09/05/2026;Diagnóstico
001879;Empresa 1879 Ltda.;Salvador;Hugo Prado;R$ 460.982,02;75%;10/05/2026;Diagnóstico
001880;Empresa 1880 Ltda.;Recife;Felipe Andrade;R$ 208.752,34;75%;11/05/2026;Perdido
001881;Empresa 1881 Ltda.;Salvador;Felipe Andrade;R$ 23.010,24;90%;12/05/2026;Negociação
001882;Empresa 1882 Ltda.;São Paulo;Felipe Andrade;R$ 306.439,69;90%;13/05/2026;Diagnóstico
001883;Empresa 1883 Ltda.;Belo Horizonte;Hugo Prado;R$ 160.705,44;50%;14/05/2026;Ganho
001884;Empresa 1884 Ltda.;Goiânia;Elisa Moura;R$ 278.295,08;10%;15/05/2026;Proposta
001885;Empresa 1885 Ltda.;Florianópolis;Bruno Takahashi;R$ 302.004,30;50%;16/05/2026;Proposta
001886;Empresa 1886 Ltda.;Recife;Ana Ribeiro;R$ 476.102,30;25%;17/05/2026;Qualificação
001887;Empresa 1887 Ltda.;Porto Alegre;Diego Fontes;R$ 89.148,45;75%;18/05/2026;Qualificação
001888;Empresa 1888 Ltda.;Florianópolis;Carla Menezes;R$ 307.188,60;10%;19/05/2026;Ganho
001889;Empresa 1889 Ltda.;Curitiba;Diego Fontes;R$ 80.065,64;90%;20/05/2026;Diagnóstico
001890;Empresa 1890 Ltda.;Curitiba;Bruno Takahashi;R$ 418.096,55;10%;21/05/2026;Negociação
001891;Empresa 1891 Ltda.;Goiânia;Diego Fontes;R$ 272.430,03;25%;22/05/2026;Perdido
001892;Empresa 1892 Ltda.;Recife;Carla Menezes;R$ 114.099,24;90%;23/05/2026;Perdido
001893;Empresa 1893 Ltda.;Salvador;Gabriela Lins;R$ 41.720,91;25%;24/05/2026;Qualificação
001894;Empresa 1894 Ltda.;Goiânia;Elisa Moura;R$ 214.265,50;75%;25/05/2026;Perdido
001895;Empresa 1895 Ltda.;São Paulo;Hugo Prado;R$ 138.662,02;10%;26/05/2026;Proposta
001896;Empresa 1896 Ltda.;Belo Horizonte;Hugo Prado;R$ 218.653,29;75%;27/05/2026;Negociação
001897;Empresa 1897 Ltda.;Porto Alegre;Carla Menezes;R$ 90.279,51;75%;28/05/2026;Diagnóstico
001898;Empresa 1898 Ltda.;São Paulo;Diego Fontes;R$ 365.608,46;25%;29/05/2026;Qualificação
001899;Empresa 1899 Ltda.;Recife;Elisa Moura;R$ 396.025,99;25%;30/05/2026;Qualificação
001900;Empresa 1900 Ltda.;Belo Horizonte;Diego Fontes;R$ 439.172,66;90%;31/05/2026;Negociação
001901;Empresa 1901 Ltda.;Florianópolis;Felipe Andrade;R$ 280.585,82;50%;01/06/2026;Proposta
001902;Empresa 1902 Ltda.;Curitiba;Diego Fontes;R$ 102.538,65;25%;02/06/2026;Ganho
001903;Empresa 1903 Ltda.;Porto Alegre;Carla Menezes;R$ 123.071,34;90%;03/06/2026;Qualificação
001904;Empresa 1904 Ltda.;Recife;Elisa Moura;R$ 430.627,51;10%;04/06/2026;Perdido
001905;Empresa 1905 Ltda.;São Paulo;Elisa Moura;R$ 405.117,87;25%;05/06/2026;Qualificação
001906;Empresa 1906 Ltda.;Florianópolis;Ana Ribeiro;R$ 291.274,07;90%;06/06/2026;Proposta
001907;Empresa 1907 Ltda.;Florianópolis;Diego Fontes;R$ 471.776,32;75%;07/06/2026;Ganho
001908;Empresa 1908 Ltda.;São Paulo;Bruno Takahashi;R$ 248.374,84;50%;08/06/2026;Proposta
001909;Empresa 1909 Ltda.;Curitiba;Felipe Andrade;R$ 467.867,74;90%;09/06/2026;Diagnóstico
001910;Empresa 1910 Ltda.;São Paulo;Gabriela Lins;R$ 92.812,06;75%;10/06/2026;Qualificação
001911;Empresa 1911 Ltda.;São Paulo;Ana Ribeiro;R$ 176.669,64;75%;11/06/2026;Ganho
001912;Empresa 1912 Ltda.;São Paulo;Gabriela Lins;R$ 109.091,70;25%;12/06/2026;Qualificação
001913;Empresa 1913 Ltda.;Belo Horizonte;Carla Menezes;R$ 339.714,51;10%;13/06/2026;Perdido
001914;Empresa 1914 Ltda.;Goiânia;Ana Ribeiro;R$ 245.142,70;50%;14/06/2026;Perdido
001915;Empresa 1915 Ltda.;Curitiba;Elisa Moura;R$ 406.462,01;10%;15/06/2026;Negociação
001916;Empresa 1916 Ltda.;Florianópolis;Elisa Moura;R$ 267.184,38;50%;16/06/2026;Perdido
001917;Empresa 1917 Ltda.;Belo Horizonte;Ana Ribeiro;R$ 194.337,22;25%;17/06/2026;Qualificação
001918;Empresa 1918 Ltda.;Curitiba;Gabriela Lins;R$ 210.239,68;10%;18/06/2026;Qualificação
001919;Empresa 1919 Ltda.;Recife;Felipe Andrade;R$ 94.324,75;50%;19/06/2026;Proposta
001920;Empresa 1920 Ltda.;Curitiba;Gabriela Lins;R$ 188.582,41;50%;20/06/2026;Diagnóstico
001921;Empresa 1921 Ltda.;Porto Alegre;Elisa Moura;R$ 20.785,60;75%;21/06/2026;Diagnóstico
001922;Empresa 1922 Ltda.;Goiânia;Felipe Andrade;R$ 473.697,57;75%;22/06/2026;Ganho
001923;Empresa 1923 Ltda.;Salvador;Ana Ribeiro;R$ 228.558,29;90%;23/06/2026;Proposta
001924;Empresa 1924 Ltda.;Curitiba;Diego Fontes;R$ 62.248,79;10%;24/06/2026;Ganho
001925;Empresa 1925 Ltda.;Porto Alegre;Felipe Andrade;R$ 114.250,51;90%;25/06/2026;Perdido
001926;Empresa 1926 Ltda.;Curitiba;Carla Menezes;R$ 478.130,76;10%;26/06/2026;Qualificação
001927;Empresa 1927 Ltda.;Recife;Hugo Prado;R$ 282.690,24;25%;27/06/2026;Diagnóstico
001928;Empresa 1928 Ltda.;Florianópolis;Felipe Andrade;R$ 434.785,88;25%;28/06/2026;Negociação
001929;Empresa 1929 Ltda.;Recife;Diego Fontes;R$ 266.556,83;50%;29/06/2026;Proposta
001930;Empresa 1930 Ltda.;Goiânia;Gabriela Lins;R$ 387.310,17;10%;30/06/2026;Qualificação
001931;Empresa 1931 Ltda.;Belo Horizonte;Gabriela Lins;R$ 254.891,03;10%;01/07/2026;Proposta
001932;Empresa 1932 Ltda.;Salvador;Felipe Andrade;R$ 122.194,30;90%;02/07/2026;Negociação
001933;Empresa 1933 Ltda.;Porto Alegre;Bruno Takahashi;R$ 131.589,10;50%;03/07/2026;Proposta
001934;Empresa 1934 Ltda.;São Paulo;Carla Menezes;R$ 355.850,50;90%;04/07/2026;Perdido
001935;Empresa 1935 Ltda.;Goiânia;Gabriela Lins;R$ 213.934,51;25%;05/07/2026;Negociação
001936;Empresa 1936 Ltda.;Salvador;Carla Menezes;R$ 71.255,31;90%;06/07/2026;Ganho
001937;Empresa 1937 Ltda.;Recife;Diego Fontes;R$ 282.768,61;50%;07/07/2026;Proposta
001938;Empresa 1938 Ltda.;Porto Alegre;Carla Menezes;R$ 339.522,86;75%;08/07/2026;Ganho
001939;Empresa 1939 Ltda.;Curitiba;Bruno Takahashi;R$ 334.139,20;25%;09/07/2026;Qualificação
001940;Empresa 1940 Ltda.;Belo Horizonte;Gabriela Lins;R$ 285.630,54;10%;10/07/2026;Negociação
001941;Empresa 1941 Ltda.;Florianópolis;Bruno Takahashi;R$ 454.169,21;25%;11/07/2026;Qualificação
001942;Empresa 1942 Ltda.;Porto Alegre;Elisa Moura;R$ 159.389,72;90%;12/07/2026;Qualificação
001943;Empresa 1943 Ltda.;Curitiba;Hugo Prado;R$ 45.808,12;90%;13/07/2026;Negociação
001944;Empresa 1944 Ltda.;Salvador;Ana Ribeiro;R$ 363.872,74;75%;14/07/2026;Diagnóstico
001945;Empresa 1945 Ltda.;Porto Alegre;Carla Menezes;R$ 394.516,73;75%;15/07/2026;Negociação
001946;Empresa 1946 Ltda.;São Paulo;Carla Menezes;R$ 417.234,47;75%;16/07/2026;Negociação
001947;Empresa 1947 Ltda.;Porto Alegre;Diego Fontes;R$ 271.669,64;25%;17/07/2026;Perdido
001948;Empresa 1948 Ltda.;Goiânia;Felipe Andrade;R$ 11.000,20;25%;18/07/2026;Negociação
001949;Empresa 1949 Ltda.;Goiânia;Diego Fontes;R$ 216.435,98;75%;19/07/2026;Ganho
001950;Empresa 1950 Ltda.;Porto Alegre;Carla Menezes;R$ 259.006,15;90%;20/07/2026;Ganho
001951;Empresa 1951 Ltda.;Goiânia;Diego Fontes;R$ 222.299,76;75%;21/07/2026;Qualificação
001952;Empresa 1952 Ltda.;Curitiba;Ana Ribeiro;R$ 40.965,98;10%;22/07/2026;Diagnóstico
001953;Empresa 1953 Ltda.;Curitiba;Bruno Takahashi;R$ 324.885,23;75%;23/07/2026;Diagnóstico
001954;Empresa 1954 Ltda.;Salvador;Gabriela Lins;R$ 40.458,12;75%;24/07/2026;Negociação
001955;Empresa 1955 Ltda.;Salvador;Ana Ribeiro;R$ 111.971,59;90%;25/07/2026;Diagnóstico
001956;Empresa 1956 Ltda.;Goiânia;Ana Ribeiro;R$ 243.413,27;90%;26/07/2026;Qualificação
001957;Empresa 1957 Ltda.;Curitiba;Carla Menezes;R$ 474.792,15;50%;27/07/2026;Perdido
001958;Empresa 1958 Ltda.;São Paulo;Gabriela Lins;R$ 56.722,86;75%;28/07/2026;Proposta
001959;Empresa 1959 Ltda.;Salvador;Bruno Takahashi;R$ 199.967,46;25%;29/07/2026;Perdido
001960;Empresa 1960 Ltda.;Porto Alegre;Diego Fontes;R$ 34.131,27;25%;30/07/2026;Proposta
001961;Empresa 1961 Ltda.;São Paulo;Ana Ribeiro;R$ 171.128,58;10%;31/07/2026;Proposta
001962;Empresa 1962 Ltda.;Goiânia;Felipe Andrade;R$ 358.763,40;10%;01/08/2026;Qualificação
001963;Empresa 1963 Ltda.;Belo Horizonte;Felipe Andrade;R$ 460.527,36;50%;02/08/2026;Qualificação
001964;Empresa 1964 Ltda.;Curitiba;Bruno Takahashi;R$ 447.351,56;10%;03/08/2026;Perdido
001965;Empresa 1965 Ltda.;Porto Alegre;Diego Fontes;R$ 479.008,00;75%;04/08/2026;Perdido
001966;Empresa 1966 Ltda.;Curitiba;Gabriela Lins;R$ 398.592,10;10%;05/08/2026;Proposta
001967;Empresa 1967 Ltda.;Curitiba;Carla Menezes;R$ 325.970,60;10%;06/08/2026;Diagnóstico
001968;Empresa 1968 Ltda.;Recife;Ana Ribeiro;R$ 430.721,39;90%;07/08/2026;Proposta
001969;Empresa 1969 Ltda.;Belo Horizonte;Ana Ribeiro;R$ 308.408,68;50%;08/08/2026;Diagnóstico
001970;Empresa 1970 Ltda.;Recife;Bruno Takahashi;R$ 350.918,00;75%;09/08/2026;Diagnóstico
001971;Empresa 1971 Ltda.;Curitiba;Hugo Prado;R$ 74.277,14;10%;10/08/2026;Perdido
001972;Empresa 1972 Ltda.;Salvador;Ana Ribeiro;R$ 245.965,45;90%;11/08/2026;Qualificação
001973;Empresa 1973 Ltda.;São Paulo;Carla Menezes;R$ 465.691,09;10%;12/08/2026;Negociação
001974;Empresa 1974 Ltda.;Curitiba;Gabriela Lins;R$ 352.122,38;10%;13/08/2026;Perdido
001975;Empresa 1975 Ltda.;São Paulo;Diego Fontes;R$ 31.615,69;90%;14/08/2026;Negociação
001976;Empresa 1976 Ltda.;Porto Alegre;Diego Fontes;R$ 196.650,36;75%;15/08/2026;Diagnóstico
001977;Empresa 1977 Ltda.;Belo Horizonte;Ana Ribeiro;R$ 72.142,33;25%;16/08/2026;Proposta
001978;Empresa 1978 Ltda.;Salvador;Carla Menezes;R$ 111.968,15;25%;17/08/2026;Perdido
001979;Empresa 1979 Ltda.;Salvador;Hugo Prado;R$ 409.328,84;25%;18/08/2026;Ganho
001980;Empresa 1980 Ltda.;Belo Horizonte;Ana Ribeiro;R$ 17.005,05;25%;19/08/2026;Diagnóstico
001981;Empresa 1981 Ltda.;São Paulo;Carla Menezes;R$ 138.453,62;75%;20/08/2026;Perdido
001982;Empresa 1982 Ltda.;São Paulo;Ana Ribeiro;R$ 387.470,52;25%;21/08/2026;Qualificação
001983;Empresa 1983 Ltda.;Recife;Felipe Andrade;R$ 146.969,15;90%;22/08/2026;Diagnóstico
001984;Empresa 1984 Ltda.;Salvador;Ana Ribeiro;R$ 359.527,21;10%;23/08/2026;Ganho
001985;Empresa 1985 Ltda.;Goiânia;Ana Ribeiro;R$ 124.963,66;10%;24/08/2026;Diagnóstico
001986;Empresa 1986 Ltda.;Salvador;Hugo Prado;R$ 25.233,13;90%;25/08/2026;Ganho
001987;Empresa 1987 Ltda.;Salvador;Hugo Prado;R$ 60.221,86;90%;26/08/2026;Negociação
001988;Empresa 1988 Ltda.;Porto Alegre;Bruno Takahashi;R$ 271.305,45;50%;27/08/2026;Qualificação
001989;Empresa 1989 Ltda.;Belo Horizonte;Hugo Prado;R$ 217.347,28;25%;28/08/2026;Ganho
001990;Empresa 1990 Ltda.;Goiânia;Gabriela Lins;R$ 371.445,11;75%;29/08/2026;Proposta
001991;Empresa 1991 Ltda.;São Paulo;Hugo Prado;R$ 336.859,74;90%;30/08/2026;Diagnóstico
001992;Empresa 1992 Ltda.;Porto Alegre;Elisa Moura;R$ 294.458,39;10%;31/08/2026;Negociação
001993;Empresa 1993 Ltda.;Porto Alegre;Felipe Andrade;R$ 132.254,75;25%;01/09/2026;Qualificação
001994;Empresa 1994 Ltda.;Porto Alegre;Diego Fontes;R$ 428.942,77;75%;02/09/2026;Negociação
001995;Empresa 1995 Ltda.;Florianópolis;Bruno Takahashi;R$ 368.922,24;75%;03/09/2026;Perdido
001996;Empresa 1996 Ltda.;Curitiba;Elisa Moura;R$ 59.047,95;50%;04/09/2026;Proposta
001997;Empresa 1997 Ltda.;Porto Alegre;Hugo Prado;R$ 159.037,35;10%;05/09/2026;Ganho
001998;Empresa 1998 Ltda.;Belo Horizonte;Diego Fontes;R$ 294.063,92;25%;06/09/2026;Perdido
001999;Empresa 1999 Ltda.;Goiânia;Carla Menezes;R$ 96.006,16;75%;07/09/2026;Negociação
002000;Empresa 2000 Ltda.;Belo Horizonte;Gabriela Lins;R$ 443.649,17;75%;08/09/2026;Qualificação
002001;Empresa 2001 Ltda.;Recife;Carla Menezes;R$ 141.684,34;75%;02/01/2026;Negociação
002002;Empresa 2002 Ltda.;Recife;Gabriela Lins;R$ 441.720,64;50%;03/01/2026;Qualificação
002003;Empresa 2003 Ltda.;Recife;Felipe Andrade;R$ 179.039,22;90%;04/01/2026;Ganho
002004;Empresa 2004 Ltda.;Salvador;Hugo Prado;R$ 390.563,11;25%;05/01/2026;Negociação
002005;Empresa 2005 Ltda.;São Paulo;Carla Menezes;R$ 169.691,55;90%;06/01/2026;Ganho
002006;Empresa 2006 Ltda.;Porto Alegre;Ana Ribeiro;R$ 320.790,26;75%;07/01/2026;Diagnóstico
002007;Empresa 2007 Ltda.;Goiânia;Carla Menezes;R$ 278.702,67;10%;08/01/2026;Negociação
002008;Empresa 2008 Ltda.;Goiânia;Bruno Takahashi;R$ 81.580,24;10%;09/01/2026;Qualificação
002009;Empresa 2009 Ltda.;Salvador;Elisa Moura;R$ 445.625,94;25%;10/01/2026;Negociação
002010;Empresa 2010 Ltda.;Salvador;Ana Ribeiro;R$ 213.528,85;25%;11/01/2026;Qualificação
002011;Empresa 2011 Ltda.;Salvador;Gabriela Lins;R$ 477.831,84;90%;12/01/2026;Ganho
002012;Empresa 2012 Ltda.;Florianópolis;Elisa Moura;R$ 102.057,97;50%;13/01/2026;Perdido
002013;Empresa 2013 Ltda.;Goiânia;Hugo Prado;R$ 457.325,27;75%;14/01/2026;Ganho
002014;Empresa 2014 Ltda.;Porto Alegre;Felipe Andrade;R$ 36.979,52;75%;15/01/2026;Ganho
002015;Empresa 2015 Ltda.;Florianópolis;Gabriela Lins;R$ 29.006,28;10%;16/01/2026;Ganho
002016;Empresa 2016 Ltda.;Florianópolis;Diego Fontes;R$ 436.961,22;90%;17/01/2026;Ganho
002017;Empresa 2017 Ltda.;Salvador;Carla Menezes;R$ 229.374,09;25%;18/01/2026;Negociação
002018;Empresa 2018 Ltda.;Curitiba;Ana Ribeiro;R$ 462.599,72;10%;19/01/2026;Ganho
002019;Empresa 2019 Ltda.;Goiânia;Diego Fontes;R$ 307.967,85;10%;20/01/2026;Diagnóstico
002020;Empresa 2020 Ltda.;Salvador;Gabriela Lins;R$ 226.636,71;50%;21/01/2026;Diagnóstico
002021;Empresa 2021 Ltda.;Porto Alegre;Bruno Takahashi;R$ 110.503,82;75%;22/01/2026;Proposta
002022;Empresa 2022 Ltda.;Belo Horizonte;Gabriela Lins;R$ 373.387,98;50%;23/01/2026;Qualificação
002023;Empresa 2023 Ltda.;Porto Alegre;Felipe Andrade;R$ 310.446,07;90%;24/01/2026;Proposta
002024;Empresa 2024 Ltda.;Goiânia;Carla Menezes;R$ 397.336,00;25%;25/01/2026;Ganho
002025;Empresa 2025 Ltda.;Porto Alegre;Diego Fontes;R$ 30.636,80;25%;26/01/2026;Ganho
002026;Empresa 2026 Ltda.;Salvador;Hugo Prado;R$ 212.235,59;75%;27/01/2026;Negociação
002027;Empresa 2027 Ltda.;Florianópolis;Elisa Moura;R$ 235.014,18;10%;28/01/2026;Perdido
002028;Empresa 2028 Ltda.;São Paulo;Hugo Prado;R$ 477.699,30;90%;29/01/2026;Ganho
002029;Empresa 2029 Ltda.;Salvador;Ana Ribeiro;R$ 149.289,57;75%;30/01/2026;Diagnóstico
002030;Empresa 2030 Ltda.;Florianópolis;Gabriela Lins;R$ 82.718,88;10%;31/01/2026;Proposta
002031;Empresa 2031 Ltda.;Belo Horizonte;Diego Fontes;R$ 16.140,41;10%;01/02/2026;Negociação
002032;Empresa 2032 Ltda.;Belo Horizonte;Hugo Prado;R$ 479.202,86;90%;02/02/2026;Proposta
002033;Empresa 2033 Ltda.;Goiânia;Elisa Moura;R$ 386.536,37;50%;03/02/2026;Perdido
002034;Empresa 2034 Ltda.;Curitiba;Elisa Moura;R$ 477.668,03;50%;04/02/2026;Qualificação
002035;Empresa 2035 Ltda.;Salvador;Ana Ribeiro;R$ 248.098,87;90%;05/02/2026;Proposta
002036;Empresa 2036 Ltda.;Porto Alegre;Felipe Andrade;R$ 104.991,39;75%;06/02/2026;Ganho
002037;Empresa 2037 Ltda.;Porto Alegre;Ana Ribeiro;R$ 290.707,51;50%;07/02/2026;Ganho
002038;Empresa 2038 Ltda.;Recife;Ana Ribeiro;R$ 308.018,69;75%;08/02/2026;Diagnóstico
002039;Empresa 2039 Ltda.;Porto Alegre;Carla Menezes;R$ 299.813,00;10%;09/02/2026;Perdido
002040;Empresa 2040 Ltda.;Goiânia;Gabriela Lins;R$ 359.005,71;25%;10/02/2026;Diagnóstico
002041;Empresa 2041 Ltda.;Belo Horizonte;Elisa Moura;R$ 23.514,35;75%;11/02/2026;Ganho
002042;Empresa 2042 Ltda.;Recife;Felipe Andrade;R$ 72.408,70;90%;12/02/2026;Qualificação
002043;Empresa 2043 Ltda.;Belo Horizonte;Hugo Prado;R$ 369.830,75;25%;13/02/2026;Negociação
002044;Empresa 2044 Ltda.;Salvador;Hugo Prado;R$ 411.545,70;90%;14/02/2026;Negociação
002045;Empresa 2045 Ltda.;São Paulo;Felipe Andrade;R$ 80.866,55;25%;15/02/2026;Negociação
002046;Empresa 2046 Ltda.;São Paulo;Carla Menezes;R$ 66.198,77;25%;16/02/2026;Proposta
002047;Empresa 2047 Ltda.;Porto Alegre;Felipe Andrade;R$ 230.777,74;90%;17/02/2026;Ganho
002048;Empresa 2048 Ltda.;São Paulo;Hugo Prado;R$ 434.017,83;90%;18/02/2026;Qualificação
002049;Empresa 2049 Ltda.;Goiânia;Gabriela Lins;R$ 129.695,69;75%;19/02/2026;Ganho
002050;Empresa 2050 Ltda.;Florianópolis;Hugo Prado;R$ 155.252,56;75%;20/02/2026;Negociação
002051;Empresa 2051 Ltda.;Porto Alegre;Hugo Prado;R$ 71.998,05;10%;21/02/2026;Negociação
002052;Empresa 2052 Ltda.;Recife;Felipe Andrade;R$ 51.526,46;10%;22/02/2026;Diagnóstico
002053;Empresa 2053 Ltda.;São Paulo;Hugo Prado;R$ 403.951,23;10%;23/02/2026;Ganho
002054;Empresa 2054 Ltda.;Porto Alegre;Felipe Andrade;R$ 431.301,95;50%;24/02/2026;Ganho
002055;Empresa 2055 Ltda.;Curitiba;Hugo Prado;R$ 471.769,26;10%;25/02/2026;Ganho
002056;Empresa 2056 Ltda.;Recife;Hugo Prado;R$ 353.631,79;75%;26/02/2026;Perdido
002057;Empresa 2057 Ltda.;Salvador;Carla Menezes;R$ 438.957,31;50%;27/02/2026;Perdido
002058;Empresa 2058 Ltda.;Curitiba;Ana Ribeiro;R$ 168.108,75;50%;28/02/2026;Negociação
002059;Empresa 2059 Ltda.;Belo Horizonte;Diego Fontes;R$ 350.263,03;90%;01/03/2026;Diagnóstico
002060;Empresa 2060 Ltda.;Porto Alegre;Felipe Andrade;R$ 208.692,70;75%;02/03/2026;Perdido
002061;Empresa 2061 Ltda.;Florianópolis;Hugo Prado;R$ 306.856,77;25%;03/03/2026;Qualificação
002062;Empresa 2062 Ltda.;Goiânia;Hugo Prado;R$ 139.678,71;75%;04/03/2026;Ganho
002063;Empresa 2063 Ltda.;Recife;Bruno Takahashi;R$ 36.711,96;10%;05/03/2026;Diagnóstico
002064;Empresa 2064 Ltda.;Salvador;Carla Menezes;R$ 26.442,75;90%;06/03/2026;Negociação
002065;Empresa 2065 Ltda.;São Paulo;Ana Ribeiro;R$ 93.877,05;25%;07/03/2026;Proposta
002066;Empresa 2066 Ltda.;Belo Horizonte;Ana Ribeiro;R$ 96.645,30;75%;08/03/2026;Perdido
002067;Empresa 2067 Ltda.;São Paulo;Elisa Moura;R$ 35.586,33;90%;09/03/2026;Ganho
002068;Empresa 2068 Ltda.;Belo Horizonte;Hugo Prado;R$ 124.177,25;50%;10/03/2026;Negociação
002069;Empresa 2069 Ltda.;Salvador;Ana Ribeiro;R$ 322.331,37;90%;11/03/2026;Qualificação
002070;Empresa 2070 Ltda.;Goiânia;Elisa Moura;R$ 267.061,62;25%;12/03/2026;Qualificação
002071;Empresa 2071 Ltda.;Recife;Bruno Takahashi;R$ 132.083,30;50%;13/03/2026;Qualificação
002072;Empresa 2072 Ltda.;Recife;Bruno Takahashi;R$ 414.505,34;90%;14/03/2026;Proposta
002073;Empresa 2073 Ltda.;Florianópolis;Carla Menezes;R$ 466.788,37;10%;15/03/2026;Qualificação
002074;Empresa 2074 Ltda.;São Paulo;Hugo Prado;R$ 263.607,78;10%;16/03/2026;Diagnóstico
002075;Empresa 2075 Ltda.;Goiânia;Carla Menezes;R$ 220.341,02;10%;17/03/2026;Negociação
002076;Empresa 2076 Ltda.;Curitiba;Felipe Andrade;R$ 327.107,90;25%;18/03/2026;Ganho
002077;Empresa 2077 Ltda.;Curitiba;Elisa Moura;R$ 340.514,50;50%;19/03/2026;Ganho
002078;Empresa 2078 Ltda.;São Paulo;Diego Fontes;R$ 142.271,62;50%;20/03/2026;Diagnóstico
002079;Empresa 2079 Ltda.;Goiânia;Gabriela Lins;R$ 187.531,06;75%;21/03/2026;Negociação
002080;Empresa 2080 Ltda.;Goiânia;Carla Menezes;R$ 40.698,71;25%;22/03/2026;Perdido
002081;Empresa 2081 Ltda.;Goiânia;Bruno Takahashi;R$ 17.099,48;90%;23/03/2026;Qualificação
002082;Empresa 2082 Ltda.;Porto Alegre;Hugo Prado;R$ 45.289,72;25%;24/03/2026;Proposta
002083;Empresa 2083 Ltda.;São Paulo;Hugo Prado;R$ 82.051,05;25%;25/03/2026;Proposta
002084;Empresa 2084 Ltda.;Curitiba;Hugo Prado;R$ 58.038,40;50%;26/03/2026;Proposta
002085;Empresa 2085 Ltda.;Salvador;Ana Ribeiro;R$ 456.469,27;25%;27/03/2026;Diagnóstico
002086;Empresa 2086 Ltda.;São Paulo;Diego Fontes;R$ 60.321,12;25%;28/03/2026;Negociação
002087;Empresa 2087 Ltda.;São Paulo;Diego Fontes;R$ 476.121,43;25%;29/03/2026;Diagnóstico
002088;Empresa 2088 Ltda.;Curitiba;Carla Menezes;R$ 428.802,36;50%;30/03/2026;Perdido
002089;Empresa 2089 Ltda.;Recife;Elisa Moura;R$ 70.549,62;75%;31/03/2026;Qualificação
002090;Empresa 2090 Ltda.;Salvador;Ana Ribeiro;R$ 155.647,18;75%;01/04/2026;Qualificação
002091;Empresa 2091 Ltda.;São Paulo;Diego Fontes;R$ 83.620,74;75%;02/04/2026;Ganho
002092;Empresa 2092 Ltda.;Goiânia;Hugo Prado;R$ 404.368,86;90%;03/04/2026;Proposta
002093;Empresa 2093 Ltda.;São Paulo;Carla Menezes;R$ 426.053,31;75%;04/04/2026;Qualificação
002094;Empresa 2094 Ltda.;Salvador;Gabriela Lins;R$ 474.331,02;50%;05/04/2026;Perdido
002095;Empresa 2095 Ltda.;Goiânia;Carla Menezes;R$ 215.826,75;10%;06/04/2026;Diagnóstico
002096;Empresa 2096 Ltda.;Florianópolis;Elisa Moura;R$ 424.229,81;75%;07/04/2026;Diagnóstico
002097;Empresa 2097 Ltda.;Belo Horizonte;Diego Fontes;R$ 289.387,23;50%;08/04/2026;Negociação
002098;Empresa 2098 Ltda.;Salvador;Gabriela Lins;R$ 277.982,56;75%;09/04/2026;Ganho
002099;Empresa 2099 Ltda.;São Paulo;Ana Ribeiro;R$ 291.397,26;25%;10/04/2026;Qualificação
002100;Empresa 2100 Ltda.;Belo Horizonte;Felipe Andrade;R$ 130.743,41;50%;11/04/2026;Ganho
002101;Empresa 2101 Ltda.;Florianópolis;Elisa Moura;R$ 266.348,40;25%;12/04/2026;Ganho
002102;Empresa 2102 Ltda.;Salvador;Bruno Takahashi;R$ 429.974,33;75%;13/04/2026;Diagnóstico
002103;Empresa 2103 Ltda.;Florianópolis;Carla Menezes;R$ 463.173,76;10%;14/04/2026;Qualificação
002104;Empresa 2104 Ltda.;Porto Alegre;Ana Ribeiro;R$ 180.399,35;90%;15/04/2026;Negociação
002105;Empresa 2105 Ltda.;Curitiba;Hugo Prado;R$ 100.892,04;50%;16/04/2026;Ganho
002106;Empresa 2106 Ltda.;Porto Alegre;Ana Ribeiro;R$ 420.959,27;75%;17/04/2026;Perdido
002107;Empresa 2107 Ltda.;Florianópolis;Bruno Takahashi;R$ 61.908,38;25%;18/04/2026;Diagnóstico
002108;Empresa 2108 Ltda.;Porto Alegre;Ana Ribeiro;R$ 335.677,69;75%;19/04/2026;Perdido
002109;Empresa 2109 Ltda.;Recife;Felipe Andrade;R$ 17.036,90;50%;20/04/2026;Perdido
002110;Empresa 2110 Ltda.;Belo Horizonte;Hugo Prado;R$ 224.921,60;25%;21/04/2026;Ganho
002111;Empresa 2111 Ltda.;Belo Horizonte;Diego Fontes;R$ 396.932,77;75%;22/04/2026;Ganho
002112;Empresa 2112 Ltda.;Recife;Felipe Andrade;R$ 457.882,27;25%;23/04/2026;Perdido
002113;Empresa 2113 Ltda.;São Paulo;Elisa Moura;R$ 159.821,59;10%;24/04/2026;Negociação
002114;Empresa 2114 Ltda.;Recife;Bruno Takahashi;R$ 293.251,35;25%;25/04/2026;Negociação
002115;Empresa 2115 Ltda.;Curitiba;Diego Fontes;R$ 142.868,37;75%;26/04/2026;Ganho
002116;Empresa 2116 Ltda.;Goiânia;Carla Menezes;R$ 354.340,51;90%;27/04/2026;Ganho
002117;Empresa 2117 Ltda.;Salvador;Elisa Moura;R$ 134.189,38;10%;28/04/2026;Perdido
002118;Empresa 2118 Ltda.;Goiânia;Bruno Takahashi;R$ 349.894,47;50%;29/04/2026;Qualificação
002119;Empresa 2119 Ltda.;Salvador;Diego Fontes;R$ 413.453,42;10%;30/04/2026;Negociação
002120;Empresa 2120 Ltda.;Porto Alegre;Felipe Andrade;R$ 104.708,10;75%;01/05/2026;Perdido
002121;Empresa 2121 Ltda.;Florianópolis;Felipe Andrade;R$ 312.209,13;75%;02/05/2026;Proposta
002122;Empresa 2122 Ltda.;Porto Alegre;Elisa Moura;R$ 283.296,18;75%;03/05/2026;Negociação
002123;Empresa 2123 Ltda.;Salvador;Gabriela Lins;R$ 404.442,55;10%;04/05/2026;Proposta
002124;Empresa 2124 Ltda.;Florianópolis;Bruno Takahashi;R$ 299.418,96;90%;05/05/2026;Proposta
002125;Empresa 2125 Ltda.;Recife;Felipe Andrade;R$ 292.902,73;75%;06/05/2026;Perdido
002126;Empresa 2126 Ltda.;Recife;Bruno Takahashi;R$ 477.181,91;25%;07/05/2026;Qualificação
002127;Empresa 2127 Ltda.;Goiânia;Felipe Andrade;R$ 260.952,74;90%;08/05/2026;Qualificação
002128;Empresa 2128 Ltda.;Porto Alegre;Diego Fontes;R$ 220.477,41;90%;09/05/2026;Ganho
002129;Empresa 2129 Ltda.;Recife;Carla Menezes;R$ 193.276,60;75%;10/05/2026;Qualificação
002130;Empresa 2130 Ltda.;Belo Horizonte;Felipe Andrade;R$ 267.833,32;50%;11/05/2026;Diagnóstico
002131;Empresa 2131 Ltda.;Recife;Carla Menezes;R$ 467.190,91;90%;12/05/2026;Diagnóstico
002132;Empresa 2132 Ltda.;Belo Horizonte;Felipe Andrade;R$ 187.023,98;25%;13/05/2026;Perdido
002133;Empresa 2133 Ltda.;Recife;Diego Fontes;R$ 218.335,52;50%;14/05/2026;Diagnóstico
002134;Empresa 2134 Ltda.;Goiânia;Carla Menezes;R$ 41.919,02;90%;15/05/2026;Diagnóstico
002135;Empresa 2135 Ltda.;Recife;Bruno Takahashi;R$ 415.836,61;90%;16/05/2026;Qualificação
002136;Empresa 2136 Ltda.;Florianópolis;Elisa Moura;R$ 79.677,01;75%;17/05/2026;Proposta
002137;Empresa 2137 Ltda.;Curitiba;Elisa Moura;R$ 111.045,27;10%;18/05/2026;Diagnóstico
002138;Empresa 2138 Ltda.;Florianópolis;Felipe Andrade;R$ 12.655,05;10%;19/05/2026;Perdido
002139;Empresa 2139 Ltda.;Curitiba;Ana Ribeiro;R$ 136.811,15;90%;20/05/2026;Proposta
002140;Empresa 2140 Ltda.;Goiânia;Ana Ribeiro;R$ 304.440,41;90%;21/05/2026;Ganho
002141;Empresa 2141 Ltda.;São Paulo;Gabriela Lins;R$ 339.121,93;75%;22/05/2026;Perdido
002142;Empresa 2142 Ltda.;Curitiba;Carla Menezes;R$ 447.811,02;25%;23/05/2026;Qualificação
002143;Empresa 2143 Ltda.;Florianópolis;Carla Menezes;R$ 282.560,59;10%;24/05/2026;Perdido
002144;Empresa 2144 Ltda.;Curitiba;Carla Menezes;R$ 24.836,55;10%;25/05/2026;Negociação
002145;Empresa 2145 Ltda.;Belo Horizonte;Gabriela Lins;R$ 206.996,11;10%;26/05/2026;Negociação
002146;Empresa 2146 Ltda.;Florianópolis;Felipe Andrade;R$ 252.297,08;50%;27/05/2026;Diagnóstico
002147;Empresa 2147 Ltda.;Recife;Elisa Moura;R$ 343.043,51;75%;28/05/2026;Proposta
002148;Empresa 2148 Ltda.;Florianópolis;Carla Menezes;R$ 439.673,92;50%;29/05/2026;Proposta
002149;Empresa 2149 Ltda.;Goiânia;Carla Menezes;R$ 186.275,39;75%;30/05/2026;Qualificação
002150;Empresa 2150 Ltda.;Curitiba;Bruno Takahashi;R$ 51.257,99;10%;31/05/2026;Negociação
002151;Empresa 2151 Ltda.;São Paulo;Gabriela Lins;R$ 372.009,09;75%;01/06/2026;Negociação
002152;Empresa 2152 Ltda.;Florianópolis;Ana Ribeiro;R$ 247.980,56;25%;02/06/2026;Negociação
002153;Empresa 2153 Ltda.;Florianópolis;Diego Fontes;R$ 111.304,12;10%;03/06/2026;Negociação
002154;Empresa 2154 Ltda.;Florianópolis;Ana Ribeiro;R$ 152.150,21;25%;04/06/2026;Perdido
002155;Empresa 2155 Ltda.;Porto Alegre;Elisa Moura;R$ 310.351,71;25%;05/06/2026;Diagnóstico
002156;Empresa 2156 Ltda.;Curitiba;Hugo Prado;R$ 410.945,74;90%;06/06/2026;Diagnóstico
002157;Empresa 2157 Ltda.;Florianópolis;Carla Menezes;R$ 344.159,77;10%;07/06/2026;Diagnóstico
002158;Empresa 2158 Ltda.;Porto Alegre;Diego Fontes;R$ 351.679,76;50%;08/06/2026;Qualificação
002159;Empresa 2159 Ltda.;Belo Horizonte;Felipe Andrade;R$ 287.001,24;75%;09/06/2026;Negociação
002160;Empresa 2160 Ltda.;Porto Alegre;Elisa Moura;R$ 479.817,47;10%;10/06/2026;Ganho
002161;Empresa 2161 Ltda.;Recife;Gabriela Lins;R$ 120.635,99;75%;11/06/2026;Perdido
002162;Empresa 2162 Ltda.;Porto Alegre;Ana Ribeiro;R$ 70.711,40;10%;12/06/2026;Proposta
002163;Empresa 2163 Ltda.;Salvador;Hugo Prado;R$ 346.882,25;50%;13/06/2026;Ganho
002164;Empresa 2164 Ltda.;Salvador;Gabriela Lins;R$ 320.667,58;25%;14/06/2026;Proposta
002165;Empresa 2165 Ltda.;Goiânia;Carla Menezes;R$ 34.544,02;25%;15/06/2026;Ganho
002166;Empresa 2166 Ltda.;São Paulo;Hugo Prado;R$ 273.964,80;50%;16/06/2026;Proposta
002167;Empresa 2167 Ltda.;Curitiba;Diego Fontes;R$ 68.994,40;10%;17/06/2026;Diagnóstico
002168;Empresa 2168 Ltda.;Salvador;Gabriela Lins;R$ 120.817,51;25%;18/06/2026;Proposta
002169;Empresa 2169 Ltda.;Goiânia;Ana Ribeiro;R$ 379.749,41;50%;19/06/2026;Proposta
002170;Empresa 2170 Ltda.;Goiânia;Gabriela Lins;R$ 225.945,21;75%;20/06/2026;Proposta
002171;Empresa 2171 Ltda.;São Paulo;Bruno Takahashi;R$ 312.817,08;25%;21/06/2026;Diagnóstico
002172;Empresa 2172 Ltda.;Salvador;Diego Fontes;R$ 264.391,10;10%;22/06/2026;Proposta
002173;Empresa 2173 Ltda.;Belo Horizonte;Gabriela Lins;R$ 276.397,46;50%;23/06/2026;Negociação
002174;Empresa 2174 Ltda.;Florianópolis;Carla Menezes;R$ 374.057,97;10%;24/06/2026;Qualificação
002175;Empresa 2175 Ltda.;Goiânia;Felipe Andrade;R$ 370.510,75;50%;25/06/2026;Diagnóstico
002176;Empresa 2176 Ltda.;Belo Horizonte;Carla Menezes;R$ 153.791,11;75%;26/06/2026;Diagnóstico
002177;Empresa 2177 Ltda.;Belo Horizonte;Carla Menezes;R$ 102.786,62;25%;27/06/2026;Qualificação
002178;Empresa 2178 Ltda.;Belo Horizonte;Diego Fontes;R$ 367.822,17;75%;28/06/2026;Diagnóstico
002179;Empresa 2179 Ltda.;São Paulo;Elisa Moura;R$ 82.337,18;10%;29/06/2026;Diagnóstico
002180;Empresa 2180 Ltda.;Curitiba;Diego Fontes;R$ 105.795,21;50%;30/06/2026;Ganho
002181;Empresa 2181 Ltda.;Salvador;Elisa Moura;R$ 205.818,48;50%;01/07/2026;Qualificação
002182;Empresa 2182 Ltda.;Belo Horizonte;Ana Ribeiro;R$ 133.128,95;25%;02/07/2026;Perdido
002183;Empresa 2183 Ltda.;São Paulo;Gabriela Lins;R$ 194.691,25;10%;03/07/2026;Perdido
002184;Empresa 2184 Ltda.;Goiânia;Elisa Moura;R$ 349.655,14;25%;04/07/2026;Diagnóstico
002185;Empresa 2185 Ltda.;Belo Horizonte;Diego Fontes;R$ 407.466,04;25%;05/07/2026;Ganho
002186;Empresa 2186 Ltda.;Porto Alegre;Carla Menezes;R$ 100.051,40;10%;06/07/2026;Ganho
002187;Empresa 2187 Ltda.;Goiânia;Felipe Andrade;R$ 112.229,89;10%;07/07/2026;Negociação
002188;Empresa 2188 Ltda.;Belo Horizonte;Bruno Takahashi;R$ 203.705,58;75%;08/07/2026;Diagnóstico
002189;Empresa 2189 Ltda.;São Paulo;Hugo Prado;R$ 24.691,71;25%;09/07/2026;Proposta
002190;Empresa 2190 Ltda.;Belo Horizonte;Hugo Prado;R$ 283.670,70;90%;10/07/2026;Perdido
002191;Empresa 2191 Ltda.;São Paulo;Gabriela Lins;R$ 130.325,05;25%;11/07/2026;Proposta
002192;Empresa 2192 Ltda.;Salvador;Diego Fontes;R$ 35.398,63;25%;12/07/2026;Perdido
002193;Empresa 2193 Ltda.;Florianópolis;Felipe Andrade;R$ 291.321,91;10%;13/07/2026;Perdido
002194;Empresa 2194 Ltda.;Salvador;Gabriela Lins;R$ 83.115,37;75%;14/07/2026;Negociação
002195;Empresa 2195 Ltda.;São Paulo;Felipe Andrade;R$ 275.038,51;90%;15/07/2026;Ganho
002196;Empresa 2196 Ltda.;Recife;Elisa Moura;R$ 66.150,57;50%;16/07/2026;Qualificação
002197;Empresa 2197 Ltda.;São Paulo;Bruno Takahashi;R$ 437.076,40;10%;17/07/2026;Negociação
002198;Empresa 2198 Ltda.;Salvador;Bruno Takahashi;R$ 238.376,89;10%;18/07/2026;Diagnóstico
002199;Empresa 2199 Ltda.;Florianópolis;Ana Ribeiro;R$ 112.454,18;50%;19/07/2026;Ganho
002200;Empresa 2200 Ltda.;Belo Horizonte;Gabriela Lins;R$ 82.171,41;75%;20/07/2026;Perdido
002201;Empresa 2201 Ltda.;Recife;Ana Ribeiro;R$ 209.691,49;25%;21/07/2026;Negociação
002202;Empresa 2202 Ltda.;Goiânia;Carla Menezes;R$ 334.272,19;10%;22/07/2026;Negociação
002203;Empresa 2203 Ltda.;Salvador;Ana Ribeiro;R$ 136.041,59;90%;23/07/2026;Qualificação
002204;Empresa 2204 Ltda.;Goiânia;Bruno Takahashi;R$ 449.542,05;75%;24/07/2026;Diagnóstico
002205;Empresa 2205 Ltda.;Curitiba;Felipe Andrade;R$ 253.078,40;90%;25/07/2026;Ganho
002206;Empresa 2206 Ltda.;Belo Horizonte;Gabriela Lins;R$ 49.555,21;10%;26/07/2026;Ganho
002207;Empresa 2207 Ltda.;Curitiba;Felipe Andrade;R$ 228.772,06;25%;27/07/2026;Qualificação
002208;Empresa 2208 Ltda.;Curitiba;Gabriela Lins;R$ 338.448,43;25%;28/07/2026;Negociação
002209;Empresa 2209 Ltda.;Salvador;Felipe Andrade;R$ 127.287,67;10%;29/07/2026;Ganho
002210;Empresa 2210 Ltda.;Belo Horizonte;Carla Menezes;R$ 290.258,90;10%;30/07/2026;Negociação
002211;Empresa 2211 Ltda.;Curitiba;Gabriela Lins;R$ 142.982,12;50%;31/07/2026;Negociação
002212;Empresa 2212 Ltda.;Salvador;Hugo Prado;R$ 256.338,60;50%;01/08/2026;Ganho
002213;Empresa 2213 Ltda.;Belo Horizonte;Diego Fontes;R$ 222.791,53;75%;02/08/2026;Proposta
002214;Empresa 2214 Ltda.;Recife;Bruno Takahashi;R$ 317.430,57;50%;03/08/2026;Ganho
002215;Empresa 2215 Ltda.;Salvador;Carla Menezes;R$ 8.586,26;25%;04/08/2026;Proposta
002216;Empresa 2216 Ltda.;Salvador;Gabriela Lins;R$ 417.442,25;90%;05/08/2026;Ganho
002217;Empresa 2217 Ltda.;Florianópolis;Elisa Moura;R$ 394.253,93;50%;06/08/2026;Ganho
002218;Empresa 2218 Ltda.;Curitiba;Hugo Prado;R$ 470.074,13;90%;07/08/2026;Ganho
002219;Empresa 2219 Ltda.;São Paulo;Felipe Andrade;R$ 190.997,18;75%;08/08/2026;Negociação
002220;Empresa 2220 Ltda.;Salvador;Carla Menezes;R$ 18.847,64;50%;09/08/2026;Qualificação
002221;Empresa 2221 Ltda.;São Paulo;Bruno Takahashi;R$ 417.771,76;25%;10/08/2026;Proposta
002222;Empresa 2222 Ltda.;Salvador;Ana Ribeiro;R$ 364.012,45;50%;11/08/2026;Negociação
002223;Empresa 2223 Ltda.;Belo Horizonte;Bruno Takahashi;R$ 421.520,67;25%;12/08/2026;Proposta
002224;Empresa 2224 Ltda.;Porto Alegre;Ana Ribeiro;R$ 268.023,47;90%;13/08/2026;Proposta
002225;Empresa 2225 Ltda.;Florianópolis;Diego Fontes;R$ 181.412,27;90%;14/08/2026;Qualificação
002226;Empresa 2226 Ltda.;Curitiba;Carla Menezes;R$ 434.549,82;10%;15/08/2026;Perdido
002227;Empresa 2227 Ltda.;São Paulo;Carla Menezes;R$ 181.641,04;50%;16/08/2026;Perdido
002228;Empresa 2228 Ltda.;São Paulo;Diego Fontes;R$ 263.038,36;10%;17/08/2026;Perdido
002229;Empresa 2229 Ltda.;Salvador;Hugo Prado;R$ 74.983,42;25%;18/08/2026;Qualificação
002230;Empresa 2230 Ltda.;Curitiba;Elisa Moura;R$ 95.109,55;75%;19/08/2026;Qualificação
002231;Empresa 2231 Ltda.;São Paulo;Diego Fontes;R$ 334.329,41;75%;20/08/2026;Perdido
002232;Empresa 2232 Ltda.;Salvador;Hugo Prado;R$ 416.119,04;75%;21/08/2026;Perdido
002233;Empresa 2233 Ltda.;Curitiba;Felipe Andrade;R$ 389.715,41;90%;22/08/2026;Ganho
002234;Empresa 2234 Ltda.;Salvador;Ana Ribeiro;R$ 164.311,21;50%;23/08/2026;Perdido
002235;Empresa 2235 Ltda.;Florianópolis;Carla Menezes;R$ 469.561,40;10%;24/08/2026;Perdido
002236;Empresa 2236 Ltda.;Goiânia;Felipe Andrade;R$ 390.397,73;90%;25/08/2026;Ganho
002237;Empresa 2237 Ltda.;Porto Alegre;Felipe Andrade;R$ 316.644,17;10%;26/08/2026;Perdido
002238;Empresa 2238 Ltda.;Salvador;Gabriela Lins;R$ 447.024,82;25%;27/08/2026;Qualificação
002239;Empresa 2239 Ltda.;Curitiba;Carla Menezes;R$ 335.873,94;50%;28/08/2026;Proposta
002240;Empresa 2240 Ltda.;Goiânia;Diego Fontes;R$ 145.382,44;90%;29/08/2026;Diagnóstico
002241;Empresa 2241 Ltda.;Florianópolis;Gabriela Lins;R$ 370.218,44;25%;30/08/2026;Ganho
002242;Empresa 2242 Ltda.;Florianópolis;Gabriela Lins;R$ 429.585,30;10%;31/08/2026;Diagnóstico
002243;Empresa 2243 Ltda.;Goiânia;Diego Fontes;R$ 74.249,07;50%;01/09/2026;Diagnóstico
002244;Empresa 2244 Ltda.;Recife;Felipe Andrade;R$ 471.329,46;90%;02/09/2026;Ganho
002245;Empresa 2245 Ltda.;Curitiba;Gabriela Lins;R$ 43.725,11;25%;03/09/2026;Perdido
002246;Empresa 2246 Ltda.;Porto Alegre;Felipe Andrade;R$ 36.551,52;10%;04/09/2026;Qualificação
002247;Empresa 2247 Ltda.;Porto Alegre;Gabriela Lins;R$ 361.971,56;10%;05/09/2026;Diagnóstico
002248;Empresa 2248 Ltda.;Porto Alegre;Elisa Moura;R$ 295.351,59;90%;06/09/2026;Ganho
002249;Empresa 2249 Ltda.;Salvador;Felipe Andrade;R$ 231.338,02;50%;07/09/2026;Negociação
002250;Empresa 2250 Ltda.;Curitiba;Elisa Moura;R$ 387.835,45;75%;08/09/2026;Ganho
002251;Empresa 2251 Ltda.;Curitiba;Hugo Prado;R$ 25.033,58;10%;02/01/2026;Negociação
002252;Empresa 2252 Ltda.;Florianópolis;Elisa Moura;R$ 370.390,68;90%;03/01/2026;Negociação
002253;Empresa 2253 Ltda.;Porto Alegre;Hugo Prado;R$ 78.136,95;50%;04/01/2026;Qualificação
002254;Empresa 2254 Ltda.;Florianópolis;Ana Ribeiro;R$ 171.902,34;90%;05/01/2026;Perdido
002255;Empresa 2255 Ltda.;Porto Alegre;Bruno Takahashi;R$ 216.985,46;50%;06/01/2026;Qualificação
002256;Empresa 2256 Ltda.;Salvador;Carla Menezes;R$ 104.856,36;50%;07/01/2026;Ganho
002257;Empresa 2257 Ltda.;Salvador;Elisa Moura;R$ 15.486,06;75%;08/01/2026;Perdido
002258;Empresa 2258 Ltda.;Curitiba;Elisa Moura;R$ 198.525,06;90%;09/01/2026;Negociação
002259;Empresa 2259 Ltda.;Porto Alegre;Bruno Takahashi;R$ 88.196,07;50%;10/01/2026;Perdido
002260;Empresa 2260 Ltda.;Goiânia;Carla Menezes;R$ 117.698,20;10%;11/01/2026;Diagnóstico
002261;Empresa 2261 Ltda.;Florianópolis;Diego Fontes;R$ 404.433,26;90%;12/01/2026;Diagnóstico
002262;Empresa 2262 Ltda.;São Paulo;Carla Menezes;R$ 239.690,52;90%;13/01/2026;Proposta
002263;Empresa 2263 Ltda.;Curitiba;Ana Ribeiro;R$ 300.196,12;90%;14/01/2026;Perdido
002264;Empresa 2264 Ltda.;São Paulo;Gabriela Lins;R$ 218.314,38;90%;15/01/2026;Negociação
002265;Empresa 2265 Ltda.;Salvador;Elisa Moura;R$ 78.970,42;75%;16/01/2026;Diagnóstico
002266;Empresa 2266 Ltda.;Curitiba;Elisa Moura;R$ 331.961,46;10%;17/01/2026;Ganho
002267;Empresa 2267 Ltda.;Salvador;Carla Menezes;R$ 181.568,79;90%;18/01/2026;Perdido
002268;Empresa 2268 Ltda.;Salvador;Bruno Takahashi;R$ 13.476,75;90%;19/01/2026;Diagnóstico
002269;Empresa 2269 Ltda.;Recife;Elisa Moura;R$ 375.688,11;10%;20/01/2026;Ganho
002270;Empresa 2270 Ltda.;Recife;Felipe Andrade;R$ 364.080,62;10%;21/01/2026;Proposta
002271;Empresa 2271 Ltda.;Recife;Ana Ribeiro;R$ 134.720,04;10%;22/01/2026;Proposta
002272;Empresa 2272 Ltda.;Goiânia;Bruno Takahashi;R$ 406.911,01;10%;23/01/2026;Proposta
002273;Empresa 2273 Ltda.;Porto Alegre;Felipe Andrade;R$ 50.715,29;90%;24/01/2026;Diagnóstico
002274;Empresa 2274 Ltda.;Recife;Felipe Andrade;R$ 384.270,97;90%;25/01/2026;Proposta
002275;Empresa 2275 Ltda.;Curitiba;Hugo Prado;R$ 426.333,42;10%;26/01/2026;Qualificação
002276;Empresa 2276 Ltda.;Curitiba;Carla Menezes;R$ 165.234,13;90%;27/01/2026;Negociação
002277;Empresa 2277 Ltda.;Porto Alegre;Hugo Prado;R$ 476.221,91;75%;28/01/2026;Negociação
002278;Empresa 2278 Ltda.;Porto Alegre;Carla Menezes;R$ 104.707,49;50%;29/01/2026;Diagnóstico
002279;Empresa 2279 Ltda.;Porto Alegre;Elisa Moura;R$ 270.227,52;90%;30/01/2026;Proposta
002280;Empresa 2280 Ltda.;São Paulo;Felipe Andrade;R$ 466.348,55;90%;31/01/2026;Perdido
002281;Empresa 2281 Ltda.;Florianópolis;Carla Menezes;R$ 217.962,79;50%;01/02/2026;Negociação
002282;Empresa 2282 Ltda.;Salvador;Elisa Moura;R$ 333.879,74;75%;02/02/2026;Perdido
002283;Empresa 2283 Ltda.;Florianópolis;Elisa Moura;R$ 404.963,29;90%;03/02/2026;Negociação
002284;Empresa 2284 Ltda.;Goiânia;Gabriela Lins;R$ 154.225,50;75%;04/02/2026;Diagnóstico
002285;Empresa 2285 Ltda.;São Paulo;Diego Fontes;R$ 306.920,82;90%;05/02/2026;Diagnóstico
002286;Empresa 2286 Ltda.;Florianópolis;Bruno Takahashi;R$ 170.359,08;10%;06/02/2026;Negociação
002287;Empresa 2287 Ltda.;Florianópolis;Gabriela Lins;R$ 189.592,28;50%;07/02/2026;Qualificação
002288;Empresa 2288 Ltda.;Curitiba;Hugo Prado;R$ 274.176,44;25%;08/02/2026;Ganho
002289;Empresa 2289 Ltda.;Goiânia;Carla Menezes;R$ 204.422,32;90%;09/02/2026;Proposta
002290;Empresa 2290 Ltda.;Belo Horizonte;Elisa Moura;R$ 277.718,73;50%;10/02/2026;Proposta
002291;Empresa 2291 Ltda.;São Paulo;Bruno Takahashi;R$ 315.150,31;75%;11/02/2026;Perdido
002292;Empresa 2292 Ltda.;Salvador;Diego Fontes;R$ 12.583,79;75%;12/02/2026;Ganho
002293;Empresa 2293 Ltda.;Florianópolis;Elisa Moura;R$ 287.994,21;75%;13/02/2026;Ganho
002294;Empresa 2294 Ltda.;Salvador;Gabriela Lins;R$ 139.650,46;90%;14/02/2026;Ganho
002295;Empresa 2295 Ltda.;São Paulo;Bruno Takahashi;R$ 393.208,28;90%;15/02/2026;Proposta
002296;Empresa 2296 Ltda.;Porto Alegre;Ana Ribeiro;R$ 460.905,33;25%;16/02/2026;Ganho
002297;Empresa 2297 Ltda.;Goiânia;Elisa Moura;R$ 50.846,22;90%;17/02/2026;Qualificação
002298;Empresa 2298 Ltda.;Florianópolis;Bruno Takahashi;R$ 219.279,83;90%;18/02/2026;Ganho
002299;Empresa 2299 Ltda.;Belo Horizonte;Felipe Andrade;R$ 218.933,04;10%;19/02/2026;Ganho
002300;Empresa 2300 Ltda.;São Paulo;Ana Ribeiro;R$ 253.693,99;50%;20/02/2026;Proposta
002301;Empresa 2301 Ltda.;Recife;Gabriela Lins;R$ 296.490,59;90%;21/02/2026;Negociação
002302;Empresa 2302 Ltda.;Recife;Elisa Moura;R$ 268.586,37;10%;22/02/2026;Perdido
002303;Empresa 2303 Ltda.;Salvador;Elisa Moura;R$ 201.919,44;75%;23/02/2026;Proposta
002304;Empresa 2304 Ltda.;Florianópolis;Hugo Prado;R$ 255.449,78;90%;24/02/2026;Negociação
002305;Empresa 2305 Ltda.;Salvador;Bruno Takahashi;R$ 70.254,75;75%;25/02/2026;Ganho
002306;Empresa 2306 Ltda.;Porto Alegre;Carla Menezes;R$ 293.288,09;75%;26/02/2026;Perdido
002307;Empresa 2307 Ltda.;Goiânia;Ana Ribeiro;R$ 369.639,34;75%;27/02/2026;Proposta
002308;Empresa 2308 Ltda.;Salvador;Carla Menezes;R$ 35.445,71;10%;28/02/2026;Proposta
002309;Empresa 2309 Ltda.;Curitiba;Bruno Takahashi;R$ 363.255,45;90%;01/03/2026;Negociação
002310;Empresa 2310 Ltda.;Porto Alegre;Diego Fontes;R$ 83.263,16;90%;02/03/2026;Diagnóstico
002311;Empresa 2311 Ltda.;Florianópolis;Carla Menezes;R$ 222.615,34;75%;03/03/2026;Ganho
002312;Empresa 2312 Ltda.;Porto Alegre;Hugo Prado;R$ 246.161,71;25%;04/03/2026;Diagnóstico
002313;Empresa 2313 Ltda.;Goiânia;Hugo Prado;R$ 326.045,18;10%;05/03/2026;Diagnóstico
002314;Empresa 2314 Ltda.;São Paulo;Elisa Moura;R$ 317.256,21;25%;06/03/2026;Qualificação
002315;Empresa 2315 Ltda.;Porto Alegre;Ana Ribeiro;R$ 458.942,08;50%;07/03/2026;Proposta
002316;Empresa 2316 Ltda.;Goiânia;Ana Ribeiro;R$ 245.474,85;50%;08/03/2026;Ganho
002317;Empresa 2317 Ltda.;Salvador;Carla Menezes;R$ 425.125,38;25%;09/03/2026;Qualificação
002318;Empresa 2318 Ltda.;Belo Horizonte;Hugo Prado;R$ 448.045,84;50%;10/03/2026;Ganho
002319;Empresa 2319 Ltda.;Porto Alegre;Ana Ribeiro;R$ 446.305,09;10%;11/03/2026;Proposta
002320;Empresa 2320 Ltda.;Curitiba;Elisa Moura;R$ 81.499,45;25%;12/03/2026;Ganho
002321;Empresa 2321 Ltda.;São Paulo;Bruno Takahashi;R$ 423.020,65;10%;13/03/2026;Diagnóstico
002322;Empresa 2322 Ltda.;Curitiba;Diego Fontes;R$ 331.629,27;75%;14/03/2026;Ganho
002323;Empresa 2323 Ltda.;Belo Horizonte;Carla Menezes;R$ 379.709,42;75%;15/03/2026;Negociação
002324;Empresa 2324 Ltda.;Florianópolis;Hugo Prado;R$ 20.183,52;90%;16/03/2026;Diagnóstico
002325;Empresa 2325 Ltda.;Porto Alegre;Elisa Moura;R$ 423.121,19;50%;17/03/2026;Qualificação
002326;Empresa 2326 Ltda.;São Paulo;Gabriela Lins;R$ 21.727,41;50%;18/03/2026;Proposta
002327;Empresa 2327 Ltda.;Florianópolis;Bruno Takahashi;R$ 9.199,48;50%;19/03/2026;Proposta
002328;Empresa 2328 Ltda.;Recife;Hugo Prado;R$ 75.016,92;50%;20/03/2026;Proposta
002329;Empresa 2329 Ltda.;Florianópolis;Gabriela Lins;R$ 149.389,67;10%;21/03/2026;Diagnóstico
002330;Empresa 2330 Ltda.;São Paulo;Diego Fontes;R$ 428.486,35;90%;22/03/2026;Negociação
002331;Empresa 2331 Ltda.;Belo Horizonte;Bruno Takahashi;R$ 27.299,37;50%;23/03/2026;Diagnóstico
002332;Empresa 2332 Ltda.;Salvador;Bruno Takahashi;R$ 176.370,28;50%;24/03/2026;Ganho
002333;Empresa 2333 Ltda.;Curitiba;Elisa Moura;R$ 19.188,51;10%;25/03/2026;Diagnóstico
002334;Empresa 2334 Ltda.;São Paulo;Carla Menezes;R$ 479.788,12;25%;26/03/2026;Ganho
002335;Empresa 2335 Ltda.;Goiânia;Elisa Moura;R$ 336.554,71;75%;27/03/2026;Qualificação
002336;Empresa 2336 Ltda.;Belo Horizonte;Felipe Andrade;R$ 348.484,40;25%;28/03/2026;Diagnóstico
002337;Empresa 2337 Ltda.;Porto Alegre;Carla Menezes;R$ 382.279,83;50%;29/03/2026;Proposta
002338;Empresa 2338 Ltda.;Florianópolis;Hugo Prado;R$ 451.535,75;10%;30/03/2026;Ganho
002339;Empresa 2339 Ltda.;Recife;Elisa Moura;R$ 17.446,56;50%;31/03/2026;Qualificação
002340;Empresa 2340 Ltda.;Recife;Elisa Moura;R$ 340.617,95;75%;01/04/2026;Perdido
002341;Empresa 2341 Ltda.;Salvador;Hugo Prado;R$ 53.088,07;25%;02/04/2026;Perdido
002342;Empresa 2342 Ltda.;Porto Alegre;Hugo Prado;R$ 443.130,13;25%;03/04/2026;Negociação
002343;Empresa 2343 Ltda.;Goiânia;Ana Ribeiro;R$ 35.699,64;10%;04/04/2026;Proposta
002344;Empresa 2344 Ltda.;Salvador;Elisa Moura;R$ 165.938,51;90%;05/04/2026;Proposta
002345;Empresa 2345 Ltda.;Belo Horizonte;Hugo Prado;R$ 310.852,63;10%;06/04/2026;Diagnóstico
002346;Empresa 2346 Ltda.;Recife;Diego Fontes;R$ 351.585,85;75%;07/04/2026;Proposta
002347;Empresa 2347 Ltda.;Goiânia;Felipe Andrade;R$ 426.415,76;90%;08/04/2026;Diagnóstico
002348;Empresa 2348 Ltda.;Belo Horizonte;Ana Ribeiro;R$ 316.677,98;75%;09/04/2026;Ganho
002349;Empresa 2349 Ltda.;Belo Horizonte;Felipe Andrade;R$ 361.303,02;90%;10/04/2026;Negociação
002350;Empresa 2350 Ltda.;Salvador;Felipe Andrade;R$ 25.339,16;10%;11/04/2026;Proposta
002351;Empresa 2351 Ltda.;Salvador;Elisa Moura;R$ 10.360,59;90%;12/04/2026;Diagnóstico
002352;Empresa 2352 Ltda.;Goiânia;Felipe Andrade;R$ 121.220,27;75%;13/04/2026;Diagnóstico
002353;Empresa 2353 Ltda.;São Paulo;Carla Menezes;R$ 16.370,36;50%;14/04/2026;Diagnóstico
002354;Empresa 2354 Ltda.;Porto Alegre;Ana Ribeiro;R$ 386.496,32;75%;15/04/2026;Diagnóstico
002355;Empresa 2355 Ltda.;São Paulo;Bruno Takahashi;R$ 283.807,22;25%;16/04/2026;Proposta
002356;Empresa 2356 Ltda.;Curitiba;Diego Fontes;R$ 474.267,13;50%;17/04/2026;Ganho
002357;Empresa 2357 Ltda.;Salvador;Bruno Takahashi;R$ 19.856,98;10%;18/04/2026;Ganho
002358;Empresa 2358 Ltda.;Salvador;Felipe Andrade;R$ 300.488,90;25%;19/04/2026;Negociação
002359;Empresa 2359 Ltda.;Curitiba;Diego Fontes;R$ 454.747,99;75%;20/04/2026;Proposta
002360;Empresa 2360 Ltda.;Florianópolis;Hugo Prado;R$ 179.080,65;90%;21/04/2026;Qualificação
002361;Empresa 2361 Ltda.;Goiânia;Bruno Takahashi;R$ 388.981,57;25%;22/04/2026;Negociação
002362;Empresa 2362 Ltda.;Florianópolis;Diego Fontes;R$ 476.141,46;25%;23/04/2026;Diagnóstico
002363;Empresa 2363 Ltda.;Recife;Elisa Moura;R$ 470.243,46;75%;24/04/2026;Negociação
002364;Empresa 2364 Ltda.;Curitiba;Gabriela Lins;R$ 10.921,84;50%;25/04/2026;Diagnóstico
002365;Empresa 2365 Ltda.;Porto Alegre;Hugo Prado;R$ 401.066,93;50%;26/04/2026;Qualificação
002366;Empresa 2366 Ltda.;Recife;Diego Fontes;R$ 86.590,10;50%;27/04/2026;Perdido
002367;Empresa 2367 Ltda.;Curitiba;Felipe Andrade;R$ 382.107,24;25%;28/04/2026;Negociação
002368;Empresa 2368 Ltda.;Florianópolis;Carla Menezes;R$ 446.841,50;10%;29/04/2026;Qualificação
002369;Empresa 2369 Ltda.;São Paulo;Hugo Prado;R$ 455.091,63;75%;30/04/2026;Ganho
002370;Empresa 2370 Ltda.;Belo Horizonte;Felipe Andrade;R$ 178.234,12;25%;01/05/2026;Proposta
002371;Empresa 2371 Ltda.;Florianópolis;Bruno Takahashi;R$ 446.299,09;75%;02/05/2026;Proposta
002372;Empresa 2372 Ltda.;Belo Horizonte;Hugo Prado;R$ 122.926,11;90%;03/05/2026;Proposta
002373;Empresa 2373 Ltda.;São Paulo;Elisa Moura;R$ 294.954,32;90%;04/05/2026;Perdido
002374;Empresa 2374 Ltda.;Goiânia;Carla Menezes;R$ 177.293,90;90%;05/05/2026;Ganho
002375;Empresa 2375 Ltda.;São Paulo;Felipe Andrade;R$ 381.810,06;25%;06/05/2026;Diagnóstico
002376;Empresa 2376 Ltda.;Goiânia;Elisa Moura;R$ 423.462,97;10%;07/05/2026;Negociação
002377;Empresa 2377 Ltda.;Curitiba;Hugo Prado;R$ 13.907,35;75%;08/05/2026;Ganho
002378;Empresa 2378 Ltda.;Belo Horizonte;Felipe Andrade;R$ 33.147,76;75%;09/05/2026;Negociação
002379;Empresa 2379 Ltda.;Recife;Gabriela Lins;R$ 174.592,45;25%;10/05/2026;Negociação
002380;Empresa 2380 Ltda.;Goiânia;Felipe Andrade;R$ 296.758,64;90%;11/05/2026;Negociação
002381;Empresa 2381 Ltda.;São Paulo;Gabriela Lins;R$ 240.876,19;50%;12/05/2026;Proposta
002382;Empresa 2382 Ltda.;Porto Alegre;Carla Menezes;R$ 253.344,83;75%;13/05/2026;Qualificação
002383;Empresa 2383 Ltda.;Florianópolis;Felipe Andrade;R$ 190.565,30;25%;14/05/2026;Perdido
002384;Empresa 2384 Ltda.;Salvador;Gabriela Lins;R$ 459.965,33;25%;15/05/2026;Qualificação
002385;Empresa 2385 Ltda.;Belo Horizonte;Elisa Moura;R$ 24.785,85;50%;16/05/2026;Negociação
002386;Empresa 2386 Ltda.;Florianópolis;Elisa Moura;R$ 347.658,85;90%;17/05/2026;Proposta
002387;Empresa 2387 Ltda.;São Paulo;Gabriela Lins;R$ 403.763,92;10%;18/05/2026;Negociação
002388;Empresa 2388 Ltda.;Curitiba;Felipe Andrade;R$ 399.310,55;25%;19/05/2026;Perdido
002389;Empresa 2389 Ltda.;Recife;Elisa Moura;R$ 392.613,18;50%;20/05/2026;Proposta
002390;Empresa 2390 Ltda.;Belo Horizonte;Felipe Andrade;R$ 179.845,93;75%;21/05/2026;Proposta
002391;Empresa 2391 Ltda.;Salvador;Felipe Andrade;R$ 458.662,63;50%;22/05/2026;Negociação
002392;Empresa 2392 Ltda.;Porto Alegre;Elisa Moura;R$ 94.016,47;10%;23/05/2026;Diagnóstico
002393;Empresa 2393 Ltda.;Goiânia;Gabriela Lins;R$ 26.936,27;75%;24/05/2026;Ganho
002394;Empresa 2394 Ltda.;Salvador;Ana Ribeiro;R$ 71.143,00;10%;25/05/2026;Negociação
002395;Empresa 2395 Ltda.;Belo Horizonte;Bruno Takahashi;R$ 221.676,35;50%;26/05/2026;Proposta
002396;Empresa 2396 Ltda.;São Paulo;Felipe Andrade;R$ 396.721,75;50%;27/05/2026;Perdido
002397;Empresa 2397 Ltda.;Salvador;Gabriela Lins;R$ 449.380,23;75%;28/05/2026;Ganho
002398;Empresa 2398 Ltda.;Goiânia;Hugo Prado;R$ 173.997,72;90%;29/05/2026;Negociação
002399;Empresa 2399 Ltda.;Goiânia;Hugo Prado;R$ 285.714,96;90%;30/05/2026;Perdido
002400;Empresa 2400 Ltda.;Belo Horizonte;Hugo Prado;R$ 167.744,62;25%;31/05/2026;Diagnóstico
002401;Empresa 2401 Ltda.;Florianópolis;Bruno Takahashi;R$ 469.335,55;90%;01/06/2026;Ganho
002402;Empresa 2402 Ltda.;Curitiba;Gabriela Lins;R$ 248.533,28;25%;02/06/2026;Perdido
002403;Empresa 2403 Ltda.;Porto Alegre;Hugo Prado;R$ 344.063,78;25%;03/06/2026;Proposta
002404;Empresa 2404 Ltda.;São Paulo;Diego Fontes;R$ 342.263,16;10%;04/06/2026;Perdido
002405;Empresa 2405 Ltda.;Recife;Gabriela Lins;R$ 365.269,79;10%;05/06/2026;Ganho
002406;Empresa 2406 Ltda.;Recife;Ana Ribeiro;R$ 452.052,57;90%;06/06/2026;Perdido
002407;Empresa 2407 Ltda.;Porto Alegre;Felipe Andrade;R$ 176.615,42;10%;07/06/2026;Perdido
002408;Empresa 2408 Ltda.;São Paulo;Carla Menezes;R$ 426.364,66;25%;08/06/2026;Qualificação
002409;Empresa 2409 Ltda.;Goiânia;Bruno Takahashi;R$ 142.214,24;25%;09/06/2026;Qualificação
002410;Empresa 2410 Ltda.;Recife;Diego Fontes;R$ 304.742,08;25%;10/06/2026;Diagnóstico
002411;Empresa 2411 Ltda.;Salvador;Hugo Prado;R$ 93.012,24;50%;11/06/2026;Qualificação
002412;Empresa 2412 Ltda.;Florianópolis;Ana Ribeiro;R$ 312.378,04;10%;12/06/2026;Perdido
002413;Empresa 2413 Ltda.;Porto Alegre;Ana Ribeiro;R$ 123.683,12;90%;13/06/2026;Ganho
002414;Empresa 2414 Ltda.;Porto Alegre;Carla Menezes;R$ 452.123,04;10%;14/06/2026;Negociação
002415;Empresa 2415 Ltda.;Recife;Hugo Prado;R$ 220.903,70;25%;15/06/2026;Diagnóstico
002416;Empresa 2416 Ltda.;Porto Alegre;Felipe Andrade;R$ 85.324,44;90%;16/06/2026;Negociação
002417;Empresa 2417 Ltda.;Florianópolis;Elisa Moura;R$ 443.128,26;10%;17/06/2026;Negociação
002418;Empresa 2418 Ltda.;Belo Horizonte;Elisa Moura;R$ 167.236,23;25%;18/06/2026;Diagnóstico
002419;Empresa 2419 Ltda.;Florianópolis;Gabriela Lins;R$ 299.150,24;90%;19/06/2026;Negociação
002420;Empresa 2420 Ltda.;Florianópolis;Carla Menezes;R$ 107.210,50;90%;20/06/2026;Diagnóstico
002421;Empresa 2421 Ltda.;Belo Horizonte;Bruno Takahashi;R$ 243.020,98;50%;21/06/2026;Qualificação
002422;Empresa 2422 Ltda.;São Paulo;Carla Menezes;R$ 159.249,17;10%;22/06/2026;Proposta
002423;Empresa 2423 Ltda.;São Paulo;Carla Menezes;R$ 338.355,61;25%;23/06/2026;Qualificação
002424;Empresa 2424 Ltda.;Goiânia;Elisa Moura;R$ 433.129,75;90%;24/06/2026;Negociação
002425;Empresa 2425 Ltda.;São Paulo;Diego Fontes;R$ 358.154,89;10%;25/06/2026;Diagnóstico
002426;Empresa 2426 Ltda.;Salvador;Bruno Takahashi;R$ 29.603,99;10%;26/06/2026;Diagnóstico
002427;Empresa 2427 Ltda.;Curitiba;Gabriela Lins;R$ 60.455,04;10%;27/06/2026;Qualificação
002428;Empresa 2428 Ltda.;Belo Horizonte;Ana Ribeiro;R$ 216.752,10;10%;28/06/2026;Qualificação
002429;Empresa 2429 Ltda.;Florianópolis;Gabriela Lins;R$ 234.840,18;50%;29/06/2026;Proposta
002430;Empresa 2430 Ltda.;São Paulo;Carla Menezes;R$ 135.070,21;75%;30/06/2026;Perdido
002431;Empresa 2431 Ltda.;Belo Horizonte;Carla Menezes;R$ 135.868,91;25%;01/07/2026;Qualificação
002432;Empresa 2432 Ltda.;Porto Alegre;Diego Fontes;R$ 289.853,37;10%;02/07/2026;Qualificação
002433;Empresa 2433 Ltda.;Curitiba;Carla Menezes;R$ 479.417,84;75%;03/07/2026;Perdido
002434;Empresa 2434 Ltda.;São Paulo;Ana Ribeiro;R$ 102.166,91;25%;04/07/2026;Qualificação
002435;Empresa 2435 Ltda.;Porto Alegre;Ana Ribeiro;R$ 412.308,27;25%;05/07/2026;Proposta
002436;Empresa 2436 Ltda.;Goiânia;Felipe Andrade;R$ 181.553,13;50%;06/07/2026;Perdido
002437;Empresa 2437 Ltda.;Belo Horizonte;Ana Ribeiro;R$ 348.840,82;50%;07/07/2026;Diagnóstico
002438;Empresa 2438 Ltda.;Curitiba;Felipe Andrade;R$ 345.217,31;50%;08/07/2026;Perdido
002439;Empresa 2439 Ltda.;Florianópolis;Carla Menezes;R$ 238.119,25;90%;09/07/2026;Ganho
002440;Empresa 2440 Ltda.;Salvador;Diego Fontes;R$ 78.724,11;25%;10/07/2026;Perdido
002441;Empresa 2441 Ltda.;Porto Alegre;Bruno Takahashi;R$ 328.080,41;50%;11/07/2026;Perdido
002442;Empresa 2442 Ltda.;Belo Horizonte;Bruno Takahashi;R$ 397.872,11;90%;12/07/2026;Negociação
002443;Empresa 2443 Ltda.;Porto Alegre;Hugo Prado;R$ 194.358,40;25%;13/07/2026;Negociação
002444;Empresa 2444 Ltda.;Salvador;Carla Menezes;R$ 139.692,53;90%;14/07/2026;Negociação
002445;Empresa 2445 Ltda.;Goiânia;Elisa Moura;R$ 15.840,97;75%;15/07/2026;Negociação
002446;Empresa 2446 Ltda.;Salvador;Bruno Takahashi;R$ 37.180,80;25%;16/07/2026;Perdido
002447;Empresa 2447 Ltda.;Belo Horizonte;Felipe Andrade;R$ 208.166,53;50%;17/07/2026;Diagnóstico
002448;Empresa 2448 Ltda.;Goiânia;Bruno Takahashi;R$ 339.864,78;50%;18/07/2026;Qualificação
002449;Empresa 2449 Ltda.;Goiânia;Gabriela Lins;R$ 220.113,45;90%;19/07/2026;Qualificação
002450;Empresa 2450 Ltda.;Porto Alegre;Felipe Andrade;R$ 412.647,38;90%;20/07/2026;Ganho
002451;Empresa 2451 Ltda.;São Paulo;Hugo Prado;R$ 65.256,18;25%;21/07/2026;Ganho
002452;Empresa 2452 Ltda.;Salvador;Diego Fontes;R$ 403.957,78;75%;22/07/2026;Negociação
002453;Empresa 2453 Ltda.;Porto Alegre;Ana Ribeiro;R$ 437.721,53;50%;23/07/2026;Perdido
002454;Empresa 2454 Ltda.;São Paulo;Elisa Moura;R$ 273.583,89;10%;24/07/2026;Diagnóstico
002455;Empresa 2455 Ltda.;Goiânia;Ana Ribeiro;R$ 70.906,93;75%;25/07/2026;Proposta
002456;Empresa 2456 Ltda.;Porto Alegre;Carla Menezes;R$ 85.090,36;25%;26/07/2026;Negociação
002457;Empresa 2457 Ltda.;Porto Alegre;Elisa Moura;R$ 116.348,89;75%;27/07/2026;Negociação
002458;Empresa 2458 Ltda.;Curitiba;Bruno Takahashi;R$ 456.409,51;75%;28/07/2026;Diagnóstico
002459;Empresa 2459 Ltda.;Florianópolis;Elisa Moura;R$ 74.400,76;10%;29/07/2026;Ganho
002460;Empresa 2460 Ltda.;Florianópolis;Gabriela Lins;R$ 348.976,68;90%;30/07/2026;Ganho
002461;Empresa 2461 Ltda.;Recife;Bruno Takahashi;R$ 396.912,82;90%;31/07/2026;Negociação
002462;Empresa 2462 Ltda.;Curitiba;Diego Fontes;R$ 51.748,37;10%;01/08/2026;Negociação
002463;Empresa 2463 Ltda.;Porto Alegre;Diego Fontes;R$ 13.454,37;50%;02/08/2026;Negociação
002464;Empresa 2464 Ltda.;Goiânia;Carla Menezes;R$ 478.724,84;75%;03/08/2026;Diagnóstico
002465;Empresa 2465 Ltda.;Florianópolis;Bruno Takahashi;R$ 326.599,42;10%;04/08/2026;Ganho
002466;Empresa 2466 Ltda.;Porto Alegre;Bruno Takahashi;R$ 271.485,51;50%;05/08/2026;Perdido
002467;Empresa 2467 Ltda.;Belo Horizonte;Carla Menezes;R$ 282.130,75;50%;06/08/2026;Ganho
002468;Empresa 2468 Ltda.;Florianópolis;Diego Fontes;R$ 402.642,14;50%;07/08/2026;Diagnóstico
002469;Empresa 2469 Ltda.;São Paulo;Felipe Andrade;R$ 149.564,50;75%;08/08/2026;Ganho
002470;Empresa 2470 Ltda.;Florianópolis;Gabriela Lins;R$ 365.112,26;75%;09/08/2026;Negociação
002471;Empresa 2471 Ltda.;Belo Horizonte;Elisa Moura;R$ 349.460,38;50%;10/08/2026;Ganho
002472;Empresa 2472 Ltda.;Belo Horizonte;Elisa Moura;R$ 168.703,68;10%;11/08/2026;Negociação
002473;Empresa 2473 Ltda.;Florianópolis;Carla Menezes;R$ 267.535,61;75%;12/08/2026;Proposta
002474;Empresa 2474 Ltda.;São Paulo;Elisa Moura;R$ 419.621,51;90%;13/08/2026;Qualificação
002475;Empresa 2475 Ltda.;Porto Alegre;Diego Fontes;R$ 384.107,85;10%;14/08/2026;Ganho
002476;Empresa 2476 Ltda.;Salvador;Gabriela Lins;R$ 19.725,77;10%;15/08/2026;Perdido
002477;Empresa 2477 Ltda.;Florianópolis;Felipe Andrade;R$ 354.421,18;50%;16/08/2026;Proposta
002478;Empresa 2478 Ltda.;São Paulo;Hugo Prado;R$ 99.553,30;90%;17/08/2026;Diagnóstico
002479;Empresa 2479 Ltda.;Salvador;Felipe Andrade;R$ 49.210,84;75%;18/08/2026;Qualificação
002480;Empresa 2480 Ltda.;Porto Alegre;Ana Ribeiro;R$ 60.042,55;10%;19/08/2026;Ganho
002481;Empresa 2481 Ltda.;São Paulo;Carla Menezes;R$ 86.342,78;25%;20/08/2026;Proposta
002482;Empresa 2482 Ltda.;Salvador;Carla Menezes;R$ 40.328,94;10%;21/08/2026;Qualificação
002483;Empresa 2483 Ltda.;Florianópolis;Elisa Moura;R$ 295.376,83;90%;22/08/2026;Perdido
002484;Empresa 2484 Ltda.;São Paulo;Ana Ribeiro;R$ 58.725,97;90%;23/08/2026;Perdido
002485;Empresa 2485 Ltda.;Curitiba;Diego Fontes;R$ 323.018,06;10%;24/08/2026;Proposta
002486;Empresa 2486 Ltda.;Recife;Diego Fontes;R$ 285.108,35;10%;25/08/2026;Qualificação
002487;Empresa 2487 Ltda.;Porto Alegre;Elisa Moura;R$ 180.998,07;50%;26/08/2026;Negociação
002488;Empresa 2488 Ltda.;Recife;Felipe Andrade;R$ 36.474,44;10%;27/08/2026;Proposta
002489;Empresa 2489 Ltda.;Salvador;Ana Ribeiro;R$ 367.720,40;50%;28/08/2026;Perdido
002490;Empresa 2490 Ltda.;Salvador;Felipe Andrade;R$ 199.286,21;50%;29/08/2026;Perdido
002491;Empresa 2491 Ltda.;São Paulo;Carla Menezes;R$ 198.932,37;25%;30/08/2026;Qualificação
002492;Empresa 2492 Ltda.;Salvador;Gabriela Lins;R$ 104.962,27;75%;31/08/2026;Proposta
002493;Empresa 2493 Ltda.;Recife;Bruno Takahashi;R$ 267.673,04;10%;01/09/2026;Diagnóstico
002494;Empresa 2494 Ltda.;São Paulo;Felipe Andrade;R$ 165.804,57;25%;02/09/2026;Proposta
002495;Empresa 2495 Ltda.;Salvador;Carla Menezes;R$ 469.859,65;10%;03/09/2026;Diagnóstico
002496;Empresa 2496 Ltda.;Recife;Elisa Moura;R$ 434.861,24;90%;04/09/2026;Perdido
002497;Empresa 2497 Ltda.;Porto Alegre;Diego Fontes;R$ 262.706,45;50%;05/09/2026;Ganho
002498;Empresa 2498 Ltda.;Salvador;Hugo Prado;R$ 392.409,27;90%;06/09/2026;Diagnóstico
002499;Empresa 2499 Ltda.;São Paulo;Carla Menezes;R$ 202.564,87;10%;07/09/2026;Proposta
002500;Empresa 2500 Ltda.;Florianópolis;Ana Ribeiro;R$ 131.944,02;25%;08/09/2026;Qualificação
002501;Empresa 2501 Ltda.;Porto Alegre;Gabriela Lins;R$ 216.427,85;25%;02/01/2026;Proposta
002502;Empresa 2502 Ltda.;Curitiba;Carla Menezes;R$ 379.371,85;10%;03/01/2026;Ganho
002503;Empresa 2503 Ltda.;Curitiba;Felipe Andrade;R$ 282.621,23;75%;04/01/2026;Proposta
002504;Empresa 2504 Ltda.;Recife;Elisa Moura;R$ 426.161,54;25%;05/01/2026;Ganho
002505;Empresa 2505 Ltda.;São Paulo;Ana Ribeiro;R$ 450.069,79;10%;06/01/2026;Perdido
002506;Empresa 2506 Ltda.;Salvador;Hugo Prado;R$ 292.888,91;90%;07/01/2026;Ganho
002507;Empresa 2507 Ltda.;Goiânia;Bruno Takahashi;R$ 14.891,55;10%;08/01/2026;Qualificação
002508;Empresa 2508 Ltda.;Belo Horizonte;Diego Fontes;R$ 286.419,04;25%;09/01/2026;Negociação
002509;Empresa 2509 Ltda.;Recife;Diego Fontes;R$ 333.903,07;90%;10/01/2026;Diagnóstico
002510;Empresa 2510 Ltda.;Salvador;Diego Fontes;R$ 80.936,97;90%;11/01/2026;Proposta
002511;Empresa 2511 Ltda.;Florianópolis;Hugo Prado;R$ 345.746,42;10%;12/01/2026;Perdido
002512;Empresa 2512 Ltda.;Florianópolis;Elisa Moura;R$ 439.388,66;50%;13/01/2026;Negociação
002513;Empresa 2513 Ltda.;Goiânia;Gabriela Lins;R$ 197.905,81;75%;14/01/2026;Qualificação
002514;Empresa 2514 Ltda.;Salvador;Elisa Moura;R$ 472.800,21;75%;15/01/2026;Negociação
002515;Empresa 2515 Ltda.;Porto Alegre;Felipe Andrade;R$ 318.843,51;90%;16/01/2026;Negociação
002516;Empresa 2516 Ltda.;Salvador;Ana Ribeiro;R$ 247.175,72;25%;17/01/2026;Proposta
002517;Empresa 2517 Ltda.;Florianópolis;Carla Menezes;R$ 336.023,50;50%;18/01/2026;Proposta
002518;Empresa 2518 Ltda.;Recife;Carla Menezes;R$ 424.569,07;50%;19/01/2026;Ganho
002519;Empresa 2519 Ltda.;Porto Alegre;Gabriela Lins;R$ 318.630,40;10%;20/01/2026;Proposta
002520;Empresa 2520 Ltda.;São Paulo;Elisa Moura;R$ 38.461,18;75%;21/01/2026;Qualificação
002521;Empresa 2521 Ltda.;Porto Alegre;Hugo Prado;R$ 76.029,50;25%;22/01/2026;Negociação
002522;Empresa 2522 Ltda.;São Paulo;Diego Fontes;R$ 140.308,60;75%;23/01/2026;Negociação
002523;Empresa 2523 Ltda.;Goiânia;Carla Menezes;R$ 299.677,51;75%;24/01/2026;Diagnóstico
002524;Empresa 2524 Ltda.;Recife;Diego Fontes;R$ 476.763,08;90%;25/01/2026;Diagnóstico
002525;Empresa 2525 Ltda.;Goiânia;Bruno Takahashi;R$ 381.367,27;10%;26/01/2026;Qualificação
002526;Empresa 2526 Ltda.;Recife;Ana Ribeiro;R$ 296.441,57;75%;27/01/2026;Negociação
002527;Empresa 2527 Ltda.;Porto Alegre;Carla Menezes;R$ 441.802,61;75%;28/01/2026;Negociação
002528;Empresa 2528 Ltda.;Curitiba;Ana Ribeiro;R$ 474.295,01;10%;29/01/2026;Ganho
002529;Empresa 2529 Ltda.;Curitiba;Ana Ribeiro;R$ 115.057,25;90%;30/01/2026;Perdido
002530;Empresa 2530 Ltda.;Florianópolis;Felipe Andrade;R$ 147.548,93;50%;31/01/2026;Qualificação
002531;Empresa 2531 Ltda.;São Paulo;Felipe Andrade;R$ 176.811,16;25%;01/02/2026;Negociação
002532;Empresa 2532 Ltda.;Goiânia;Ana Ribeiro;R$ 91.664,20;75%;02/02/2026;Proposta
002533;Empresa 2533 Ltda.;Recife;Bruno Takahashi;R$ 347.349,62;10%;03/02/2026;Proposta
002534;Empresa 2534 Ltda.;Recife;Bruno Takahashi;R$ 394.711,93;50%;04/02/2026;Proposta
002535;Empresa 2535 Ltda.;Belo Horizonte;Gabriela Lins;R$ 25.780,83;50%;05/02/2026;Ganho
002536;Empresa 2536 Ltda.;Florianópolis;Ana Ribeiro;R$ 229.067,61;10%;06/02/2026;Negociação
002537;Empresa 2537 Ltda.;Salvador;Gabriela Lins;R$ 254.431,62;75%;07/02/2026;Negociação
002538;Empresa 2538 Ltda.;Salvador;Carla Menezes;R$ 60.420,76;75%;08/02/2026;Proposta
002539;Empresa 2539 Ltda.;Belo Horizonte;Diego Fontes;R$ 438.060,99;10%;09/02/2026;Ganho
002540;Empresa 2540 Ltda.;Recife;Carla Menezes;R$ 172.508,87;25%;10/02/2026;Proposta
002541;Empresa 2541 Ltda.;Salvador;Hugo Prado;R$ 275.668,17;75%;11/02/2026;Diagnóstico
002542;Empresa 2542 Ltda.;Salvador;Carla Menezes;R$ 476.136,77;90%;12/02/2026;Diagnóstico
002543;Empresa 2543 Ltda.;Belo Horizonte;Elisa Moura;R$ 410.147,33;50%;13/02/2026;Negociação
002544;Empresa 2544 Ltda.;São Paulo;Carla Menezes;R$ 306.233,29;10%;14/02/2026;Perdido
002545;Empresa 2545 Ltda.;Florianópolis;Ana Ribeiro;R$ 237.339,66;25%;15/02/2026;Perdido
002546;Empresa 2546 Ltda.;Salvador;Carla Menezes;R$ 32.641,64;10%;16/02/2026;Proposta
002547;Empresa 2547 Ltda.;Florianópolis;Elisa Moura;R$ 226.248,37;90%;17/02/2026;Diagnóstico
002548;Empresa 2548 Ltda.;Florianópolis;Diego Fontes;R$ 320.092,75;90%;18/02/2026;Proposta
002549;Empresa 2549 Ltda.;Belo Horizonte;Gabriela Lins;R$ 220.871,86;25%;19/02/2026;Proposta
002550;Empresa 2550 Ltda.;Curitiba;Carla Menezes;R$ 246.443,81;75%;20/02/2026;Perdido
002551;Empresa 2551 Ltda.;Recife;Ana Ribeiro;R$ 464.116,26;75%;21/02/2026;Negociação
002552;Empresa 2552 Ltda.;Goiânia;Elisa Moura;R$ 329.903,48;10%;22/02/2026;Perdido
002553;Empresa 2553 Ltda.;Recife;Carla Menezes;R$ 351.718,02;75%;23/02/2026;Ganho
002554;Empresa 2554 Ltda.;Goiânia;Felipe Andrade;R$ 432.126,48;10%;24/02/2026;Qualificação
002555;Empresa 2555 Ltda.;Goiânia;Elisa Moura;R$ 445.581,78;10%;25/02/2026;Qualificação
002556;Empresa 2556 Ltda.;Salvador;Ana Ribeiro;R$ 350.548,38;25%;26/02/2026;Ganho
002557;Empresa 2557 Ltda.;Porto Alegre;Bruno Takahashi;R$ 413.144,29;25%;27/02/2026;Qualificação
002558;Empresa 2558 Ltda.;São Paulo;Carla Menezes;R$ 171.656,00;50%;28/02/2026;Perdido
002559;Empresa 2559 Ltda.;São Paulo;Bruno Takahashi;R$ 176.656,83;75%;01/03/2026;Negociação
002560;Empresa 2560 Ltda.;Recife;Felipe Andrade;R$ 138.346,66;25%;02/03/2026;Negociação
002561;Empresa 2561 Ltda.;Curitiba;Hugo Prado;R$ 60.844,39;25%;03/03/2026;Perdido
002562;Empresa 2562 Ltda.;Porto Alegre;Gabriela Lins;R$ 18.441,79;75%;04/03/2026;Qualificação
002563;Empresa 2563 Ltda.;Florianópolis;Elisa Moura;R$ 364.644,18;75%;05/03/2026;Perdido
002564;Empresa 2564 Ltda.;Florianópolis;Carla Menezes;R$ 201.256,62;75%;06/03/2026;Ganho
002565;Empresa 2565 Ltda.;Recife;Elisa Moura;R$ 61.139,61;10%;07/03/2026;Qualificação
002566;Empresa 2566 Ltda.;Salvador;Felipe Andrade;R$ 316.164,46;50%;08/03/2026;Diagnóstico
002567;Empresa 2567 Ltda.;Goiânia;Ana Ribeiro;R$ 173.708,68;90%;09/03/2026;Ganho
002568;Empresa 2568 Ltda.;Porto Alegre;Elisa Moura;R$ 132.688,70;25%;10/03/2026;Ganho
002569;Empresa 2569 Ltda.;São Paulo;Diego Fontes;R$ 180.743,35;50%;11/03/2026;Qualificação
002570;Empresa 2570 Ltda.;Florianópolis;Gabriela Lins;R$ 71.571,85;50%;12/03/2026;Negociação
002571;Empresa 2571 Ltda.;Florianópolis;Felipe Andrade;R$ 358.083,77;10%;13/03/2026;Ganho
002572;Empresa 2572 Ltda.;Recife;Hugo Prado;R$ 171.395,77;25%;14/03/2026;Perdido
002573;Empresa 2573 Ltda.;Belo Horizonte;Diego Fontes;R$ 235.582,45;10%;15/03/2026;Ganho
002574;Empresa 2574 Ltda.;Curitiba;Gabriela Lins;R$ 394.949,60;25%;16/03/2026;Perdido
002575;Empresa 2575 Ltda.;São Paulo;Ana Ribeiro;R$ 74.614,73;75%;17/03/2026;Negociação
002576;Empresa 2576 Ltda.;Florianópolis;Hugo Prado;R$ 440.717,92;10%;18/03/2026;Diagnóstico
002577;Empresa 2577 Ltda.;Florianópolis;Felipe Andrade;R$ 354.016,51;25%;19/03/2026;Diagnóstico
002578;Empresa 2578 Ltda.;Recife;Carla Menezes;R$ 235.369,00;50%;20/03/2026;Proposta
002579;Empresa 2579 Ltda.;Salvador;Hugo Prado;R$ 252.963,87;90%;21/03/2026;Proposta
002580;Empresa 2580 Ltda.;Belo Horizonte;Felipe Andrade;R$ 245.221,83;75%;22/03/2026;Ganho
002581;Empresa 2581 Ltda.;Florianópolis;Carla Menezes;R$ 347.324,53;50%;23/03/2026;Ganho
002582;Empresa 2582 Ltda.;Porto Alegre;Hugo Prado;R$ 180.767,38;90%;24/03/2026;Ganho
002583;Empresa 2583 Ltda.;Curitiba;Gabriela Lins;R$ 468.400,32;75%;25/03/2026;Perdido
002584;Empresa 2584 Ltda.;São Paulo;Gabriela Lins;R$ 115.332,04;75%;26/03/2026;Diagnóstico
002585;Empresa 2585 Ltda.;Florianópolis;Ana Ribeiro;R$ 460.018,72;75%;27/03/2026;Perdido
002586;Empresa 2586 Ltda.;Salvador;Diego Fontes;R$ 437.039,39;75%;28/03/2026;Perdido
002587;Empresa 2587 Ltda.;Recife;Gabriela Lins;R$ 217.424,84;75%;29/03/2026;Diagnóstico
002588;Empresa 2588 Ltda.;Goiânia;Ana Ribeiro;R$ 201.862,13;25%;30/03/2026;Perdido
002589;Empresa 2589 Ltda.;Florianópolis;Gabriela Lins;R$ 305.374,44;90%;31/03/2026;Perdido
002590;Empresa 2590 Ltda.;Florianópolis;Felipe Andrade;R$ 88.186,91;75%;01/04/2026;Perdido
002591;Empresa 2591 Ltda.;Curitiba;Elisa Moura;R$ 320.091,02;75%;02/04/2026;Qualificação
002592;Empresa 2592 Ltda.;Recife;Ana Ribeiro;R$ 473.603,17;50%;03/04/2026;Proposta
002593;Empresa 2593 Ltda.;Florianópolis;Diego Fontes;R$ 31.894,98;10%;04/04/2026;Proposta
002594;Empresa 2594 Ltda.;São Paulo;Elisa Moura;R$ 321.161,04;10%;05/04/2026;Proposta
002595;Empresa 2595 Ltda.;Curitiba;Ana Ribeiro;R$ 444.117,76;75%;06/04/2026;Diagnóstico
002596;Empresa 2596 Ltda.;Florianópolis;Bruno Takahashi;R$ 198.657,94;50%;07/04/2026;Ganho
002597;Empresa 2597 Ltda.;Porto Alegre;Bruno Takahashi;R$ 219.462,70;25%;08/04/2026;Proposta
002598;Empresa 2598 Ltda.;Salvador;Elisa Moura;R$ 405.014,98;50%;09/04/2026;Perdido
002599;Empresa 2599 Ltda.;São Paulo;Bruno Takahashi;R$ 105.025,75;10%;10/04/2026;Perdido
002600;Empresa 2600 Ltda.;Porto Alegre;Elisa Moura;R$ 224.773,67;25%;11/04/2026;Ganho
002601;Empresa 2601 Ltda.;Curitiba;Ana Ribeiro;R$ 294.211,32;50%;12/04/2026;Qualificação
002602;Empresa 2602 Ltda.;São Paulo;Felipe Andrade;R$ 314.351,67;10%;13/04/2026;Diagnóstico
002603;Empresa 2603 Ltda.;Salvador;Gabriela Lins;R$ 399.717,84;75%;14/04/2026;Negociação
002604;Empresa 2604 Ltda.;Florianópolis;Elisa Moura;R$ 332.637,81;10%;15/04/2026;Perdido
002605;Empresa 2605 Ltda.;Salvador;Gabriela Lins;R$ 192.612,65;25%;16/04/2026;Ganho
002606;Empresa 2606 Ltda.;Curitiba;Gabriela Lins;R$ 90.746,64;90%;17/04/2026;Perdido
002607;Empresa 2607 Ltda.;Recife;Gabriela Lins;R$ 59.750,10;10%;18/04/2026;Negociação
002608;Empresa 2608 Ltda.;Florianópolis;Ana Ribeiro;R$ 48.692,92;10%;19/04/2026;Perdido
002609;Empresa 2609 Ltda.;Curitiba;Elisa Moura;R$ 134.811,04;90%;20/04/2026;Ganho
002610;Empresa 2610 Ltda.;Goiânia;Carla Menezes;R$ 352.127,46;75%;21/04/2026;Proposta
002611;Empresa 2611 Ltda.;Curitiba;Gabriela Lins;R$ 238.775,90;75%;22/04/2026;Ganho
002612;Empresa 2612 Ltda.;Goiânia;Elisa Moura;R$ 264.932,05;90%;23/04/2026;Qualificação
002613;Empresa 2613 Ltda.;Porto Alegre;Hugo Prado;R$ 90.225,52;90%;24/04/2026;Negociação
002614;Empresa 2614 Ltda.;Salvador;Bruno Takahashi;R$ 293.015,54;25%;25/04/2026;Negociação
002615;Empresa 2615 Ltda.;Recife;Hugo Prado;R$ 98.983,10;25%;26/04/2026;Ganho
002616;Empresa 2616 Ltda.;Porto Alegre;Felipe Andrade;R$ 12.844,50;10%;27/04/2026;Perdido
002617;Empresa 2617 Ltda.;Curitiba;Gabriela Lins;R$ 332.668,62;50%;28/04/2026;Negociação
002618;Empresa 2618 Ltda.;Salvador;Carla Menezes;R$ 209.231,85;25%;29/04/2026;Negociação
002619;Empresa 2619 Ltda.;Recife;Bruno Takahashi;R$ 438.597,85;50%;30/04/2026;Proposta
002620;Empresa 2620 Ltda.;Recife;Felipe Andrade;R$ 330.492,72;10%;01/05/2026;Proposta
002621;Empresa 2621 Ltda.;Goiânia;Carla Menezes;R$ 251.826,02;75%;02/05/2026;Negociação
002622;Empresa 2622 Ltda.;Curitiba;Hugo Prado;R$ 96.700,70;90%;03/05/2026;Ganho
002623;Empresa 2623 Ltda.;Curitiba;Gabriela Lins;R$ 277.208,30;90%;04/05/2026;Diagnóstico
002624;Empresa 2624 Ltda.;Recife;Carla Menezes;R$ 266.625,24;50%;05/05/2026;Diagnóstico
002625;Empresa 2625 Ltda.;Salvador;Diego Fontes;R$ 397.218,98;10%;06/05/2026;Qualificação
002626;Empresa 2626 Ltda.;Recife;Carla Menezes;R$ 433.384,34;10%;07/05/2026;Perdido
002627;Empresa 2627 Ltda.;Goiânia;Ana Ribeiro;R$ 144.164,24;50%;08/05/2026;Qualificação
002628;Empresa 2628 Ltda.;São Paulo;Ana Ribeiro;R$ 293.268,30;90%;09/05/2026;Proposta
002629;Empresa 2629 Ltda.;Salvador;Gabriela Lins;R$ 375.882,97;10%;10/05/2026;Negociação
002630;Empresa 2630 Ltda.;Florianópolis;Carla Menezes;R$ 371.630,73;10%;11/05/2026;Diagnóstico
002631;Empresa 2631 Ltda.;São Paulo;Elisa Moura;R$ 272.287,93;25%;12/05/2026;Qualificação
002632;Empresa 2632 Ltda.;Curitiba;Bruno Takahashi;R$ 422.622,70;25%;13/05/2026;Perdido
002633;Empresa 2633 Ltda.;Porto Alegre;Hugo Prado;R$ 296.774,99;90%;14/05/2026;Perdido
002634;Empresa 2634 Ltda.;Belo Horizonte;Gabriela Lins;R$ 251.209,42;10%;15/05/2026;Ganho
002635;Empresa 2635 Ltda.;São Paulo;Felipe Andrade;R$ 51.990,30;10%;16/05/2026;Negociação
002636;Empresa 2636 Ltda.;Florianópolis;Felipe Andrade;R$ 108.277,68;75%;17/05/2026;Ganho
002637;Empresa 2637 Ltda.;Curitiba;Ana Ribeiro;R$ 431.600,93;25%;18/05/2026;Negociação
002638;Empresa 2638 Ltda.;Recife;Elisa Moura;R$ 116.791,31;10%;19/05/2026;Qualificação
002639;Empresa 2639 Ltda.;Goiânia;Hugo Prado;R$ 82.079,93;10%;20/05/2026;Negociação
002640;Empresa 2640 Ltda.;Recife;Elisa Moura;R$ 255.996,80;75%;21/05/2026;Ganho
002641;Empresa 2641 Ltda.;Curitiba;Gabriela Lins;R$ 82.032,98;50%;22/05/2026;Diagnóstico
002642;Empresa 2642 Ltda.;Florianópolis;Hugo Prado;R$ 175.494,35;10%;23/05/2026;Negociação
002643;Empresa 2643 Ltda.;Florianópolis;Gabriela Lins;R$ 324.083,82;75%;24/05/2026;Ganho
002644;Empresa 2644 Ltda.;Salvador;Diego Fontes;R$ 255.411,77;50%;25/05/2026;Ganho
002645;Empresa 2645 Ltda.;Salvador;Elisa Moura;R$ 181.855,94;10%;26/05/2026;Proposta
002646;Empresa 2646 Ltda.;Recife;Bruno Takahashi;R$ 284.134,45;90%;27/05/2026;Qualificação
002647;Empresa 2647 Ltda.;Belo Horizonte;Hugo Prado;R$ 12.402,35;50%;28/05/2026;Qualificação
002648;Empresa 2648 Ltda.;Porto Alegre;Ana Ribeiro;R$ 394.265,72;75%;29/05/2026;Perdido
002649;Empresa 2649 Ltda.;Curitiba;Gabriela Lins;R$ 427.970,81;50%;30/05/2026;Ganho
002650;Empresa 2650 Ltda.;Belo Horizonte;Gabriela Lins;R$ 114.667,45;90%;31/05/2026;Ganho
002651;Empresa 2651 Ltda.;Goiânia;Hugo Prado;R$ 304.045,35;10%;01/06/2026;Qualificação
002652;Empresa 2652 Ltda.;Belo Horizonte;Elisa Moura;R$ 96.375,66;25%;02/06/2026;Diagnóstico
002653;Empresa 2653 Ltda.;São Paulo;Ana Ribeiro;R$ 472.184,03;90%;03/06/2026;Proposta
002654;Empresa 2654 Ltda.;Florianópolis;Carla Menezes;R$ 282.461,88;90%;04/06/2026;Ganho
002655;Empresa 2655 Ltda.;Salvador;Diego Fontes;R$ 112.226,33;90%;05/06/2026;Perdido
002656;Empresa 2656 Ltda.;Recife;Carla Menezes;R$ 382.821,36;25%;06/06/2026;Proposta
002657;Empresa 2657 Ltda.;Belo Horizonte;Hugo Prado;R$ 336.880,93;50%;07/06/2026;Proposta
002658;Empresa 2658 Ltda.;Porto Alegre;Elisa Moura;R$ 464.047,47;25%;08/06/2026;Negociação
002659;Empresa 2659 Ltda.;Belo Horizonte;Ana Ribeiro;R$ 364.800,80;25%;09/06/2026;Proposta
002660;Empresa 2660 Ltda.;Curitiba;Hugo Prado;R$ 82.289,12;10%;10/06/2026;Negociação
002661;Empresa 2661 Ltda.;Porto Alegre;Gabriela Lins;R$ 61.902,30;75%;11/06/2026;Qualificação
002662;Empresa 2662 Ltda.;Goiânia;Ana Ribeiro;R$ 394.882,51;75%;12/06/2026;Qualificação
002663;Empresa 2663 Ltda.;Curitiba;Carla Menezes;R$ 326.624,54;10%;13/06/2026;Perdido
002664;Empresa 2664 Ltda.;Porto Alegre;Elisa Moura;R$ 373.261,70;25%;14/06/2026;Perdido
002665;Empresa 2665 Ltda.;Belo Horizonte;Ana Ribeiro;R$ 165.244,08;75%;15/06/2026;Diagnóstico
002666;Empresa 2666 Ltda.;Recife;Hugo Prado;R$ 314.806,71;25%;16/06/2026;Qualificação
002667;Empresa 2667 Ltda.;Recife;Carla Menezes;R$ 402.185,48;90%;17/06/2026;Qualificação
002668;Empresa 2668 Ltda.;São Paulo;Gabriela Lins;R$ 310.926,55;90%;18/06/2026;Negociação
002669;Empresa 2669 Ltda.;Florianópolis;Gabriela Lins;R$ 329.823,93;50%;19/06/2026;Proposta
002670;Empresa 2670 Ltda.;Porto Alegre;Ana Ribeiro;R$ 317.492,95;50%;20/06/2026;Qualificação
002671;Empresa 2671 Ltda.;Salvador;Ana Ribeiro;R$ 183.547,67;90%;21/06/2026;Negociação
002672;Empresa 2672 Ltda.;Belo Horizonte;Gabriela Lins;R$ 40.354,09;10%;22/06/2026;Proposta
002673;Empresa 2673 Ltda.;Florianópolis;Carla Menezes;R$ 264.624,53;25%;23/06/2026;Diagnóstico
002674;Empresa 2674 Ltda.;Belo Horizonte;Ana Ribeiro;R$ 113.641,35;10%;24/06/2026;Qualificação
002675;Empresa 2675 Ltda.;Goiânia;Carla Menezes;R$ 195.155,59;25%;25/06/2026;Diagnóstico
002676;Empresa 2676 Ltda.;Goiânia;Ana Ribeiro;R$ 343.888,80;75%;26/06/2026;Perdido
002677;Empresa 2677 Ltda.;São Paulo;Gabriela Lins;R$ 74.745,83;90%;27/06/2026;Perdido
002678;Empresa 2678 Ltda.;Curitiba;Hugo Prado;R$ 368.128,76;90%;28/06/2026;Proposta
002679;Empresa 2679 Ltda.;Goiânia;Felipe Andrade;R$ 36.626,25;50%;29/06/2026;Negociação
002680;Empresa 2680 Ltda.;Curitiba;Carla Menezes;R$ 404.894,76;75%;30/06/2026;Perdido
002681;Empresa 2681 Ltda.;Porto Alegre;Felipe Andrade;R$ 113.000,49;25%;01/07/2026;Perdido
002682;Empresa 2682 Ltda.;Porto Alegre;Hugo Prado;R$ 90.096,98;10%;02/07/2026;Negociação
002683;Empresa 2683 Ltda.;Porto Alegre;Ana Ribeiro;R$ 21.083,88;50%;03/07/2026;Negociação
002684;Empresa 2684 Ltda.;São Paulo;Diego Fontes;R$ 95.563,54;10%;04/07/2026;Perdido
002685;Empresa 2685 Ltda.;Belo Horizonte;Carla Menezes;R$ 26.931,67;10%;05/07/2026;Ganho
002686;Empresa 2686 Ltda.;Salvador;Hugo Prado;R$ 187.150,02;90%;06/07/2026;Diagnóstico
002687;Empresa 2687 Ltda.;São Paulo;Felipe Andrade;R$ 94.297,07;75%;07/07/2026;Perdido
002688;Empresa 2688 Ltda.;Belo Horizonte;Felipe Andrade;R$ 199.447,71;90%;08/07/2026;Negociação
002689;Empresa 2689 Ltda.;Florianópolis;Elisa Moura;R$ 428.475,17;90%;09/07/2026;Proposta
002690;Empresa 2690 Ltda.;Florianópolis;Ana Ribeiro;R$ 393.803,19;90%;10/07/2026;Qualificação
002691;Empresa 2691 Ltda.;São Paulo;Diego Fontes;R$ 84.778,25;90%;11/07/2026;Qualificação
002692;Empresa 2692 Ltda.;Florianópolis;Bruno Takahashi;R$ 448.761,47;90%;12/07/2026;Qualificação
002693;Empresa 2693 Ltda.;Recife;Bruno Takahashi;R$ 204.576,75;10%;13/07/2026;Perdido
002694;Empresa 2694 Ltda.;São Paulo;Elisa Moura;R$ 255.027,70;25%;14/07/2026;Perdido
002695;Empresa 2695 Ltda.;Belo Horizonte;Felipe Andrade;R$ 479.870,37;75%;15/07/2026;Proposta
002696;Empresa 2696 Ltda.;Goiânia;Bruno Takahashi;R$ 63.408,50;75%;16/07/2026;Ganho
002697;Empresa 2697 Ltda.;Belo Horizonte;Ana Ribeiro;R$ 19.964,94;75%;17/07/2026;Perdido
002698;Empresa 2698 Ltda.;Porto Alegre;Bruno Takahashi;R$ 111.982,38;75%;18/07/2026;Diagnóstico
002699;Empresa 2699 Ltda.;Salvador;Diego Fontes;R$ 446.296,00;25%;19/07/2026;Proposta
002700;Empresa 2700 Ltda.;Goiânia;Carla Menezes;R$ 75.763,91;50%;20/07/2026;Proposta
002701;Empresa 2701 Ltda.;Porto Alegre;Carla Menezes;R$ 326.823,55;75%;21/07/2026;Qualificação
002702;Empresa 2702 Ltda.;Salvador;Carla Menezes;R$ 187.538,82;75%;22/07/2026;Ganho
002703;Empresa 2703 Ltda.;Goiânia;Ana Ribeiro;R$ 205.876,69;10%;23/07/2026;Proposta
002704;Empresa 2704 Ltda.;Salvador;Diego Fontes;R$ 10.588,98;10%;24/07/2026;Qualificação
002705;Empresa 2705 Ltda.;Porto Alegre;Gabriela Lins;R$ 233.257,54;75%;25/07/2026;Negociação
002706;Empresa 2706 Ltda.;Belo Horizonte;Felipe Andrade;R$ 428.565,26;25%;26/07/2026;Qualificação
002707;Empresa 2707 Ltda.;Goiânia;Ana Ribeiro;R$ 220.346,74;90%;27/07/2026;Diagnóstico
002708;Empresa 2708 Ltda.;Porto Alegre;Carla Menezes;R$ 411.699,33;25%;28/07/2026;Qualificação
002709;Empresa 2709 Ltda.;Porto Alegre;Elisa Moura;R$ 415.249,44;25%;29/07/2026;Perdido
002710;Empresa 2710 Ltda.;Belo Horizonte;Felipe Andrade;R$ 127.157,53;10%;30/07/2026;Perdido
002711;Empresa 2711 Ltda.;Recife;Bruno Takahashi;R$ 112.063,50;25%;31/07/2026;Negociação
002712;Empresa 2712 Ltda.;Belo Horizonte;Bruno Takahashi;R$ 233.471,76;25%;01/08/2026;Negociação
002713;Empresa 2713 Ltda.;Goiânia;Gabriela Lins;R$ 381.421,75;10%;02/08/2026;Negociação
002714;Empresa 2714 Ltda.;Porto Alegre;Elisa Moura;R$ 58.801,51;50%;03/08/2026;Diagnóstico
002715;Empresa 2715 Ltda.;Belo Horizonte;Elisa Moura;R$ 88.253,43;75%;04/08/2026;Perdido
002716;Empresa 2716 Ltda.;Porto Alegre;Carla Menezes;R$ 100.313,40;25%;05/08/2026;Diagnóstico
002717;Empresa 2717 Ltda.;Recife;Bruno Takahashi;R$ 446.447,16;90%;06/08/2026;Ganho
002718;Empresa 2718 Ltda.;Salvador;Diego Fontes;R$ 74.849,55;10%;07/08/2026;Proposta
002719;Empresa 2719 Ltda.;Recife;Carla Menezes;R$ 260.650,58;25%;08/08/2026;Perdido
002720;Empresa 2720 Ltda.;Porto Alegre;Hugo Prado;R$ 44.427,79;10%;09/08/2026;Diagnóstico
002721;Empresa 2721 Ltda.;Porto Alegre;Felipe Andrade;R$ 255.930,45;25%;10/08/2026;Proposta
002722;Empresa 2722 Ltda.;Salvador;Felipe Andrade;R$ 104.891,32;50%;11/08/2026;Proposta
002723;Empresa 2723 Ltda.;Goiânia;Gabriela Lins;R$ 257.909,00;10%;12/08/2026;Proposta
002724;Empresa 2724 Ltda.;Porto Alegre;Carla Menezes;R$ 64.896,98;50%;13/08/2026;Proposta
002725;Empresa 2725 Ltda.;Salvador;Diego Fontes;R$ 11.557,90;90%;14/08/2026;Negociação
002726;Empresa 2726 Ltda.;Recife;Felipe Andrade;R$ 186.765,20;25%;15/08/2026;Perdido
002727;Empresa 2727 Ltda.;Curitiba;Felipe Andrade;R$ 379.039,74;90%;16/08/2026;Negociação
002728;Empresa 2728 Ltda.;Goiânia;Felipe Andrade;R$ 438.098,92;50%;17/08/2026;Qualificação
002729;Empresa 2729 Ltda.;Porto Alegre;Carla Menezes;R$ 314.296,96;50%;18/08/2026;Negociação
002730;Empresa 2730 Ltda.;Belo Horizonte;Elisa Moura;R$ 236.015,46;75%;19/08/2026;Perdido
002731;Empresa 2731 Ltda.;Belo Horizonte;Elisa Moura;R$ 179.972,60;75%;20/08/2026;Proposta
002732;Empresa 2732 Ltda.;Curitiba;Felipe Andrade;R$ 185.862,86;90%;21/08/2026;Perdido
002733;Empresa 2733 Ltda.;Recife;Elisa Moura;R$ 255.846,93;50%;22/08/2026;Diagnóstico
002734;Empresa 2734 Ltda.;Goiânia;Gabriela Lins;R$ 379.386,24;25%;23/08/2026;Negociação
002735;Empresa 2735 Ltda.;Salvador;Felipe Andrade;R$ 24.897,36;75%;24/08/2026;Ganho
002736;Empresa 2736 Ltda.;Salvador;Carla Menezes;R$ 235.967,68;50%;25/08/2026;Qualificação
002737;Empresa 2737 Ltda.;Florianópolis;Gabriela Lins;R$ 363.862,97;90%;26/08/2026;Ganho
002738;Empresa 2738 Ltda.;Florianópolis;Hugo Prado;R$ 188.129,89;75%;27/08/2026;Diagnóstico
002739;Empresa 2739 Ltda.;Porto Alegre;Diego Fontes;R$ 307.956,82;10%;28/08/2026;Qualificação
002740;Empresa 2740 Ltda.;Porto Alegre;Ana Ribeiro;R$ 103.970,57;90%;29/08/2026;Negociação
002741;Empresa 2741 Ltda.;Curitiba;Felipe Andrade;R$ 338.915,03;90%;30/08/2026;Perdido
002742;Empresa 2742 Ltda.;Belo Horizonte;Felipe Andrade;R$ 186.976,47;75%;31/08/2026;Ganho
002743;Empresa 2743 Ltda.;Curitiba;Carla Menezes;R$ 393.618,39;50%;01/09/2026;Perdido
002744;Empresa 2744 Ltda.;São Paulo;Carla Menezes;R$ 445.474,53;50%;02/09/2026;Ganho
002745;Empresa 2745 Ltda.;Porto Alegre;Gabriela Lins;R$ 306.469,53;50%;03/09/2026;Perdido
002746;Empresa 2746 Ltda.;São Paulo;Carla Menezes;R$ 460.447,33;25%;04/09/2026;Proposta
002747;Empresa 2747 Ltda.;Porto Alegre;Diego Fontes;R$ 464.851,56;25%;05/09/2026;Qualificação
002748;Empresa 2748 Ltda.;São Paulo;Gabriela Lins;R$ 180.944,76;50%;06/09/2026;Proposta
002749;Empresa 2749 Ltda.;Goiânia;Ana Ribeiro;R$ 159.316,55;50%;07/09/2026;Qualificação
002750;Empresa 2750 Ltda.;Goiânia;Ana Ribeiro;R$ 137.271,10;50%;08/09/2026;Diagnóstico
002751;Empresa 2751 Ltda.;Curitiba;Bruno Takahashi;R$ 18.313,04;75%;02/01/2026;Qualificação
002752;Empresa 2752 Ltda.;Recife;Hugo Prado;R$ 476.094,08;90%;03/01/2026;Diagnóstico
002753;Empresa 2753 Ltda.;Belo Horizonte;Felipe Andrade;R$ 433.316,32;90%;04/01/2026;Proposta
002754;Empresa 2754 Ltda.;Goiânia;Bruno Takahashi;R$ 458.911,42;75%;05/01/2026;Qualificação
002755;Empresa 2755 Ltda.;Belo Horizonte;Gabriela Lins;R$ 70.680,34;90%;06/01/2026;Ganho
002756;Empresa 2756 Ltda.;Florianópolis;Carla Menezes;R$ 251.521,64;50%;07/01/2026;Qualificação
002757;Empresa 2757 Ltda.;Recife;Elisa Moura;R$ 244.958,49;50%;08/01/2026;Ganho
002758;Empresa 2758 Ltda.;Porto Alegre;Elisa Moura;R$ 324.099,33;90%;09/01/2026;Perdido
002759;Empresa 2759 Ltda.;Recife;Felipe Andrade;R$ 89.861,44;25%;10/01/2026;Qualificação
002760;Empresa 2760 Ltda.;Florianópolis;Felipe Andrade;R$ 142.631,59;75%;11/01/2026;Perdido
002761;Empresa 2761 Ltda.;Porto Alegre;Ana Ribeiro;R$ 211.986,25;10%;12/01/2026;Qualificação
002762;Empresa 2762 Ltda.;Goiânia;Felipe Andrade;R$ 73.233,73;25%;13/01/2026;Negociação
002763;Empresa 2763 Ltda.;Recife;Gabriela Lins;R$ 267.879,06;25%;14/01/2026;Perdido
002764;Empresa 2764 Ltda.;Porto Alegre;Hugo Prado;R$ 452.104,03;75%;15/01/2026;Diagnóstico
002765;Empresa 2765 Ltda.;São Paulo;Hugo Prado;R$ 58.119,84;50%;16/01/2026;Perdido
002766;Empresa 2766 Ltda.;Recife;Bruno Takahashi;R$ 17.638,17;25%;17/01/2026;Qualificação
002767;Empresa 2767 Ltda.;Porto Alegre;Ana Ribeiro;R$ 287.113,65;10%;18/01/2026;Perdido
002768;Empresa 2768 Ltda.;Belo Horizonte;Gabriela Lins;R$ 114.034,12;10%;19/01/2026;Perdido
002769;Empresa 2769 Ltda.;São Paulo;Ana Ribeiro;R$ 455.950,60;25%;20/01/2026;Negociação
002770;Empresa 2770 Ltda.;Belo Horizonte;Diego Fontes;R$ 456.987,04;50%;21/01/2026;Qualificação
002771;Empresa 2771 Ltda.;Belo Horizonte;Diego Fontes;R$ 412.895,78;90%;22/01/2026;Diagnóstico
002772;Empresa 2772 Ltda.;São Paulo;Felipe Andrade;R$ 218.682,96;25%;23/01/2026;Diagnóstico
002773;Empresa 2773 Ltda.;Florianópolis;Elisa Moura;R$ 349.645,97;75%;24/01/2026;Perdido
002774;Empresa 2774 Ltda.;Goiânia;Elisa Moura;R$ 404.194,16;75%;25/01/2026;Perdido
002775;Empresa 2775 Ltda.;Curitiba;Gabriela Lins;R$ 211.420,06;50%;26/01/2026;Ganho
002776;Empresa 2776 Ltda.;Recife;Gabriela Lins;R$ 329.272,07;50%;27/01/2026;Diagnóstico
002777;Empresa 2777 Ltda.;Belo Horizonte;Bruno Takahashi;R$ 464.699,61;25%;28/01/2026;Qualificação
002778;Empresa 2778 Ltda.;Belo Horizonte;Felipe Andrade;R$ 353.942,64;90%;29/01/2026;Negociação
002779;Empresa 2779 Ltda.;Curitiba;Elisa Moura;R$ 471.675,28;10%;30/01/2026;Proposta
002780;Empresa 2780 Ltda.;Belo Horizonte;Hugo Prado;R$ 88.367,62;90%;31/01/2026;Perdido
002781;Empresa 2781 Ltda.;Recife;Felipe Andrade;R$ 205.119,75;50%;01/02/2026;Diagnóstico
002782;Empresa 2782 Ltda.;Florianópolis;Diego Fontes;R$ 308.143,78;25%;02/02/2026;Qualificação
002783;Empresa 2783 Ltda.;Belo Horizonte;Elisa Moura;R$ 280.331,43;50%;03/02/2026;Negociação
002784;Empresa 2784 Ltda.;São Paulo;Ana Ribeiro;R$ 56.947,82;90%;04/02/2026;Proposta
002785;Empresa 2785 Ltda.;Porto Alegre;Gabriela Lins;R$ 397.879,42;10%;05/02/2026;Negociação
002786;Empresa 2786 Ltda.;Florianópolis;Elisa Moura;R$ 192.357,10;25%;06/02/2026;Qualificação
002787;Empresa 2787 Ltda.;Recife;Elisa Moura;R$ 269.203,95;10%;07/02/2026;Perdido
002788;Empresa 2788 Ltda.;São Paulo;Gabriela Lins;R$ 309.573,94;25%;08/02/2026;Qualificação
002789;Empresa 2789 Ltda.;Curitiba;Ana Ribeiro;R$ 53.740,54;10%;09/02/2026;Negociação
002790;Empresa 2790 Ltda.;Belo Horizonte;Gabriela Lins;R$ 183.066,29;25%;10/02/2026;Perdido
002791;Empresa 2791 Ltda.;Porto Alegre;Bruno Takahashi;R$ 330.699,29;50%;11/02/2026;Qualificação
002792;Empresa 2792 Ltda.;Recife;Felipe Andrade;R$ 383.611,50;10%;12/02/2026;Negociação
002793;Empresa 2793 Ltda.;Recife;Diego Fontes;R$ 192.510,47;25%;13/02/2026;Proposta
002794;Empresa 2794 Ltda.;Salvador;Felipe Andrade;R$ 313.412,74;25%;14/02/2026;Negociação
002795;Empresa 2795 Ltda.;Florianópolis;Ana Ribeiro;R$ 309.582,54;50%;15/02/2026;Negociação
002796;Empresa 2796 Ltda.;Salvador;Hugo Prado;R$ 143.608,94;75%;16/02/2026;Ganho
002797;Empresa 2797 Ltda.;Recife;Diego Fontes;R$ 302.770,30;10%;17/02/2026;Ganho
002798;Empresa 2798 Ltda.;Goiânia;Carla Menezes;R$ 124.940,05;10%;18/02/2026;Qualificação
002799;Empresa 2799 Ltda.;Belo Horizonte;Felipe Andrade;R$ 259.292,35;25%;19/02/2026;Proposta
002800;Empresa 2800 Ltda.;Salvador;Diego Fontes;R$ 389.402,08;75%;20/02/2026;Negociação
002801;Empresa 2801 Ltda.;Recife;Gabriela Lins;R$ 348.082,50;50%;21/02/2026;Perdido
002802;Empresa 2802 Ltda.;Salvador;Elisa Moura;R$ 316.855,01;75%;22/02/2026;Ganho
002803;Empresa 2803 Ltda.;Goiânia;Elisa Moura;R$ 396.154,03;75%;23/02/2026;Negociação
002804;Empresa 2804 Ltda.;Recife;Bruno Takahashi;R$ 372.182,78;75%;24/02/2026;Proposta
002805;Empresa 2805 Ltda.;Porto Alegre;Hugo Prado;R$ 372.050,35;75%;25/02/2026;Qualificação
002806;Empresa 2806 Ltda.;Curitiba;Felipe Andrade;R$ 335.286,16;10%;26/02/2026;Proposta
002807;Empresa 2807 Ltda.;Curitiba;Hugo Prado;R$ 52.198,90;50%;27/02/2026;Perdido
002808;Empresa 2808 Ltda.;Belo Horizonte;Felipe Andrade;R$ 210.488,19;75%;28/02/2026;Qualificação
002809;Empresa 2809 Ltda.;Recife;Diego Fontes;R$ 472.480,44;50%;01/03/2026;Diagnóstico
002810;Empresa 2810 Ltda.;Porto Alegre;Ana Ribeiro;R$ 466.018,81;50%;02/03/2026;Ganho
002811;Empresa 2811 Ltda.;Belo Horizonte;Diego Fontes;R$ 31.959,35;90%;03/03/2026;Perdido
002812;Empresa 2812 Ltda.;Curitiba;Hugo Prado;R$ 247.512,31;10%;04/03/2026;Negociação
002813;Empresa 2813 Ltda.;Curitiba;Hugo Prado;R$ 398.595,76;50%;05/03/2026;Negociação
002814;Empresa 2814 Ltda.;Recife;Felipe Andrade;R$ 157.663,01;25%;06/03/2026;Ganho
002815;Empresa 2815 Ltda.;Goiânia;Bruno Takahashi;R$ 72.825,79;90%;07/03/2026;Qualificação
002816;Empresa 2816 Ltda.;Belo Horizonte;Bruno Takahashi;R$ 401.358,75;75%;08/03/2026;Diagnóstico
002817;Empresa 2817 Ltda.;Florianópolis;Bruno Takahashi;R$ 374.393,43;90%;09/03/2026;Negociação
002818;Empresa 2818 Ltda.;Belo Horizonte;Gabriela Lins;R$ 33.836,46;50%;10/03/2026;Diagnóstico
002819;Empresa 2819 Ltda.;Curitiba;Bruno Takahashi;R$ 240.100,23;50%;11/03/2026;Proposta
002820;Empresa 2820 Ltda.;Florianópolis;Bruno Takahashi;R$ 328.322,81;50%;12/03/2026;Negociação
002821;Empresa 2821 Ltda.;Recife;Diego Fontes;R$ 320.520,07;10%;13/03/2026;Proposta
002822;Empresa 2822 Ltda.;Porto Alegre;Hugo Prado;R$ 383.493,08;10%;14/03/2026;Proposta
002823;Empresa 2823 Ltda.;Porto Alegre;Bruno Takahashi;R$ 261.724,28;50%;15/03/2026;Qualificação
002824;Empresa 2824 Ltda.;Salvador;Elisa Moura;R$ 309.692,76;50%;16/03/2026;Proposta
002825;Empresa 2825 Ltda.;Porto Alegre;Bruno Takahashi;R$ 244.735,43;10%;17/03/2026;Perdido
002826;Empresa 2826 Ltda.;Florianópolis;Ana Ribeiro;R$ 280.871,81;50%;18/03/2026;Ganho
002827;Empresa 2827 Ltda.;Belo Horizonte;Elisa Moura;R$ 51.834,67;90%;19/03/2026;Negociação
002828;Empresa 2828 Ltda.;Salvador;Carla Menezes;R$ 378.874,39;90%;20/03/2026;Ganho
002829;Empresa 2829 Ltda.;Goiânia;Carla Menezes;R$ 146.837,96;10%;21/03/2026;Negociação
002830;Empresa 2830 Ltda.;Belo Horizonte;Gabriela Lins;R$ 277.720,52;25%;22/03/2026;Ganho
002831;Empresa 2831 Ltda.;Florianópolis;Ana Ribeiro;R$ 388.311,86;25%;23/03/2026;Proposta
002832;Empresa 2832 Ltda.;Goiânia;Ana Ribeiro;R$ 347.186,54;75%;24/03/2026;Proposta
002833;Empresa 2833 Ltda.;São Paulo;Elisa Moura;R$ 247.919,79;75%;25/03/2026;Negociação
002834;Empresa 2834 Ltda.;Belo Horizonte;Elisa Moura;R$ 91.256,81;10%;26/03/2026;Ganho
002835;Empresa 2835 Ltda.;São Paulo;Diego Fontes;R$ 22.120,73;50%;27/03/2026;Negociação
002836;Empresa 2836 Ltda.;São Paulo;Felipe Andrade;R$ 322.179,34;90%;28/03/2026;Negociação
002837;Empresa 2837 Ltda.;Belo Horizonte;Carla Menezes;R$ 446.668,18;75%;29/03/2026;Perdido
002838;Empresa 2838 Ltda.;Recife;Gabriela Lins;R$ 170.601,26;90%;30/03/2026;Qualificação
002839;Empresa 2839 Ltda.;Porto Alegre;Diego Fontes;R$ 406.295,56;10%;31/03/2026;Perdido
002840;Empresa 2840 Ltda.;Belo Horizonte;Carla Menezes;R$ 279.787,14;25%;01/04/2026;Ganho
002841;Empresa 2841 Ltda.;Salvador;Ana Ribeiro;R$ 463.424,56;10%;02/04/2026;Negociação
002842;Empresa 2842 Ltda.;Belo Horizonte;Felipe Andrade;R$ 232.106,09;25%;03/04/2026;Diagnóstico
002843;Empresa 2843 Ltda.;Florianópolis;Felipe Andrade;R$ 333.090,49;25%;04/04/2026;Negociação
002844;Empresa 2844 Ltda.;Recife;Diego Fontes;R$ 16.152,05;10%;05/04/2026;Qualificação
002845;Empresa 2845 Ltda.;Curitiba;Ana Ribeiro;R$ 112.623,07;25%;06/04/2026;Negociação
002846;Empresa 2846 Ltda.;Curitiba;Carla Menezes;R$ 474.295,14;50%;07/04/2026;Ganho
002847;Empresa 2847 Ltda.;Salvador;Diego Fontes;R$ 139.224,82;10%;08/04/2026;Proposta
002848;Empresa 2848 Ltda.;Curitiba;Elisa Moura;R$ 24.087,75;10%;09/04/2026;Ganho
002849;Empresa 2849 Ltda.;São Paulo;Felipe Andrade;R$ 336.297,19;50%;10/04/2026;Perdido
002850;Empresa 2850 Ltda.;Goiânia;Bruno Takahashi;R$ 198.569,33;50%;11/04/2026;Qualificação
002851;Empresa 2851 Ltda.;Florianópolis;Hugo Prado;R$ 209.777,03;10%;12/04/2026;Perdido
002852;Empresa 2852 Ltda.;Porto Alegre;Felipe Andrade;R$ 200.946,43;75%;13/04/2026;Diagnóstico
002853;Empresa 2853 Ltda.;São Paulo;Bruno Takahashi;R$ 106.808,89;10%;14/04/2026;Ganho
002854;Empresa 2854 Ltda.;São Paulo;Carla Menezes;R$ 339.732,16;75%;15/04/2026;Negociação
002855;Empresa 2855 Ltda.;Belo Horizonte;Hugo Prado;R$ 453.318,06;10%;16/04/2026;Diagnóstico
002856;Empresa 2856 Ltda.;Curitiba;Elisa Moura;R$ 351.576,30;50%;17/04/2026;Proposta
002857;Empresa 2857 Ltda.;Belo Horizonte;Felipe Andrade;R$ 232.743,71;25%;18/04/2026;Qualificação
002858;Empresa 2858 Ltda.;Curitiba;Ana Ribeiro;R$ 179.813,06;50%;19/04/2026;Qualificação
002859;Empresa 2859 Ltda.;São Paulo;Elisa Moura;R$ 400.394,06;10%;20/04/2026;Ganho
002860;Empresa 2860 Ltda.;Goiânia;Carla Menezes;R$ 104.058,31;50%;21/04/2026;Qualificação
002861;Empresa 2861 Ltda.;Recife;Gabriela Lins;R$ 205.747,67;50%;22/04/2026;Qualificação
002862;Empresa 2862 Ltda.;Curitiba;Diego Fontes;R$ 227.323,03;25%;23/04/2026;Ganho
002863;Empresa 2863 Ltda.;Porto Alegre;Carla Menezes;R$ 98.554,70;75%;24/04/2026;Proposta
002864;Empresa 2864 Ltda.;São Paulo;Ana Ribeiro;R$ 167.253,41;10%;25/04/2026;Proposta
002865;Empresa 2865 Ltda.;Curitiba;Ana Ribeiro;R$ 165.383,48;10%;26/04/2026;Proposta
002866;Empresa 2866 Ltda.;Curitiba;Carla Menezes;R$ 441.099,75;25%;27/04/2026;Diagnóstico
002867;Empresa 2867 Ltda.;Florianópolis;Hugo Prado;R$ 260.116,60;10%;28/04/2026;Negociação
002868;Empresa 2868 Ltda.;Porto Alegre;Elisa Moura;R$ 308.828,96;25%;29/04/2026;Perdido
002869;Empresa 2869 Ltda.;Curitiba;Bruno Takahashi;R$ 352.800,14;90%;30/04/2026;Ganho
002870;Empresa 2870 Ltda.;Recife;Hugo Prado;R$ 277.110,06;90%;01/05/2026;Proposta
002871;Empresa 2871 Ltda.;Belo Horizonte;Carla Menezes;R$ 178.783,76;50%;02/05/2026;Perdido
002872;Empresa 2872 Ltda.;Belo Horizonte;Ana Ribeiro;R$ 143.502,03;10%;03/05/2026;Proposta
002873;Empresa 2873 Ltda.;São Paulo;Bruno Takahashi;R$ 106.533,78;50%;04/05/2026;Negociação
002874;Empresa 2874 Ltda.;Florianópolis;Hugo Prado;R$ 305.940,59;50%;05/05/2026;Qualificação
002875;Empresa 2875 Ltda.;Curitiba;Carla Menezes;R$ 245.010,99;10%;06/05/2026;Qualificação
002876;Empresa 2876 Ltda.;Goiânia;Hugo Prado;R$ 165.741,30;50%;07/05/2026;Ganho
002877;Empresa 2877 Ltda.;Recife;Diego Fontes;R$ 190.321,92;75%;08/05/2026;Diagnóstico
002878;Empresa 2878 Ltda.;Florianópolis;Hugo Prado;R$ 292.228,52;90%;09/05/2026;Proposta
002879;Empresa 2879 Ltda.;São Paulo;Hugo Prado;R$ 300.438,00;75%;10/05/2026;Diagnóstico
002880;Empresa 2880 Ltda.;Belo Horizonte;Felipe Andrade;R$ 406.551,18;50%;11/05/2026;Negociação
002881;Empresa 2881 Ltda.;Salvador;Felipe Andrade;R$ 86.479,30;25%;12/05/2026;Ganho
002882;Empresa 2882 Ltda.;Salvador;Felipe Andrade;R$ 171.670,48;75%;13/05/2026;Ganho
002883;Empresa 2883 Ltda.;Porto Alegre;Felipe Andrade;R$ 391.164,99;75%;14/05/2026;Proposta
002884;Empresa 2884 Ltda.;Goiânia;Elisa Moura;R$ 258.950,43;50%;15/05/2026;Qualificação
002885;Empresa 2885 Ltda.;Curitiba;Ana Ribeiro;R$ 479.820,75;25%;16/05/2026;Diagnóstico
002886;Empresa 2886 Ltda.;Curitiba;Bruno Takahashi;R$ 118.075,41;25%;17/05/2026;Proposta
002887;Empresa 2887 Ltda.;Curitiba;Felipe Andrade;R$ 107.131,46;50%;18/05/2026;Perdido
002888;Empresa 2888 Ltda.;Goiânia;Diego Fontes;R$ 118.189,44;10%;19/05/2026;Proposta
002889;Empresa 2889 Ltda.;Belo Horizonte;Diego Fontes;R$ 428.984,23;50%;20/05/2026;Negociação
002890;Empresa 2890 Ltda.;São Paulo;Diego Fontes;R$ 296.625,33;10%;21/05/2026;Ganho
002891;Empresa 2891 Ltda.;Salvador;Gabriela Lins;R$ 330.299,55;90%;22/05/2026;Proposta
002892;Empresa 2892 Ltda.;Belo Horizonte;Hugo Prado;R$ 301.089,49;90%;23/05/2026;Proposta
002893;Empresa 2893 Ltda.;Porto Alegre;Elisa Moura;R$ 30.439,89;90%;24/05/2026;Qualificação
002894;Empresa 2894 Ltda.;Belo Horizonte;Carla Menezes;R$ 107.711,08;25%;25/05/2026;Negociação
002895;Empresa 2895 Ltda.;Goiânia;Elisa Moura;R$ 445.790,52;10%;26/05/2026;Perdido
002896;Empresa 2896 Ltda.;Belo Horizonte;Carla Menezes;R$ 217.829,73;50%;27/05/2026;Proposta
002897;Empresa 2897 Ltda.;São Paulo;Ana Ribeiro;R$ 343.814,80;10%;28/05/2026;Proposta
002898;Empresa 2898 Ltda.;Belo Horizonte;Diego Fontes;R$ 427.681,07;50%;29/05/2026;Qualificação
002899;Empresa 2899 Ltda.;Salvador;Bruno Takahashi;R$ 64.144,96;25%;30/05/2026;Negociação
002900;Empresa 2900 Ltda.;Recife;Elisa Moura;R$ 338.924,89;10%;31/05/2026;Qualificação
002901;Empresa 2901 Ltda.;Salvador;Felipe Andrade;R$ 11.467,86;50%;01/06/2026;Perdido
002902;Empresa 2902 Ltda.;Florianópolis;Hugo Prado;R$ 182.370,92;75%;02/06/2026;Qualificação
002903;Empresa 2903 Ltda.;Salvador;Carla Menezes;R$ 304.585,93;90%;03/06/2026;Ganho
002904;Empresa 2904 Ltda.;Florianópolis;Hugo Prado;R$ 452.292,26;25%;04/06/2026;Qualificação
002905;Empresa 2905 Ltda.;São Paulo;Diego Fontes;R$ 196.358,71;10%;05/06/2026;Perdido
002906;Empresa 2906 Ltda.;Recife;Diego Fontes;R$ 456.924,67;25%;06/06/2026;Diagnóstico
002907;Empresa 2907 Ltda.;Recife;Hugo Prado;R$ 37.408,03;25%;07/06/2026;Ganho
002908;Empresa 2908 Ltda.;Porto Alegre;Diego Fontes;R$ 383.278,93;75%;08/06/2026;Qualificação
002909;Empresa 2909 Ltda.;Goiânia;Gabriela Lins;R$ 235.495,16;75%;09/06/2026;Diagnóstico
002910;Empresa 2910 Ltda.;Porto Alegre;Bruno Takahashi;R$ 105.665,79;90%;10/06/2026;Negociação
002911;Empresa 2911 Ltda.;Florianópolis;Hugo Prado;R$ 371.675,15;10%;11/06/2026;Ganho
002912;Empresa 2912 Ltda.;Recife;Diego Fontes;R$ 317.743,88;50%;12/06/2026;Proposta
002913;Empresa 2913 Ltda.;Florianópolis;Carla Menezes;R$ 215.786,46;25%;13/06/2026;Diagnóstico
002914;Empresa 2914 Ltda.;Curitiba;Ana Ribeiro;R$ 404.010,54;75%;14/06/2026;Qualificação
002915;Empresa 2915 Ltda.;Florianópolis;Gabriela Lins;R$ 58.349,24;10%;15/06/2026;Ganho
002916;Empresa 2916 Ltda.;Belo Horizonte;Carla Menezes;R$ 193.110,49;50%;16/06/2026;Diagnóstico
002917;Empresa 2917 Ltda.;Porto Alegre;Bruno Takahashi;R$ 223.389,45;25%;17/06/2026;Negociação
002918;Empresa 2918 Ltda.;Curitiba;Diego Fontes;R$ 436.501,79;10%;18/06/2026;Qualificação
002919;Empresa 2919 Ltda.;Salvador;Carla Menezes;R$ 348.044,53;90%;19/06/2026;Qualificação
002920;Empresa 2920 Ltda.;Florianópolis;Felipe Andrade;R$ 81.270,57;10%;20/06/2026;Ganho
002921;Empresa 2921 Ltda.;Goiânia;Bruno Takahashi;R$ 250.760,59;90%;21/06/2026;Qualificação
002922;Empresa 2922 Ltda.;Goiânia;Felipe Andrade;R$ 238.745,62;50%;22/06/2026;Negociação
002923;Empresa 2923 Ltda.;Curitiba;Bruno Takahashi;R$ 197.817,82;10%;23/06/2026;Diagnóstico
002924;Empresa 2924 Ltda.;Porto Alegre;Elisa Moura;R$ 217.206,77;10%;24/06/2026;Negociação
002925;Empresa 2925 Ltda.;Porto Alegre;Diego Fontes;R$ 97.274,14;75%;25/06/2026;Ganho
002926;Empresa 2926 Ltda.;Salvador;Diego Fontes;R$ 366.514,24;75%;26/06/2026;Negociação
002927;Empresa 2927 Ltda.;São Paulo;Bruno Takahashi;R$ 426.085,60;90%;27/06/2026;Diagnóstico
002928;Empresa 2928 Ltda.;Goiânia;Elisa Moura;R$ 210.831,60;25%;28/06/2026;Proposta
002929;Empresa 2929 Ltda.;Belo Horizonte;Ana Ribeiro;R$ 135.763,21;50%;29/06/2026;Proposta
002930;Empresa 2930 Ltda.;Curitiba;Elisa Moura;R$ 176.409,46;90%;30/06/2026;Diagnóstico
002931;Empresa 2931 Ltda.;Curitiba;Diego Fontes;R$ 47.702,42;90%;01/07/2026;Perdido
002932;Empresa 2932 Ltda.;Salvador;Felipe Andrade;R$ 400.163,29;90%;02/07/2026;Perdido
002933;Empresa 2933 Ltda.;Goiânia;Felipe Andrade;R$ 469.366,89;10%;03/07/2026;Proposta
002934;Empresa 2934 Ltda.;Curitiba;Gabriela Lins;R$ 449.306,20;50%;04/07/2026;Ganho
002935;Empresa 2935 Ltda.;Belo Horizonte;Ana Ribeiro;R$ 76.885,39;10%;05/07/2026;Ganho
002936;Empresa 2936 Ltda.;Belo Horizonte;Diego Fontes;R$ 456.869,24;50%;06/07/2026;Diagnóstico
002937;Empresa 2937 Ltda.;Recife;Ana Ribeiro;R$ 421.768,36;10%;07/07/2026;Negociação
002938;Empresa 2938 Ltda.;Goiânia;Elisa Moura;R$ 285.642,84;10%;08/07/2026;Qualificação
002939;Empresa 2939 Ltda.;Goiânia;Diego Fontes;R$ 381.302,40;10%;09/07/2026;Perdido
002940;Empresa 2940 Ltda.;Belo Horizonte;Felipe Andrade;R$ 104.936,32;25%;10/07/2026;Qualificação
002941;Empresa 2941 Ltda.;Goiânia;Ana Ribeiro;R$ 207.109,91;50%;11/07/2026;Diagnóstico
002942;Empresa 2942 Ltda.;Porto Alegre;Carla Menezes;R$ 250.132,99;75%;12/07/2026;Diagnóstico
002943;Empresa 2943 Ltda.;Curitiba;Gabriela Lins;R$ 169.143,62;10%;13/07/2026;Negociação
002944;Empresa 2944 Ltda.;Recife;Gabriela Lins;R$ 290.736,04;10%;14/07/2026;Qualificação
002945;Empresa 2945 Ltda.;Curitiba;Carla Menezes;R$ 292.675,35;75%;15/07/2026;Proposta
002946;Empresa 2946 Ltda.;Curitiba;Felipe Andrade;R$ 347.569,99;75%;16/07/2026;Diagnóstico
002947;Empresa 2947 Ltda.;Goiânia;Diego Fontes;R$ 415.080,28;25%;17/07/2026;Negociação
002948;Empresa 2948 Ltda.;Recife;Elisa Moura;R$ 123.745,99;25%;18/07/2026;Qualificação
002949;Empresa 2949 Ltda.;Salvador;Felipe Andrade;R$ 149.281,69;75%;19/07/2026;Proposta
002950;Empresa 2950 Ltda.;Salvador;Gabriela Lins;R$ 90.401,61;25%;20/07/2026;Proposta
002951;Empresa 2951 Ltda.;Salvador;Gabriela Lins;R$ 420.489,96;10%;21/07/2026;Diagnóstico
002952;Empresa 2952 Ltda.;Goiânia;Diego Fontes;R$ 52.332,08;75%;22/07/2026;Proposta
002953;Empresa 2953 Ltda.;Belo Horizonte;Elisa Moura;R$ 359.338,66;75%;23/07/2026;Qualificação
002954;Empresa 2954 Ltda.;Recife;Ana Ribeiro;R$ 139.704,97;75%;24/07/2026;Negociação
002955;Empresa 2955 Ltda.;Goiânia;Gabriela Lins;R$ 307.912,74;90%;25/07/2026;Negociação
002956;Empresa 2956 Ltda.;Florianópolis;Bruno Takahashi;R$ 150.228,88;75%;26/07/2026;Diagnóstico
002957;Empresa 2957 Ltda.;Salvador;Bruno Takahashi;R$ 443.661,96;10%;27/07/2026;Negociação
002958;Empresa 2958 Ltda.;Goiânia;Felipe Andrade;R$ 139.043,25;75%;28/07/2026;Qualificação
002959;Empresa 2959 Ltda.;Recife;Hugo Prado;R$ 193.414,69;50%;29/07/2026;Qualificação
002960;Empresa 2960 Ltda.;Florianópolis;Elisa Moura;R$ 290.774,28;25%;30/07/2026;Proposta
002961;Empresa 2961 Ltda.;Curitiba;Gabriela Lins;R$ 328.370,81;90%;31/07/2026;Proposta
002962;Empresa 2962 Ltda.;Porto Alegre;Elisa Moura;R$ 67.247,98;75%;01/08/2026;Proposta
002963;Empresa 2963 Ltda.;Salvador;Bruno Takahashi;R$ 56.429,35;90%;02/08/2026;Diagnóstico
002964;Empresa 2964 Ltda.;Porto Alegre;Bruno Takahashi;R$ 356.369,74;10%;03/08/2026;Ganho
002965;Empresa 2965 Ltda.;Salvador;Felipe Andrade;R$ 126.414,58;50%;04/08/2026;Perdido
002966;Empresa 2966 Ltda.;Belo Horizonte;Diego Fontes;R$ 327.336,91;25%;05/08/2026;Perdido
002967;Empresa 2967 Ltda.;Salvador;Hugo Prado;R$ 251.652,29;50%;06/08/2026;Proposta
002968;Empresa 2968 Ltda.;Florianópolis;Diego Fontes;R$ 177.750,76;90%;07/08/2026;Diagnóstico
002969;Empresa 2969 Ltda.;São Paulo;Hugo Prado;R$ 334.652,70;50%;08/08/2026;Proposta
002970;Empresa 2970 Ltda.;Goiânia;Carla Menezes;R$ 280.725,12;10%;09/08/2026;Diagnóstico
002971;Empresa 2971 Ltda.;Goiânia;Ana Ribeiro;R$ 28.299,45;50%;10/08/2026;Perdido
002972;Empresa 2972 Ltda.;Recife;Diego Fontes;R$ 453.121,86;75%;11/08/2026;Diagnóstico
002973;Empresa 2973 Ltda.;São Paulo;Bruno Takahashi;R$ 457.010,84;10%;12/08/2026;Qualificação
002974;Empresa 2974 Ltda.;Porto Alegre;Gabriela Lins;R$ 444.316,56;50%;13/08/2026;Qualificação
002975;Empresa 2975 Ltda.;Goiânia;Hugo Prado;R$ 391.600,50;50%;14/08/2026;Diagnóstico
002976;Empresa 2976 Ltda.;Goiânia;Ana Ribeiro;R$ 234.667,93;25%;15/08/2026;Qualificação
002977;Empresa 2977 Ltda.;Florianópolis;Ana Ribeiro;R$ 396.235,22;25%;16/08/2026;Negociação
002978;Empresa 2978 Ltda.;Recife;Diego Fontes;R$ 55.192,45;75%;17/08/2026;Ganho
002979;Empresa 2979 Ltda.;Belo Horizonte;Diego Fontes;R$ 95.952,83;10%;18/08/2026;Qualificação
002980;Empresa 2980 Ltda.;Porto Alegre;Hugo Prado;R$ 270.822,38;75%;19/08/2026;Ganho
002981;Empresa 2981 Ltda.;Salvador;Hugo Prado;R$ 200.296,39;10%;20/08/2026;Ganho
002982;Empresa 2982 Ltda.;Belo Horizonte;Bruno Takahashi;R$ 463.656,62;25%;21/08/2026;Diagnóstico
002983;Empresa 2983 Ltda.;Recife;Hugo Prado;R$ 442.821,69;90%;22/08/2026;Ganho
002984;Empresa 2984 Ltda.;Curitiba;Carla Menezes;R$ 442.828,60;75%;23/08/2026;Diagnóstico
002985;Empresa 2985 Ltda.;Belo Horizonte;Felipe Andrade;R$ 206.820,84;75%;24/08/2026;Qualificação
002986;Empresa 2986 Ltda.;São Paulo;Gabriela Lins;R$ 128.559,56;50%;25/08/2026;Qualificação
002987;Empresa 2987 Ltda.;Recife;Ana Ribeiro;R$ 79.808,45;90%;26/08/2026;Proposta
002988;Empresa 2988 Ltda.;Porto Alegre;Bruno Takahashi;R$ 101.244,95;10%;27/08/2026;Perdido
002989;Empresa 2989 Ltda.;Salvador;Bruno Takahashi;R$ 250.618,73;75%;28/08/2026;Negociação
002990;Empresa 2990 Ltda.;Salvador;Felipe Andrade;R$ 80.393,10;50%;29/08/2026;Ganho
002991;Empresa 2991 Ltda.;São Paulo;Bruno Takahashi;R$ 240.407,65;10%;30/08/2026;Proposta
002992;Empresa 2992 Ltda.;Curitiba;Bruno Takahashi;R$ 391.807,45;25%;31/08/2026;Perdido
002993;Empresa 2993 Ltda.;Florianópolis;Bruno Takahashi;R$ 249.989,10;75%;01/09/2026;Proposta
002994;Empresa 2994 Ltda.;Recife;Felipe Andrade;R$ 190.747,50;50%;02/09/2026;Negociação
002995;Empresa 2995 Ltda.;Recife;Elisa Moura;R$ 456.346,44;25%;03/09/2026;Qualificação
002996;Empresa 2996 Ltda.;Florianópolis;Elisa Moura;R$ 405.550,06;10%;04/09/2026;Ganho
002997;Empresa 2997 Ltda.;São Paulo;Diego Fontes;R$ 428.025,69;90%;05/09/2026;Diagnóstico
002998;Empresa 2998 Ltda.;Belo Horizonte;Ana Ribeiro;R$ 194.983,26;75%;06/09/2026;Proposta
002999;Empresa 2999 Ltda.;Recife;Diego Fontes;R$ 175.490,41;75%;07/09/2026;Qualificação
003000;Empresa 3000 Ltda.;São Paulo;Ana Ribeiro;R$ 460.509,99;10%;08/09/2026;Proposta
003001;Empresa 3001 Ltda.;Belo Horizonte;Elisa Moura;R$ 333.804,50;90%;02/01/2026;Qualificação
003002;Empresa 3002 Ltda.;Belo Horizonte;Diego Fontes;R$ 83.417,20;50%;03/01/2026;Negociação
003003;Empresa 3003 Ltda.;Goiânia;Bruno Takahashi;R$ 69.208,93;10%;04/01/2026;Perdido
003004;Empresa 3004 Ltda.;Curitiba;Gabriela Lins;R$ 123.370,42;90%;05/01/2026;Proposta
003005;Empresa 3005 Ltda.;Belo Horizonte;Bruno Takahashi;R$ 141.672,92;50%;06/01/2026;Diagnóstico
003006;Empresa 3006 Ltda.;Florianópolis;Hugo Prado;R$ 380.945,70;50%;07/01/2026;Proposta
003007;Empresa 3007 Ltda.;Recife;Felipe Andrade;R$ 301.350,75;90%;08/01/2026;Perdido
003008;Empresa 3008 Ltda.;Florianópolis;Bruno Takahashi;R$ 144.323,22;25%;09/01/2026;Diagnóstico
003009;Empresa 3009 Ltda.;Salvador;Bruno Takahashi;R$ 443.948,04;10%;10/01/2026;Ganho
003010;Empresa 3010 Ltda.;São Paulo;Gabriela Lins;R$ 143.635,31;25%;11/01/2026;Diagnóstico
003011;Empresa 3011 Ltda.;Goiânia;Carla Menezes;R$ 87.468,95;10%;12/01/2026;Negociação
003012;Empresa 3012 Ltda.;Goiânia;Ana Ribeiro;R$ 336.768,05;25%;13/01/2026;Negociação
003013;Empresa 3013 Ltda.;Belo Horizonte;Diego Fontes;R$ 133.794,60;10%;14/01/2026;Proposta
003014;Empresa 3014 Ltda.;Porto Alegre;Gabriela Lins;R$ 310.620,88;50%;15/01/2026;Proposta
003015;Empresa 3015 Ltda.;Salvador;Bruno Takahashi;R$ 219.180,52;25%;16/01/2026;Diagnóstico
003016;Empresa 3016 Ltda.;Belo Horizonte;Gabriela Lins;R$ 132.700,79;90%;17/01/2026;Negociação
003017;Empresa 3017 Ltda.;Belo Horizonte;Carla Menezes;R$ 299.727,48;50%;18/01/2026;Diagnóstico
003018;Empresa 3018 Ltda.;Belo Horizonte;Gabriela Lins;R$ 297.084,98;50%;19/01/2026;Diagnóstico
003019;Empresa 3019 Ltda.;Belo Horizonte;Hugo Prado;R$ 137.464,59;25%;20/01/2026;Diagnóstico
003020;Empresa 3020 Ltda.;Recife;Elisa Moura;R$ 440.206,20;75%;21/01/2026;Perdido
003021;Empresa 3021 Ltda.;Belo Horizonte;Hugo Prado;R$ 10.237,98;25%;22/01/2026;Proposta
003022;Empresa 3022 Ltda.;Salvador;Hugo Prado;R$ 471.346,29;75%;23/01/2026;Ganho
003023;Empresa 3023 Ltda.;Recife;Elisa Moura;R$ 410.681,92;90%;24/01/2026;Ganho
003024;Empresa 3024 Ltda.;São Paulo;Bruno Takahashi;R$ 185.962,45;10%;25/01/2026;Negociação
003025;Empresa 3025 Ltda.;Curitiba;Gabriela Lins;R$ 342.697,96;25%;26/01/2026;Perdido
003026;Empresa 3026 Ltda.;Belo Horizonte;Ana Ribeiro;R$ 72.159,56;90%;27/01/2026;Perdido
003027;Empresa 3027 Ltda.;Porto Alegre;Ana Ribeiro;R$ 463.479,61;50%;28/01/2026;Diagnóstico
003028;Empresa 3028 Ltda.;Recife;Ana Ribeiro;R$ 195.541,90;90%;29/01/2026;Qualificação
003029;Empresa 3029 Ltda.;Porto Alegre;Elisa Moura;R$ 400.594,40;10%;30/01/2026;Negociação
003030;Empresa 3030 Ltda.;Salvador;Elisa Moura;R$ 26.567,49;25%;31/01/2026;Diagnóstico
003031;Empresa 3031 Ltda.;Belo Horizonte;Diego Fontes;R$ 205.029,69;25%;01/02/2026;Diagnóstico
003032;Empresa 3032 Ltda.;Recife;Ana Ribeiro;R$ 441.395,86;75%;02/02/2026;Diagnóstico
003033;Empresa 3033 Ltda.;Belo Horizonte;Gabriela Lins;R$ 375.618,15;25%;03/02/2026;Proposta
003034;Empresa 3034 Ltda.;Salvador;Carla Menezes;R$ 299.895,80;50%;04/02/2026;Ganho
003035;Empresa 3035 Ltda.;Belo Horizonte;Hugo Prado;R$ 46.142,88;25%;05/02/2026;Ganho
003036;Empresa 3036 Ltda.;São Paulo;Gabriela Lins;R$ 276.461,91;75%;06/02/2026;Perdido
003037;Empresa 3037 Ltda.;Florianópolis;Diego Fontes;R$ 318.034,27;75%;07/02/2026;Proposta
003038;Empresa 3038 Ltda.;Recife;Ana Ribeiro;R$ 147.011,23;90%;08/02/2026;Ganho
003039;Empresa 3039 Ltda.;Florianópolis;Carla Menezes;R$ 340.731,26;25%;09/02/2026;Negociação
003040;Empresa 3040 Ltda.;São Paulo;Felipe Andrade;R$ 180.675,26;10%;10/02/2026;Negociação
003041;Empresa 3041 Ltda.;Goiânia;Diego Fontes;R$ 34.293,29;75%;11/02/2026;Diagnóstico
003042;Empresa 3042 Ltda.;Belo Horizonte;Gabriela Lins;R$ 236.556,44;10%;12/02/2026;Negociação
003043;Empresa 3043 Ltda.;Salvador;Gabriela Lins;R$ 249.341,77;25%;13/02/2026;Diagnóstico
003044;Empresa 3044 Ltda.;Florianópolis;Bruno Takahashi;R$ 42.641,79;10%;14/02/2026;Negociação
003045;Empresa 3045 Ltda.;Curitiba;Gabriela Lins;R$ 439.692,07;50%;15/02/2026;Diagnóstico
003046;Empresa 3046 Ltda.;Recife;Elisa Moura;R$ 44.685,42;50%;16/02/2026;Negociação
003047;Empresa 3047 Ltda.;Curitiba;Gabriela Lins;R$ 77.945,07;10%;17/02/2026;Negociação
003048;Empresa 3048 Ltda.;São Paulo;Elisa Moura;R$ 213.453,75;50%;18/02/2026;Qualificação
003049;Empresa 3049 Ltda.;Recife;Hugo Prado;R$ 197.163,61;90%;19/02/2026;Negociação
003050;Empresa 3050 Ltda.;Curitiba;Felipe Andrade;R$ 382.183,00;50%;20/02/2026;Negociação
003051;Empresa 3051 Ltda.;Porto Alegre;Hugo Prado;R$ 273.758,85;25%;21/02/2026;Ganho
003052;Empresa 3052 Ltda.;Curitiba;Gabriela Lins;R$ 200.673,56;50%;22/02/2026;Qualificação
003053;Empresa 3053 Ltda.;Goiânia;Gabriela Lins;R$ 59.429,72;90%;23/02/2026;Qualificação
003054;Empresa 3054 Ltda.;Porto Alegre;Ana Ribeiro;R$ 319.890,21;75%;24/02/2026;Negociação
003055;Empresa 3055 Ltda.;Porto Alegre;Carla Menezes;R$ 164.402,17;75%;25/02/2026;Negociação
003056;Empresa 3056 Ltda.;São Paulo;Gabriela Lins;R$ 249.652,00;50%;26/02/2026;Negociação
003057;Empresa 3057 Ltda.;Salvador;Elisa Moura;R$ 366.992,92;90%;27/02/2026;Negociação
003058;Empresa 3058 Ltda.;Recife;Diego Fontes;R$ 32.857,43;50%;28/02/2026;Diagnóstico
003059;Empresa 3059 Ltda.;São Paulo;Elisa Moura;R$ 118.730,66;75%;01/03/2026;Ganho
003060;Empresa 3060 Ltda.;Curitiba;Ana Ribeiro;R$ 113.292,43;50%;02/03/2026;Negociação
003061;Empresa 3061 Ltda.;Goiânia;Carla Menezes;R$ 391.858,73;90%;03/03/2026;Proposta
003062;Empresa 3062 Ltda.;São Paulo;Elisa Moura;R$ 177.050,34;25%;04/03/2026;Ganho
003063;Empresa 3063 Ltda.;Goiânia;Elisa Moura;R$ 454.143,37;10%;05/03/2026;Diagnóstico
003064;Empresa 3064 Ltda.;Belo Horizonte;Bruno Takahashi;R$ 288.823,37;90%;06/03/2026;Ganho
003065;Empresa 3065 Ltda.;Salvador;Gabriela Lins;R$ 47.846,48;25%;07/03/2026;Negociação
003066;Empresa 3066 Ltda.;Salvador;Ana Ribeiro;R$ 81.088,17;25%;08/03/2026;Negociação
003067;Empresa 3067 Ltda.;Curitiba;Bruno Takahashi;R$ 219.316,14;90%;09/03/2026;Negociação
003068;Empresa 3068 Ltda.;Recife;Elisa Moura;R$ 19.297,75;10%;10/03/2026;Proposta
003069;Empresa 3069 Ltda.;Porto Alegre;Felipe Andrade;R$ 92.237,40;25%;11/03/2026;Negociação
003070;Empresa 3070 Ltda.;Salvador;Hugo Prado;R$ 42.161,58;90%;12/03/2026;Qualificação
003071;Empresa 3071 Ltda.;Curitiba;Bruno Takahashi;R$ 126.143,13;75%;13/03/2026;Diagnóstico
003072;Empresa 3072 Ltda.;Recife;Carla Menezes;R$ 65.037,77;90%;14/03/2026;Ganho
003073;Empresa 3073 Ltda.;Salvador;Elisa Moura;R$ 235.344,55;50%;15/03/2026;Proposta
003074;Empresa 3074 Ltda.;Salvador;Ana Ribeiro;R$ 444.958,57;75%;16/03/2026;Ganho
003075;Empresa 3075 Ltda.;Belo Horizonte;Elisa Moura;R$ 358.179,13;10%;17/03/2026;Diagnóstico
003076;Empresa 3076 Ltda.;Recife;Hugo Prado;R$ 447.145,68;25%;18/03/2026;Qualificação
003077;Empresa 3077 Ltda.;Belo Horizonte;Bruno Takahashi;R$ 50.055,06;10%;19/03/2026;Proposta
003078;Empresa 3078 Ltda.;Porto Alegre;Felipe Andrade;R$ 239.390,45;90%;20/03/2026;Ganho
003079;Empresa 3079 Ltda.;Florianópolis;Bruno Takahashi;R$ 315.153,61;25%;21/03/2026;Negociação
003080;Empresa 3080 Ltda.;Goiânia;Diego Fontes;R$ 425.743,99;10%;22/03/2026;Proposta
003081;Empresa 3081 Ltda.;Florianópolis;Hugo Prado;R$ 80.004,14;90%;23/03/2026;Ganho
003082;Empresa 3082 Ltda.;Curitiba;Ana Ribeiro;R$ 263.038,53;25%;24/03/2026;Perdido
003083;Empresa 3083 Ltda.;Goiânia;Diego Fontes;R$ 369.385,59;75%;25/03/2026;Diagnóstico
003084;Empresa 3084 Ltda.;Recife;Elisa Moura;R$ 392.423,87;90%;26/03/2026;Negociação
003085;Empresa 3085 Ltda.;Florianópolis;Ana Ribeiro;R$ 188.368,62;90%;27/03/2026;Ganho
003086;Empresa 3086 Ltda.;Florianópolis;Ana Ribeiro;R$ 451.539,35;25%;28/03/2026;Proposta
003087;Empresa 3087 Ltda.;Goiânia;Elisa Moura;R$ 373.873,52;25%;29/03/2026;Negociação
003088;Empresa 3088 Ltda.;Belo Horizonte;Gabriela Lins;R$ 344.632,33;50%;30/03/2026;Diagnóstico
003089;Empresa 3089 Ltda.;São Paulo;Hugo Prado;R$ 185.393,29;90%;31/03/2026;Ganho
003090;Empresa 3090 Ltda.;Salvador;Hugo Prado;R$ 366.266,29;50%;01/04/2026;Ganho
003091;Empresa 3091 Ltda.;Salvador;Bruno Takahashi;R$ 300.091,55;90%;02/04/2026;Negociação
003092;Empresa 3092 Ltda.;Porto Alegre;Hugo Prado;R$ 262.633,40;50%;03/04/2026;Proposta
003093;Empresa 3093 Ltda.;Florianópolis;Gabriela Lins;R$ 189.068,56;25%;04/04/2026;Qualificação
003094;Empresa 3094 Ltda.;Goiânia;Carla Menezes;R$ 231.131,50;75%;05/04/2026;Perdido
003095;Empresa 3095 Ltda.;Goiânia;Hugo Prado;R$ 233.533,72;75%;06/04/2026;Proposta
003096;Empresa 3096 Ltda.;São Paulo;Gabriela Lins;R$ 13.164,75;75%;07/04/2026;Perdido
003097;Empresa 3097 Ltda.;Recife;Diego Fontes;R$ 416.162,56;50%;08/04/2026;Perdido
003098;Empresa 3098 Ltda.;Belo Horizonte;Diego Fontes;R$ 361.611,16;50%;09/04/2026;Qualificação
003099;Empresa 3099 Ltda.;Goiânia;Felipe Andrade;R$ 326.622,60;75%;10/04/2026;Qualificação
003100;Empresa 3100 Ltda.;Curitiba;Carla Menezes;R$ 300.384,76;50%;11/04/2026;Proposta
003101;Empresa 3101 Ltda.;Goiânia;Gabriela Lins;R$ 408.051,38;90%;12/04/2026;Qualificação
003102;Empresa 3102 Ltda.;Recife;Bruno Takahashi;R$ 374.329,25;50%;13/04/2026;Diagnóstico
003103;Empresa 3103 Ltda.;Belo Horizonte;Diego Fontes;R$ 451.635,47;50%;14/04/2026;Negociação
003104;Empresa 3104 Ltda.;Goiânia;Hugo Prado;R$ 445.162,30;10%;15/04/2026;Proposta
003105;Empresa 3105 Ltda.;Salvador;Bruno Takahashi;R$ 115.670,48;25%;16/04/2026;Diagnóstico
003106;Empresa 3106 Ltda.;Curitiba;Diego Fontes;R$ 160.004,82;50%;17/04/2026;Qualificação
003107;Empresa 3107 Ltda.;Goiânia;Ana Ribeiro;R$ 174.303,45;10%;18/04/2026;Diagnóstico
003108;Empresa 3108 Ltda.;Goiânia;Hugo Prado;R$ 424.596,31;50%;19/04/2026;Diagnóstico
003109;Empresa 3109 Ltda.;São Paulo;Ana Ribeiro;R$ 170.881,71;75%;20/04/2026;Qualificação
003110;Empresa 3110 Ltda.;Salvador;Carla Menezes;R$ 433.216,65;25%;21/04/2026;Ganho
003111;Empresa 3111 Ltda.;Recife;Felipe Andrade;R$ 458.523,86;75%;22/04/2026;Diagnóstico
003112;Empresa 3112 Ltda.;São Paulo;Ana Ribeiro;R$ 216.684,75;25%;23/04/2026;Perdido
003113;Empresa 3113 Ltda.;Belo Horizonte;Felipe Andrade;R$ 73.439,76;90%;24/04/2026;Negociação
003114;Empresa 3114 Ltda.;Belo Horizonte;Elisa Moura;R$ 162.117,55;10%;25/04/2026;Qualificação
003115;Empresa 3115 Ltda.;Florianópolis;Hugo Prado;R$ 173.894,14;90%;26/04/2026;Negociação
003116;Empresa 3116 Ltda.;Salvador;Gabriela Lins;R$ 313.296,18;90%;27/04/2026;Qualificação
003117;Empresa 3117 Ltda.;Porto Alegre;Carla Menezes;R$ 204.633,56;75%;28/04/2026;Diagnóstico
003118;Empresa 3118 Ltda.;Salvador;Diego Fontes;R$ 325.023,06;90%;29/04/2026;Qualificação
003119;Empresa 3119 Ltda.;Recife;Bruno Takahashi;R$ 226.668,67;25%;30/04/2026;Perdido
003120;Empresa 3120 Ltda.;São Paulo;Carla Menezes;R$ 190.795,08;25%;01/05/2026;Proposta
003121;Empresa 3121 Ltda.;Porto Alegre;Hugo Prado;R$ 160.675,04;25%;02/05/2026;Qualificação
003122;Empresa 3122 Ltda.;Belo Horizonte;Carla Menezes;R$ 223.080,56;10%;03/05/2026;Diagnóstico
003123;Empresa 3123 Ltda.;Curitiba;Felipe Andrade;R$ 433.558,12;10%;04/05/2026;Ganho
003124;Empresa 3124 Ltda.;Florianópolis;Diego Fontes;R$ 320.731,74;50%;05/05/2026;Negociação
003125;Empresa 3125 Ltda.;Salvador;Elisa Moura;R$ 454.972,96;10%;06/05/2026;Diagnóstico
003126;Empresa 3126 Ltda.;Goiânia;Felipe Andrade;R$ 275.838,29;25%;07/05/2026;Ganho
003127;Empresa 3127 Ltda.;Belo Horizonte;Gabriela Lins;R$ 296.650,20;90%;08/05/2026;Perdido
003128;Empresa 3128 Ltda.;Goiânia;Gabriela Lins;R$ 247.681,75;10%;09/05/2026;Ganho
003129;Empresa 3129 Ltda.;Porto Alegre;Felipe Andrade;R$ 303.887,32;75%;10/05/2026;Proposta
003130;Empresa 3130 Ltda.;Salvador;Hugo Prado;R$ 256.219,11;50%;11/05/2026;Negociação
003131;Empresa 3131 Ltda.;Florianópolis;Elisa Moura;R$ 241.048,96;50%;12/05/2026;Proposta
003132;Empresa 3132 Ltda.;Porto Alegre;Felipe Andrade;R$ 250.748,08;10%;13/05/2026;Diagnóstico
003133;Empresa 3133 Ltda.;Recife;Hugo Prado;R$ 92.806,45;75%;14/05/2026;Proposta
003134;Empresa 3134 Ltda.;Curitiba;Hugo Prado;R$ 321.372,52;90%;15/05/2026;Negociação
003135;Empresa 3135 Ltda.;Goiânia;Gabriela Lins;R$ 373.988,61;90%;16/05/2026;Ganho
003136;Empresa 3136 Ltda.;Goiânia;Diego Fontes;R$ 409.439,80;50%;17/05/2026;Proposta
003137;Empresa 3137 Ltda.;Curitiba;Hugo Prado;R$ 40.961,53;25%;18/05/2026;Proposta
003138;Empresa 3138 Ltda.;Curitiba;Carla Menezes;R$ 136.898,76;10%;19/05/2026;Diagnóstico
003139;Empresa 3139 Ltda.;Curitiba;Diego Fontes;R$ 264.131,72;75%;20/05/2026;Ganho
003140;Empresa 3140 Ltda.;Salvador;Hugo Prado;R$ 425.484,01;10%;21/05/2026;Qualificação
003141;Empresa 3141 Ltda.;Goiânia;Gabriela Lins;R$ 160.455,91;10%;22/05/2026;Proposta
003142;Empresa 3142 Ltda.;Curitiba;Gabriela Lins;R$ 376.566,13;75%;23/05/2026;Perdido
003143;Empresa 3143 Ltda.;Belo Horizonte;Bruno Takahashi;R$ 298.150,47;10%;24/05/2026;Proposta
003144;Empresa 3144 Ltda.;São Paulo;Ana Ribeiro;R$ 291.544,16;25%;25/05/2026;Qualificação
003145;Empresa 3145 Ltda.;Goiânia;Hugo Prado;R$ 164.408,41;90%;26/05/2026;Proposta
003146;Empresa 3146 Ltda.;Florianópolis;Ana Ribeiro;R$ 351.829,43;25%;27/05/2026;Diagnóstico
003147;Empresa 3147 Ltda.;Recife;Gabriela Lins;R$ 99.358,86;25%;28/05/2026;Qualificação
003148;Empresa 3148 Ltda.;Florianópolis;Diego Fontes;R$ 34.064,55;90%;29/05/2026;Negociação
003149;Empresa 3149 Ltda.;Curitiba;Hugo Prado;R$ 191.688,68;10%;30/05/2026;Negociação
003150;Empresa 3150 Ltda.;Curitiba;Gabriela Lins;R$ 451.967,83;10%;31/05/2026;Qualificação
003151;Empresa 3151 Ltda.;Florianópolis;Elisa Moura;R$ 289.976,10;90%;01/06/2026;Qualificação
003152;Empresa 3152 Ltda.;Goiânia;Felipe Andrade;R$ 378.825,11;75%;02/06/2026;Diagnóstico
003153;Empresa 3153 Ltda.;Goiânia;Felipe Andrade;R$ 343.241,94;25%;03/06/2026;Perdido
003154;Empresa 3154 Ltda.;Recife;Elisa Moura;R$ 51.642,41;10%;04/06/2026;Qualificação
003155;Empresa 3155 Ltda.;Goiânia;Diego Fontes;R$ 91.559,83;75%;05/06/2026;Qualificação
003156;Empresa 3156 Ltda.;São Paulo;Carla Menezes;R$ 204.147,08;25%;06/06/2026;Negociação
003157;Empresa 3157 Ltda.;Florianópolis;Bruno Takahashi;R$ 133.689,26;50%;07/06/2026;Ganho
003158;Empresa 3158 Ltda.;Porto Alegre;Bruno Takahashi;R$ 55.394,63;90%;08/06/2026;Negociação
003159;Empresa 3159 Ltda.;Recife;Felipe Andrade;R$ 52.536,29;75%;09/06/2026;Qualificação
003160;Empresa 3160 Ltda.;Salvador;Carla Menezes;R$ 74.461,12;75%;10/06/2026;Proposta
003161;Empresa 3161 Ltda.;São Paulo;Gabriela Lins;R$ 92.783,64;75%;11/06/2026;Proposta
003162;Empresa 3162 Ltda.;Curitiba;Diego Fontes;R$ 427.484,47;50%;12/06/2026;Qualificação
003163;Empresa 3163 Ltda.;Salvador;Elisa Moura;R$ 335.221,14;90%;13/06/2026;Perdido
003164;Empresa 3164 Ltda.;Porto Alegre;Felipe Andrade;R$ 128.807,82;10%;14/06/2026;Negociação
003165;Empresa 3165 Ltda.;São Paulo;Gabriela Lins;R$ 454.417,90;50%;15/06/2026;Qualificação
003166;Empresa 3166 Ltda.;Salvador;Elisa Moura;R$ 167.568,28;75%;16/06/2026;Perdido
003167;Empresa 3167 Ltda.;Recife;Elisa Moura;R$ 478.925,47;90%;17/06/2026;Qualificação
003168;Empresa 3168 Ltda.;Goiânia;Gabriela Lins;R$ 254.159,68;75%;18/06/2026;Diagnóstico
003169;Empresa 3169 Ltda.;Goiânia;Diego Fontes;R$ 134.918,44;50%;19/06/2026;Proposta
003170;Empresa 3170 Ltda.;Salvador;Elisa Moura;R$ 142.447,96;10%;20/06/2026;Diagnóstico
003171;Empresa 3171 Ltda.;Curitiba;Carla Menezes;R$ 230.883,49;90%;21/06/2026;Diagnóstico
003172;Empresa 3172 Ltda.;Florianópolis;Gabriela Lins;R$ 74.052,90;25%;22/06/2026;Proposta
003173;Empresa 3173 Ltda.;Florianópolis;Elisa Moura;R$ 333.765,24;50%;23/06/2026;Perdido
003174;Empresa 3174 Ltda.;Curitiba;Felipe Andrade;R$ 161.344,08;10%;24/06/2026;Negociação
003175;Empresa 3175 Ltda.;Recife;Diego Fontes;R$ 378.911,14;90%;25/06/2026;Ganho
003176;Empresa 3176 Ltda.;São Paulo;Elisa Moura;R$ 384.513,63;10%;26/06/2026;Proposta
003177;Empresa 3177 Ltda.;Recife;Gabriela Lins;R$ 278.668,17;75%;27/06/2026;Perdido
003178;Empresa 3178 Ltda.;Porto Alegre;Ana Ribeiro;R$ 449.707,52;10%;28/06/2026;Negociação
003179;Empresa 3179 Ltda.;São Paulo;Felipe Andrade;R$ 221.195,20;75%;29/06/2026;Qualificação
003180;Empresa 3180 Ltda.;Recife;Ana Ribeiro;R$ 217.722,04;10%;30/06/2026;Qualificação
003181;Empresa 3181 Ltda.;Goiânia;Diego Fontes;R$ 86.947,23;75%;01/07/2026;Negociação
003182;Empresa 3182 Ltda.;Florianópolis;Gabriela Lins;R$ 94.103,83;75%;02/07/2026;Ganho
003183;Empresa 3183 Ltda.;Curitiba;Felipe Andrade;R$ 232.953,43;50%;03/07/2026;Diagnóstico
003184;Empresa 3184 Ltda.;Goiânia;Elisa Moura;R$ 156.536,04;50%;04/07/2026;Negociação
003185;Empresa 3185 Ltda.;Porto Alegre;Elisa Moura;R$ 312.577,61;90%;05/07/2026;Negociação
003186;Empresa 3186 Ltda.;Curitiba;Elisa Moura;R$ 176.196,50;90%;06/07/2026;Negociação
003187;Empresa 3187 Ltda.;Curitiba;Felipe Andrade;R$ 293.385,70;90%;07/07/2026;Qualificação
003188;Empresa 3188 Ltda.;Porto Alegre;Diego Fontes;R$ 228.487,09;90%;08/07/2026;Diagnóstico
003189;Empresa 3189 Ltda.;Porto Alegre;Bruno Takahashi;R$ 257.781,33;75%;09/07/2026;Negociação
003190;Empresa 3190 Ltda.;Florianópolis;Carla Menezes;R$ 389.824,75;25%;10/07/2026;Proposta
003191;Empresa 3191 Ltda.;Porto Alegre;Elisa Moura;R$ 452.328,47;10%;11/07/2026;Diagnóstico
003192;Empresa 3192 Ltda.;Porto Alegre;Elisa Moura;R$ 20.406,80;25%;12/07/2026;Qualificação
003193;Empresa 3193 Ltda.;Florianópolis;Elisa Moura;R$ 190.102,38;50%;13/07/2026;Qualificação
003194;Empresa 3194 Ltda.;Curitiba;Ana Ribeiro;R$ 144.691,69;75%;14/07/2026;Ganho
003195;Empresa 3195 Ltda.;Curitiba;Elisa Moura;R$ 92.965,29;90%;15/07/2026;Ganho
003196;Empresa 3196 Ltda.;Curitiba;Hugo Prado;R$ 135.572,91;75%;16/07/2026;Perdido
003197;Empresa 3197 Ltda.;Florianópolis;Carla Menezes;R$ 57.976,39;75%;17/07/2026;Diagnóstico
003198;Empresa 3198 Ltda.;Florianópolis;Carla Menezes;R$ 338.166,53;25%;18/07/2026;Ganho
003199;Empresa 3199 Ltda.;Curitiba;Hugo Prado;R$ 148.505,86;50%;19/07/2026;Diagnóstico
003200;Empresa 3200 Ltda.;Belo Horizonte;Ana Ribeiro;R$ 468.389,58;50%;20/07/2026;Proposta
003201;Empresa 3201 Ltda.;Recife;Gabriela Lins;R$ 387.607,03;50%;21/07/2026;Negociação
003202;Empresa 3202 Ltda.;Florianópolis;Felipe Andrade;R$ 319.760,73;90%;22/07/2026;Diagnóstico
003203;Empresa 3203 Ltda.;Porto Alegre;Carla Menezes;R$ 445.967,17;50%;23/07/2026;Diagnóstico
003204;Empresa 3204 Ltda.;São Paulo;Elisa Moura;R$ 145.267,80;25%;24/07/2026;Perdido
003205;Empresa 3205 Ltda.;Curitiba;Bruno Takahashi;R$ 261.990,78;50%;25/07/2026;Ganho
003206;Empresa 3206 Ltda.;São Paulo;Carla Menezes;R$ 76.125,87;75%;26/07/2026;Proposta
003207;Empresa 3207 Ltda.;Recife;Elisa Moura;R$ 218.180,63;75%;27/07/2026;Ganho
003208;Empresa 3208 Ltda.;Goiânia;Felipe Andrade;R$ 202.931,05;10%;28/07/2026;Diagnóstico
003209;Empresa 3209 Ltda.;Goiânia;Gabriela Lins;R$ 95.080,54;10%;29/07/2026;Perdido
003210;Empresa 3210 Ltda.;Porto Alegre;Gabriela Lins;R$ 148.933,25;25%;30/07/2026;Negociação
003211;Empresa 3211 Ltda.;Belo Horizonte;Carla Menezes;R$ 246.496,91;90%;31/07/2026;Perdido
003212;Empresa 3212 Ltda.;Goiânia;Ana Ribeiro;R$ 134.353,92;50%;01/08/2026;Ganho
003213;Empresa 3213 Ltda.;Salvador;Hugo Prado;R$ 458.410,33;50%;02/08/2026;Negociação
003214;Empresa 3214 Ltda.;Salvador;Ana Ribeiro;R$ 441.390,84;75%;03/08/2026;Diagnóstico
003215;Empresa 3215 Ltda.;Belo Horizonte;Diego Fontes;R$ 366.863,34;25%;04/08/2026;Perdido
003216;Empresa 3216 Ltda.;Belo Horizonte;Gabriela Lins;R$ 310.376,42;90%;05/08/2026;Perdido
003217;Empresa 3217 Ltda.;Porto Alegre;Bruno Takahashi;R$ 332.414,55;25%;06/08/2026;Perdido
003218;Empresa 3218 Ltda.;Curitiba;Bruno Takahashi;R$ 351.264,83;25%;07/08/2026;Proposta
003219;Empresa 3219 Ltda.;Florianópolis;Bruno Takahashi;R$ 459.688,47;75%;08/08/2026;Ganho
003220;Empresa 3220 Ltda.;Florianópolis;Hugo Prado;R$ 178.765,94;75%;09/08/2026;Perdido
003221;Empresa 3221 Ltda.;Goiânia;Hugo Prado;R$ 167.753,37;50%;10/08/2026;Ganho
003222;Empresa 3222 Ltda.;Florianópolis;Gabriela Lins;R$ 311.521,98;25%;11/08/2026;Ganho
003223;Empresa 3223 Ltda.;Goiânia;Hugo Prado;R$ 372.219,45;75%;12/08/2026;Proposta
003224;Empresa 3224 Ltda.;Florianópolis;Carla Menezes;R$ 323.319,88;75%;13/08/2026;Perdido
003225;Empresa 3225 Ltda.;Florianópolis;Ana Ribeiro;R$ 416.179,40;75%;14/08/2026;Negociação
003226;Empresa 3226 Ltda.;Salvador;Hugo Prado;R$ 301.304,48;90%;15/08/2026;Proposta
003227;Empresa 3227 Ltda.;Salvador;Carla Menezes;R$ 116.000,04;25%;16/08/2026;Perdido
003228;Empresa 3228 Ltda.;Belo Horizonte;Gabriela Lins;R$ 271.471,30;50%;17/08/2026;Qualificação
003229;Empresa 3229 Ltda.;Goiânia;Bruno Takahashi;R$ 159.456,00;90%;18/08/2026;Diagnóstico
003230;Empresa 3230 Ltda.;São Paulo;Ana Ribeiro;R$ 151.461,59;75%;19/08/2026;Perdido
003231;Empresa 3231 Ltda.;Salvador;Diego Fontes;R$ 239.441,95;50%;20/08/2026;Qualificação
003232;Empresa 3232 Ltda.;São Paulo;Gabriela Lins;R$ 360.876,73;25%;21/08/2026;Diagnóstico
003233;Empresa 3233 Ltda.;Salvador;Gabriela Lins;R$ 413.286,72;50%;22/08/2026;Perdido
003234;Empresa 3234 Ltda.;Salvador;Felipe Andrade;R$ 244.445,44;50%;23/08/2026;Qualificação
003235;Empresa 3235 Ltda.;Florianópolis;Bruno Takahashi;R$ 401.770,80;25%;24/08/2026;Perdido
003236;Empresa 3236 Ltda.;Goiânia;Felipe Andrade;R$ 331.601,72;10%;25/08/2026;Qualificação
003237;Empresa 3237 Ltda.;Belo Horizonte;Carla Menezes;R$ 116.995,15;75%;26/08/2026;Qualificação
003238;Empresa 3238 Ltda.;Belo Horizonte;Bruno Takahashi;R$ 123.649,32;50%;27/08/2026;Ganho
003239;Empresa 3239 Ltda.;Goiânia;Elisa Moura;R$ 401.990,89;25%;28/08/2026;Perdido
003240;Empresa 3240 Ltda.;Goiânia;Elisa Moura;R$ 243.569,73;10%;29/08/2026;Diagnóstico
003241;Empresa 3241 Ltda.;Porto Alegre;Gabriela Lins;R$ 38.095,62;75%;30/08/2026;Negociação
003242;Empresa 3242 Ltda.;Goiânia;Gabriela Lins;R$ 35.579,86;10%;31/08/2026;Proposta
003243;Empresa 3243 Ltda.;Goiânia;Bruno Takahashi;R$ 466.721,47;25%;01/09/2026;Negociação
003244;Empresa 3244 Ltda.;Goiânia;Elisa Moura;R$ 122.983,39;10%;02/09/2026;Diagnóstico
003245;Empresa 3245 Ltda.;Curitiba;Elisa Moura;R$ 349.372,98;10%;03/09/2026;Qualificação
003246;Empresa 3246 Ltda.;Porto Alegre;Ana Ribeiro;R$ 237.147,82;50%;04/09/2026;Proposta
003247;Empresa 3247 Ltda.;Porto Alegre;Elisa Moura;R$ 68.211,61;90%;05/09/2026;Negociação
003248;Empresa 3248 Ltda.;Recife;Elisa Moura;R$ 442.895,94;10%;06/09/2026;Perdido
003249;Empresa 3249 Ltda.;Goiânia;Gabriela Lins;R$ 472.924,77;90%;07/09/2026;Ganho
003250;Empresa 3250 Ltda.;Recife;Hugo Prado;R$ 324.867,99;50%;08/09/2026;Diagnóstico
003251;Empresa 3251 Ltda.;Belo Horizonte;Ana Ribeiro;R$ 473.958,59;75%;02/01/2026;Qualificação
003252;Empresa 3252 Ltda.;Salvador;Gabriela Lins;R$ 22.827,60;50%;03/01/2026;Perdido
003253;Empresa 3253 Ltda.;Recife;Ana Ribeiro;R$ 203.746,03;90%;04/01/2026;Ganho
003254;Empresa 3254 Ltda.;Porto Alegre;Elisa Moura;R$ 341.239,13;10%;05/01/2026;Ganho
003255;Empresa 3255 Ltda.;Salvador;Carla Menezes;R$ 196.873,80;75%;06/01/2026;Ganho
003256;Empresa 3256 Ltda.;Florianópolis;Gabriela Lins;R$ 455.865,89;50%;07/01/2026;Diagnóstico
003257;Empresa 3257 Ltda.;Salvador;Carla Menezes;R$ 268.004,57;90%;08/01/2026;Perdido
003258;Empresa 3258 Ltda.;Salvador;Felipe Andrade;R$ 47.688,26;75%;09/01/2026;Qualificação
003259;Empresa 3259 Ltda.;Recife;Ana Ribeiro;R$ 150.898,40;75%;10/01/2026;Diagnóstico
003260;Empresa 3260 Ltda.;Salvador;Elisa Moura;R$ 177.770,60;50%;11/01/2026;Perdido
003261;Empresa 3261 Ltda.;Goiânia;Diego Fontes;R$ 150.470,31;10%;12/01/2026;Negociação
003262;Empresa 3262 Ltda.;São Paulo;Carla Menezes;R$ 195.370,06;50%;13/01/2026;Ganho
003263;Empresa 3263 Ltda.;São Paulo;Elisa Moura;R$ 409.433,98;10%;14/01/2026;Proposta
003264;Empresa 3264 Ltda.;Goiânia;Ana Ribeiro;R$ 422.578,44;10%;15/01/2026;Diagnóstico
003265;Empresa 3265 Ltda.;Salvador;Diego Fontes;R$ 471.446,18;90%;16/01/2026;Qualificação
003266;Empresa 3266 Ltda.;Belo Horizonte;Gabriela Lins;R$ 15.608,30;90%;17/01/2026;Qualificação
003267;Empresa 3267 Ltda.;Goiânia;Bruno Takahashi;R$ 438.960,30;25%;18/01/2026;Diagnóstico
003268;Empresa 3268 Ltda.;Curitiba;Hugo Prado;R$ 408.688,89;25%;19/01/2026;Ganho
003269;Empresa 3269 Ltda.;Belo Horizonte;Gabriela Lins;R$ 90.897,12;50%;20/01/2026;Perdido
003270;Empresa 3270 Ltda.;Curitiba;Bruno Takahashi;R$ 105.059,41;75%;21/01/2026;Negociação
003271;Empresa 3271 Ltda.;Recife;Bruno Takahashi;R$ 371.307,97;90%;22/01/2026;Proposta
003272;Empresa 3272 Ltda.;Florianópolis;Carla Menezes;R$ 215.851,38;90%;23/01/2026;Perdido
003273;Empresa 3273 Ltda.;Goiânia;Ana Ribeiro;R$ 324.538,21;25%;24/01/2026;Perdido
003274;Empresa 3274 Ltda.;Recife;Elisa Moura;R$ 43.256,28;75%;25/01/2026;Ganho
003275;Empresa 3275 Ltda.;Belo Horizonte;Felipe Andrade;R$ 170.452,55;75%;26/01/2026;Proposta
003276;Empresa 3276 Ltda.;Porto Alegre;Felipe Andrade;R$ 225.989,01;90%;27/01/2026;Diagnóstico
003277;Empresa 3277 Ltda.;Salvador;Ana Ribeiro;R$ 429.273,57;25%;28/01/2026;Negociação
003278;Empresa 3278 Ltda.;Porto Alegre;Elisa Moura;R$ 145.022,21;50%;29/01/2026;Ganho
003279;Empresa 3279 Ltda.;Recife;Gabriela Lins;R$ 277.527,81;90%;30/01/2026;Qualificação
003280;Empresa 3280 Ltda.;Belo Horizonte;Felipe Andrade;R$ 226.640,01;25%;31/01/2026;Ganho
003281;Empresa 3281 Ltda.;Salvador;Gabriela Lins;R$ 184.926,98;50%;01/02/2026;Qualificação
003282;Empresa 3282 Ltda.;Belo Horizonte;Felipe Andrade;R$ 50.646,61;10%;02/02/2026;Perdido
003283;Empresa 3283 Ltda.;Curitiba;Gabriela Lins;R$ 14.946,88;25%;03/02/2026;Diagnóstico
003284;Empresa 3284 Ltda.;Belo Horizonte;Gabriela Lins;R$ 296.776,55;75%;04/02/2026;Qualificação
003285;Empresa 3285 Ltda.;Florianópolis;Felipe Andrade;R$ 142.093,91;50%;05/02/2026;Ganho
003286;Empresa 3286 Ltda.;Florianópolis;Felipe Andrade;R$ 342.068,62;90%;06/02/2026;Qualificação
003287;Empresa 3287 Ltda.;Salvador;Hugo Prado;R$ 183.790,40;50%;07/02/2026;Perdido
003288;Empresa 3288 Ltda.;Belo Horizonte;Diego Fontes;R$ 392.641,08;25%;08/02/2026;Ganho
003289;Empresa 3289 Ltda.;Goiânia;Ana Ribeiro;R$ 200.622,10;10%;09/02/2026;Ganho
003290;Empresa 3290 Ltda.;Recife;Diego Fontes;R$ 171.523,15;75%;10/02/2026;Diagnóstico
003291;Empresa 3291 Ltda.;Goiânia;Elisa Moura;R$ 217.603,45;10%;11/02/2026;Negociação
003292;Empresa 3292 Ltda.;Florianópolis;Elisa Moura;R$ 43.719,03;25%;12/02/2026;Qualificação
003293;Empresa 3293 Ltda.;Recife;Hugo Prado;R$ 53.209,43;25%;13/02/2026;Diagnóstico
003294;Empresa 3294 Ltda.;São Paulo;Carla Menezes;R$ 203.703,41;50%;14/02/2026;Ganho
003295;Empresa 3295 Ltda.;Curitiba;Diego Fontes;R$ 342.350,93;75%;15/02/2026;Negociação
003296;Empresa 3296 Ltda.;Curitiba;Gabriela Lins;R$ 56.548,13;75%;16/02/2026;Qualificação
003297;Empresa 3297 Ltda.;Salvador;Ana Ribeiro;R$ 60.292,38;25%;17/02/2026;Ganho
003298;Empresa 3298 Ltda.;Recife;Diego Fontes;R$ 295.910,41;10%;18/02/2026;Diagnóstico
003299;Empresa 3299 Ltda.;Florianópolis;Diego Fontes;R$ 26.447,16;90%;19/02/2026;Negociação
003300;Empresa 3300 Ltda.;Recife;Hugo Prado;R$ 444.767,03;90%;20/02/2026;Diagnóstico
003301;Empresa 3301 Ltda.;Recife;Diego Fontes;R$ 461.939,96;90%;21/02/2026;Negociação
003302;Empresa 3302 Ltda.;Belo Horizonte;Ana Ribeiro;R$ 366.010,38;50%;22/02/2026;Ganho
003303;Empresa 3303 Ltda.;São Paulo;Felipe Andrade;R$ 408.997,88;50%;23/02/2026;Qualificação
003304;Empresa 3304 Ltda.;Curitiba;Carla Menezes;R$ 305.209,23;50%;24/02/2026;Qualificação
003305;Empresa 3305 Ltda.;Recife;Diego Fontes;R$ 388.070,09;25%;25/02/2026;Diagnóstico
003306;Empresa 3306 Ltda.;São Paulo;Ana Ribeiro;R$ 451.763,61;90%;26/02/2026;Negociação
003307;Empresa 3307 Ltda.;São Paulo;Felipe Andrade;R$ 341.993,98;90%;27/02/2026;Negociação
003308;Empresa 3308 Ltda.;Recife;Elisa Moura;R$ 75.469,84;25%;28/02/2026;Negociação
003309;Empresa 3309 Ltda.;Belo Horizonte;Elisa Moura;R$ 383.609,55;10%;01/03/2026;Proposta
003310;Empresa 3310 Ltda.;Curitiba;Felipe Andrade;R$ 438.825,03;75%;02/03/2026;Ganho
003311;Empresa 3311 Ltda.;Belo Horizonte;Hugo Prado;R$ 30.064,97;50%;03/03/2026;Proposta
003312;Empresa 3312 Ltda.;Belo Horizonte;Gabriela Lins;R$ 210.085,90;25%;04/03/2026;Perdido
003313;Empresa 3313 Ltda.;Curitiba;Felipe Andrade;R$ 32.533,94;10%;05/03/2026;Diagnóstico
003314;Empresa 3314 Ltda.;Salvador;Felipe Andrade;R$ 135.956,49;10%;06/03/2026;Negociação
003315;Empresa 3315 Ltda.;Goiânia;Carla Menezes;R$ 466.597,48;90%;07/03/2026;Ganho
003316;Empresa 3316 Ltda.;São Paulo;Elisa Moura;R$ 129.501,63;25%;08/03/2026;Diagnóstico
003317;Empresa 3317 Ltda.;Porto Alegre;Felipe Andrade;R$ 237.740,87;50%;09/03/2026;Perdido
003318;Empresa 3318 Ltda.;Recife;Ana Ribeiro;R$ 225.315,33;10%;10/03/2026;Diagnóstico
003319;Empresa 3319 Ltda.;Goiânia;Hugo Prado;R$ 259.160,96;25%;11/03/2026;Proposta
003320;Empresa 3320 Ltda.;Recife;Felipe Andrade;R$ 25.236,61;90%;12/03/2026;Perdido
003321;Empresa 3321 Ltda.;Goiânia;Hugo Prado;R$ 127.213,61;10%;13/03/2026;Perdido
003322;Empresa 3322 Ltda.;Curitiba;Bruno Takahashi;R$ 302.939,60;75%;14/03/2026;Ganho
003323;Empresa 3323 Ltda.;Curitiba;Ana Ribeiro;R$ 168.044,78;10%;15/03/2026;Negociação
003324;Empresa 3324 Ltda.;São Paulo;Diego Fontes;R$ 28.541,15;50%;16/03/2026;Proposta
003325;Empresa 3325 Ltda.;Salvador;Carla Menezes;R$ 397.217,90;90%;17/03/2026;Qualificação
003326;Empresa 3326 Ltda.;Salvador;Carla Menezes;R$ 300.875,30;25%;18/03/2026;Ganho
003327;Empresa 3327 Ltda.;Salvador;Hugo Prado;R$ 272.858,63;10%;19/03/2026;Perdido
003328;Empresa 3328 Ltda.;Recife;Bruno Takahashi;R$ 114.716,41;50%;20/03/2026;Perdido
003329;Empresa 3329 Ltda.;Porto Alegre;Bruno Takahashi;R$ 408.904,47;50%;21/03/2026;Perdido
003330;Empresa 3330 Ltda.;Porto Alegre;Carla Menezes;R$ 158.088,92;25%;22/03/2026;Negociação
003331;Empresa 3331 Ltda.;Florianópolis;Bruno Takahashi;R$ 437.864,82;10%;23/03/2026;Negociação
003332;Empresa 3332 Ltda.;Porto Alegre;Bruno Takahashi;R$ 281.948,63;25%;24/03/2026;Proposta
003333;Empresa 3333 Ltda.;Curitiba;Hugo Prado;R$ 88.313,21;10%;25/03/2026;Diagnóstico
003334;Empresa 3334 Ltda.;São Paulo;Bruno Takahashi;R$ 64.093,27;90%;26/03/2026;Negociação
003335;Empresa 3335 Ltda.;Porto Alegre;Elisa Moura;R$ 247.379,10;90%;27/03/2026;Diagnóstico
003336;Empresa 3336 Ltda.;Porto Alegre;Ana Ribeiro;R$ 125.657,77;10%;28/03/2026;Diagnóstico
003337;Empresa 3337 Ltda.;Belo Horizonte;Elisa Moura;R$ 258.080,51;90%;29/03/2026;Proposta
003338;Empresa 3338 Ltda.;Salvador;Carla Menezes;R$ 113.993,31;50%;30/03/2026;Qualificação
003339;Empresa 3339 Ltda.;Curitiba;Diego Fontes;R$ 400.769,88;75%;31/03/2026;Negociação
003340;Empresa 3340 Ltda.;Goiânia;Gabriela Lins;R$ 136.307,24;50%;01/04/2026;Proposta
003341;Empresa 3341 Ltda.;Florianópolis;Elisa Moura;R$ 443.315,44;90%;02/04/2026;Negociação
003342;Empresa 3342 Ltda.;Goiânia;Felipe Andrade;R$ 188.892,16;50%;03/04/2026;Proposta
003343;Empresa 3343 Ltda.;Recife;Diego Fontes;R$ 461.366,19;10%;04/04/2026;Diagnóstico
003344;Empresa 3344 Ltda.;Belo Horizonte;Carla Menezes;R$ 214.448,62;10%;05/04/2026;Perdido
003345;Empresa 3345 Ltda.;Belo Horizonte;Ana Ribeiro;R$ 52.718,28;10%;06/04/2026;Diagnóstico
003346;Empresa 3346 Ltda.;Florianópolis;Carla Menezes;R$ 68.556,19;90%;07/04/2026;Perdido
003347;Empresa 3347 Ltda.;Curitiba;Felipe Andrade;R$ 141.944,22;75%;08/04/2026;Qualificação
003348;Empresa 3348 Ltda.;Belo Horizonte;Bruno Takahashi;R$ 451.638,28;10%;09/04/2026;Qualificação
003349;Empresa 3349 Ltda.;Goiânia;Hugo Prado;R$ 128.438,13;10%;10/04/2026;Qualificação
003350;Empresa 3350 Ltda.;Curitiba;Carla Menezes;R$ 406.413,10;75%;11/04/2026;Perdido
003351;Empresa 3351 Ltda.;Recife;Bruno Takahashi;R$ 315.893,87;50%;12/04/2026;Perdido
003352;Empresa 3352 Ltda.;Porto Alegre;Hugo Prado;R$ 280.845,61;50%;13/04/2026;Proposta
003353;Empresa 3353 Ltda.;Porto Alegre;Ana Ribeiro;R$ 118.807,89;25%;14/04/2026;Negociação
003354;Empresa 3354 Ltda.;Florianópolis;Ana Ribeiro;R$ 177.922,37;90%;15/04/2026;Proposta
003355;Empresa 3355 Ltda.;Recife;Elisa Moura;R$ 99.489,58;25%;16/04/2026;Ganho
003356;Empresa 3356 Ltda.;Belo Horizonte;Elisa Moura;R$ 361.643,41;75%;17/04/2026;Diagnóstico
003357;Empresa 3357 Ltda.;Belo Horizonte;Gabriela Lins;R$ 312.961,73;50%;18/04/2026;Proposta
003358;Empresa 3358 Ltda.;Porto Alegre;Elisa Moura;R$ 356.036,32;50%;19/04/2026;Diagnóstico
003359;Empresa 3359 Ltda.;Florianópolis;Hugo Prado;R$ 337.856,97;50%;20/04/2026;Ganho
003360;Empresa 3360 Ltda.;São Paulo;Ana Ribeiro;R$ 157.080,77;25%;21/04/2026;Ganho
003361;Empresa 3361 Ltda.;Curitiba;Diego Fontes;R$ 63.804,71;50%;22/04/2026;Qualificação
003362;Empresa 3362 Ltda.;Salvador;Ana Ribeiro;R$ 293.499,39;90%;23/04/2026;Ganho
003363;Empresa 3363 Ltda.;Belo Horizonte;Diego Fontes;R$ 333.695,10;90%;24/04/2026;Negociação
003364;Empresa 3364 Ltda.;Porto Alegre;Felipe Andrade;R$ 425.667,60;10%;25/04/2026;Ganho
003365;Empresa 3365 Ltda.;Goiânia;Ana Ribeiro;R$ 221.887,30;75%;26/04/2026;Negociação
003366;Empresa 3366 Ltda.;Goiânia;Diego Fontes;R$ 385.841,03;10%;27/04/2026;Diagnóstico
003367;Empresa 3367 Ltda.;Porto Alegre;Bruno Takahashi;R$ 438.809,30;10%;28/04/2026;Qualificação
003368;Empresa 3368 Ltda.;Recife;Hugo Prado;R$ 265.567,04;50%;29/04/2026;Ganho
003369;Empresa 3369 Ltda.;Florianópolis;Elisa Moura;R$ 147.565,73;25%;30/04/2026;Negociação
003370;Empresa 3370 Ltda.;Recife;Diego Fontes;R$ 244.844,10;25%;01/05/2026;Diagnóstico
003371;Empresa 3371 Ltda.;Florianópolis;Gabriela Lins;R$ 264.862,62;75%;02/05/2026;Qualificação
003372;Empresa 3372 Ltda.;Goiânia;Bruno Takahashi;R$ 333.486,34;75%;03/05/2026;Negociação
003373;Empresa 3373 Ltda.;Belo Horizonte;Hugo Prado;R$ 157.531,52;10%;04/05/2026;Qualificação
003374;Empresa 3374 Ltda.;São Paulo;Hugo Prado;R$ 17.674,52;75%;05/05/2026;Ganho
003375;Empresa 3375 Ltda.;Porto Alegre;Bruno Takahashi;R$ 370.486,29;10%;06/05/2026;Negociação
003376;Empresa 3376 Ltda.;Goiânia;Diego Fontes;R$ 422.756,37;10%;07/05/2026;Proposta
003377;Empresa 3377 Ltda.;Florianópolis;Hugo Prado;R$ 53.902,13;10%;08/05/2026;Proposta
003378;Empresa 3378 Ltda.;Florianópolis;Diego Fontes;R$ 463.600,79;25%;09/05/2026;Negociação
003379;Empresa 3379 Ltda.;São Paulo;Hugo Prado;R$ 55.838,96;75%;10/05/2026;Proposta
003380;Empresa 3380 Ltda.;Salvador;Hugo Prado;R$ 177.188,37;75%;11/05/2026;Perdido
003381;Empresa 3381 Ltda.;Belo Horizonte;Ana Ribeiro;R$ 420.471,53;90%;12/05/2026;Ganho
003382;Empresa 3382 Ltda.;Recife;Gabriela Lins;R$ 72.883,39;50%;13/05/2026;Qualificação
003383;Empresa 3383 Ltda.;Belo Horizonte;Bruno Takahashi;R$ 31.379,15;25%;14/05/2026;Diagnóstico
003384;Empresa 3384 Ltda.;Porto Alegre;Hugo Prado;R$ 348.282,76;75%;15/05/2026;Proposta
003385;Empresa 3385 Ltda.;Recife;Carla Menezes;R$ 434.789,20;90%;16/05/2026;Perdido
003386;Empresa 3386 Ltda.;Salvador;Felipe Andrade;R$ 140.639,62;25%;17/05/2026;Qualificação
003387;Empresa 3387 Ltda.;São Paulo;Diego Fontes;R$ 397.593,27;10%;18/05/2026;Perdido
003388;Empresa 3388 Ltda.;Goiânia;Felipe Andrade;R$ 72.847,82;90%;19/05/2026;Qualificação
003389;Empresa 3389 Ltda.;Goiânia;Ana Ribeiro;R$ 247.180,49;50%;20/05/2026;Ganho
003390;Empresa 3390 Ltda.;Curitiba;Carla Menezes;R$ 204.173,25;25%;21/05/2026;Qualificação
003391;Empresa 3391 Ltda.;Recife;Diego Fontes;R$ 347.615,69;90%;22/05/2026;Ganho
003392;Empresa 3392 Ltda.;Porto Alegre;Carla Menezes;R$ 305.952,56;75%;23/05/2026;Negociação
003393;Empresa 3393 Ltda.;Curitiba;Hugo Prado;R$ 261.336,90;50%;24/05/2026;Negociação
003394;Empresa 3394 Ltda.;São Paulo;Bruno Takahashi;R$ 394.468,24;25%;25/05/2026;Perdido
003395;Empresa 3395 Ltda.;Goiânia;Carla Menezes;R$ 428.724,79;75%;26/05/2026;Diagnóstico
003396;Empresa 3396 Ltda.;Florianópolis;Diego Fontes;R$ 194.529,49;10%;27/05/2026;Negociação
003397;Empresa 3397 Ltda.;Porto Alegre;Diego Fontes;R$ 245.231,13;10%;28/05/2026;Proposta
003398;Empresa 3398 Ltda.;Belo Horizonte;Ana Ribeiro;R$ 187.368,76;90%;29/05/2026;Ganho
003399;Empresa 3399 Ltda.;Goiânia;Diego Fontes;R$ 129.046,68;90%;30/05/2026;Perdido
003400;Empresa 3400 Ltda.;Florianópolis;Diego Fontes;R$ 326.281,88;25%;31/05/2026;Negociação
003401;Empresa 3401 Ltda.;Curitiba;Felipe Andrade;R$ 324.576,86;75%;01/06/2026;Proposta
003402;Empresa 3402 Ltda.;Porto Alegre;Felipe Andrade;R$ 214.818,80;50%;02/06/2026;Qualificação
003403;Empresa 3403 Ltda.;Salvador;Carla Menezes;R$ 164.299,32;90%;03/06/2026;Proposta
003404;Empresa 3404 Ltda.;Salvador;Ana Ribeiro;R$ 395.651,32;25%;04/06/2026;Proposta
003405;Empresa 3405 Ltda.;Porto Alegre;Hugo Prado;R$ 411.113,79;10%;05/06/2026;Ganho
003406;Empresa 3406 Ltda.;Curitiba;Carla Menezes;R$ 380.849,96;25%;06/06/2026;Negociação
003407;Empresa 3407 Ltda.;Recife;Gabriela Lins;R$ 249.592,88;90%;07/06/2026;Diagnóstico
003408;Empresa 3408 Ltda.;Goiânia;Elisa Moura;R$ 219.426,73;50%;08/06/2026;Proposta
003409;Empresa 3409 Ltda.;Belo Horizonte;Hugo Prado;R$ 187.024,16;50%;09/06/2026;Diagnóstico
003410;Empresa 3410 Ltda.;Goiânia;Bruno Takahashi;R$ 449.588,15;50%;10/06/2026;Perdido
003411;Empresa 3411 Ltda.;Curitiba;Gabriela Lins;R$ 322.024,25;25%;11/06/2026;Proposta
003412;Empresa 3412 Ltda.;Belo Horizonte;Ana Ribeiro;R$ 174.085,99;10%;12/06/2026;Proposta
003413;Empresa 3413 Ltda.;São Paulo;Ana Ribeiro;R$ 75.577,52;75%;13/06/2026;Qualificação
003414;Empresa 3414 Ltda.;Porto Alegre;Diego Fontes;R$ 243.347,18;75%;14/06/2026;Qualificação
003415;Empresa 3415 Ltda.;Recife;Hugo Prado;R$ 413.025,19;10%;15/06/2026;Ganho
003416;Empresa 3416 Ltda.;Belo Horizonte;Elisa Moura;R$ 164.343,82;10%;16/06/2026;Perdido
003417;Empresa 3417 Ltda.;Recife;Ana Ribeiro;R$ 201.275,00;90%;17/06/2026;Negociação
003418;Empresa 3418 Ltda.;Belo Horizonte;Gabriela Lins;R$ 41.677,71;90%;18/06/2026;Qualificação
003419;Empresa 3419 Ltda.;Florianópolis;Hugo Prado;R$ 179.837,21;10%;19/06/2026;Perdido
003420;Empresa 3420 Ltda.;Goiânia;Gabriela Lins;R$ 87.032,33;10%;20/06/2026;Negociação
003421;Empresa 3421 Ltda.;Porto Alegre;Elisa Moura;R$ 266.854,81;75%;21/06/2026;Negociação
003422;Empresa 3422 Ltda.;Salvador;Ana Ribeiro;R$ 412.458,03;90%;22/06/2026;Perdido
003423;Empresa 3423 Ltda.;Salvador;Gabriela Lins;R$ 248.271,94;10%;23/06/2026;Diagnóstico
003424;Empresa 3424 Ltda.;Belo Horizonte;Ana Ribeiro;R$ 288.192,00;90%;24/06/2026;Qualificação
003425;Empresa 3425 Ltda.;Goiânia;Felipe Andrade;R$ 261.438,91;75%;25/06/2026;Qualificação
003426;Empresa 3426 Ltda.;Florianópolis;Felipe Andrade;R$ 201.777,87;25%;26/06/2026;Negociação
003427;Empresa 3427 Ltda.;Porto Alegre;Elisa Moura;R$ 430.641,81;50%;27/06/2026;Qualificação
003428;Empresa 3428 Ltda.;Recife;Gabriela Lins;R$ 254.740,68;75%;28/06/2026;Perdido
003429;Empresa 3429 Ltda.;Porto Alegre;Bruno Takahashi;R$ 149.627,83;25%;29/06/2026;Diagnóstico
003430;Empresa 3430 Ltda.;Florianópolis;Ana Ribeiro;R$ 26.865,69;25%;30/06/2026;Perdido
003431;Empresa 3431 Ltda.;Florianópolis;Diego Fontes;R$ 443.765,79;50%;01/07/2026;Ganho
003432;Empresa 3432 Ltda.;Belo Horizonte;Gabriela Lins;R$ 328.467,04;75%;02/07/2026;Qualificação
003433;Empresa 3433 Ltda.;Curitiba;Gabriela Lins;R$ 143.683,27;90%;03/07/2026;Diagnóstico
003434;Empresa 3434 Ltda.;Recife;Bruno Takahashi;R$ 178.445,55;90%;04/07/2026;Ganho
003435;Empresa 3435 Ltda.;Belo Horizonte;Hugo Prado;R$ 308.232,26;25%;05/07/2026;Negociação
003436;Empresa 3436 Ltda.;Curitiba;Carla Menezes;R$ 94.691,75;10%;06/07/2026;Negociação
003437;Empresa 3437 Ltda.;Curitiba;Gabriela Lins;R$ 330.368,53;10%;07/07/2026;Perdido
003438;Empresa 3438 Ltda.;Salvador;Diego Fontes;R$ 52.069,77;75%;08/07/2026;Diagnóstico
003439;Empresa 3439 Ltda.;Curitiba;Bruno Takahashi;R$ 29.658,51;10%;09/07/2026;Negociação
003440;Empresa 3440 Ltda.;Belo Horizonte;Gabriela Lins;R$ 126.722,72;90%;10/07/2026;Negociação
003441;Empresa 3441 Ltda.;Curitiba;Felipe Andrade;R$ 31.514,19;10%;11/07/2026;Perdido
003442;Empresa 3442 Ltda.;Porto Alegre;Elisa Moura;R$ 436.680,21;90%;12/07/2026;Negociação
003443;Empresa 3443 Ltda.;Salvador;Felipe Andrade;R$ 392.804,03;75%;13/07/2026;Ganho
003444;Empresa 3444 Ltda.;Porto Alegre;Carla Menezes;R$ 434.135,91;90%;14/07/2026;Ganho
003445;Empresa 3445 Ltda.;São Paulo;Hugo Prado;R$ 40.548,34;75%;15/07/2026;Qualificação
003446;Empresa 3446 Ltda.;Curitiba;Carla Menezes;R$ 192.729,86;50%;16/07/2026;Ganho
003447;Empresa 3447 Ltda.;São Paulo;Elisa Moura;R$ 448.589,82;25%;17/07/2026;Qualificação
003448;Empresa 3448 Ltda.;Goiânia;Carla Menezes;R$ 19.720,08;75%;18/07/2026;Proposta
003449;Empresa 3449 Ltda.;Goiânia;Diego Fontes;R$ 465.781,87;50%;19/07/2026;Ganho
003450;Empresa 3450 Ltda.;São Paulo;Carla Menezes;R$ 156.938,33;90%;20/07/2026;Ganho
003451;Empresa 3451 Ltda.;São Paulo;Elisa Moura;R$ 387.985,33;25%;21/07/2026;Diagnóstico
003452;Empresa 3452 Ltda.;Goiânia;Gabriela Lins;R$ 64.069,96;25%;22/07/2026;Negociação
003453;Empresa 3453 Ltda.;Salvador;Diego Fontes;R$ 76.525,57;75%;23/07/2026;Ganho
003454;Empresa 3454 Ltda.;São Paulo;Bruno Takahashi;R$ 419.127,55;10%;24/07/2026;Ganho
003455;Empresa 3455 Ltda.;Curitiba;Ana Ribeiro;R$ 432.873,88;75%;25/07/2026;Perdido
003456;Empresa 3456 Ltda.;Recife;Bruno Takahashi;R$ 251.322,15;25%;26/07/2026;Proposta
003457;Empresa 3457 Ltda.;Salvador;Bruno Takahashi;R$ 119.283,69;90%;27/07/2026;Negociação
003458;Empresa 3458 Ltda.;Goiânia;Diego Fontes;R$ 412.715,42;25%;28/07/2026;Negociação
003459;Empresa 3459 Ltda.;São Paulo;Felipe Andrade;R$ 468.715,14;10%;29/07/2026;Diagnóstico
003460;Empresa 3460 Ltda.;Recife;Carla Menezes;R$ 35.488,06;50%;30/07/2026;Negociação
003461;Empresa 3461 Ltda.;Florianópolis;Elisa Moura;R$ 271.135,78;50%;31/07/2026;Proposta
003462;Empresa 3462 Ltda.;Recife;Felipe Andrade;R$ 20.366,53;10%;01/08/2026;Perdido
003463;Empresa 3463 Ltda.;Porto Alegre;Ana Ribeiro;R$ 356.514,49;75%;02/08/2026;Proposta
003464;Empresa 3464 Ltda.;Recife;Elisa Moura;R$ 378.988,18;50%;03/08/2026;Negociação
003465;Empresa 3465 Ltda.;Porto Alegre;Elisa Moura;R$ 283.909,94;10%;04/08/2026;Proposta
003466;Empresa 3466 Ltda.;Porto Alegre;Gabriela Lins;R$ 239.785,02;90%;05/08/2026;Negociação
003467;Empresa 3467 Ltda.;Salvador;Hugo Prado;R$ 437.078,89;75%;06/08/2026;Perdido
003468;Empresa 3468 Ltda.;Belo Horizonte;Carla Menezes;R$ 220.530,05;90%;07/08/2026;Ganho
003469;Empresa 3469 Ltda.;Porto Alegre;Ana Ribeiro;R$ 343.321,69;10%;08/08/2026;Proposta
003470;Empresa 3470 Ltda.;Recife;Bruno Takahashi;R$ 235.976,41;25%;09/08/2026;Diagnóstico
003471;Empresa 3471 Ltda.;Belo Horizonte;Carla Menezes;R$ 236.384,23;10%;10/08/2026;Qualificação
003472;Empresa 3472 Ltda.;Belo Horizonte;Gabriela Lins;R$ 414.788,56;90%;11/08/2026;Proposta
003473;Empresa 3473 Ltda.;Curitiba;Carla Menezes;R$ 276.041,25;25%;12/08/2026;Proposta
003474;Empresa 3474 Ltda.;Salvador;Gabriela Lins;R$ 352.989,60;10%;13/08/2026;Ganho
003475;Empresa 3475 Ltda.;São Paulo;Carla Menezes;R$ 338.566,60;50%;14/08/2026;Qualificação
003476;Empresa 3476 Ltda.;Curitiba;Diego Fontes;R$ 180.876,57;75%;15/08/2026;Ganho
003477;Empresa 3477 Ltda.;São Paulo;Hugo Prado;R$ 56.625,12;50%;16/08/2026;Proposta
003478;Empresa 3478 Ltda.;Curitiba;Bruno Takahashi;R$ 125.429,50;75%;17/08/2026;Negociação
003479;Empresa 3479 Ltda.;Florianópolis;Carla Menezes;R$ 250.729,13;10%;18/08/2026;Qualificação
003480;Empresa 3480 Ltda.;Florianópolis;Diego Fontes;R$ 22.885,22;25%;19/08/2026;Perdido
003481;Empresa 3481 Ltda.;Goiânia;Elisa Moura;R$ 292.346,54;75%;20/08/2026;Qualificação
003482;Empresa 3482 Ltda.;Florianópolis;Gabriela Lins;R$ 101.256,35;50%;21/08/2026;Negociação
003483;Empresa 3483 Ltda.;Goiânia;Gabriela Lins;R$ 14.392,36;75%;22/08/2026;Negociação
003484;Empresa 3484 Ltda.;São Paulo;Bruno Takahashi;R$ 20.259,53;75%;23/08/2026;Diagnóstico
003485;Empresa 3485 Ltda.;São Paulo;Gabriela Lins;R$ 336.595,18;90%;24/08/2026;Perdido
003486;Empresa 3486 Ltda.;Porto Alegre;Felipe Andrade;R$ 351.344,42;10%;25/08/2026;Qualificação
003487;Empresa 3487 Ltda.;Goiânia;Carla Menezes;R$ 94.920,83;25%;26/08/2026;Diagnóstico
003488;Empresa 3488 Ltda.;Belo Horizonte;Diego Fontes;R$ 23.054,58;25%;27/08/2026;Diagnóstico
003489;Empresa 3489 Ltda.;São Paulo;Elisa Moura;R$ 355.598,63;10%;28/08/2026;Qualificação
003490;Empresa 3490 Ltda.;Recife;Elisa Moura;R$ 241.400,87;10%;29/08/2026;Qualificação
003491;Empresa 3491 Ltda.;Belo Horizonte;Bruno Takahashi;R$ 156.345,46;50%;30/08/2026;Proposta
003492;Empresa 3492 Ltda.;Florianópolis;Carla Menezes;R$ 69.369,55;50%;31/08/2026;Perdido
003493;Empresa 3493 Ltda.;Curitiba;Diego Fontes;R$ 83.750,84;90%;01/09/2026;Proposta
003494;Empresa 3494 Ltda.;Recife;Elisa Moura;R$ 211.578,34;10%;02/09/2026;Perdido
003495;Empresa 3495 Ltda.;Belo Horizonte;Elisa Moura;R$ 104.172,89;25%;03/09/2026;Ganho
003496;Empresa 3496 Ltda.;Goiânia;Carla Menezes;R$ 229.615,73;10%;04/09/2026;Proposta
003497;Empresa 3497 Ltda.;Recife;Hugo Prado;R$ 139.538,53;50%;05/09/2026;Diagnóstico
003498;Empresa 3498 Ltda.;São Paulo;Ana Ribeiro;R$ 47.391,09;75%;06/09/2026;Negociação
003499;Empresa 3499 Ltda.;Florianópolis;Ana Ribeiro;R$ 98.612,95;90%;07/09/2026;Qualificação
003500;Empresa 3500 Ltda.;Salvador;Elisa Moura;R$ 390.733,47;75%;08/09/2026;Negociação
003501;Empresa 3501 Ltda.;Goiânia;Carla Menezes;R$ 225.684,14;75%;02/01/2026;Ganho
003502;Empresa 3502 Ltda.;Salvador;Hugo Prado;R$ 61.144,67;50%;03/01/2026;Perdido
003503;Empresa 3503 Ltda.;Florianópolis;Ana Ribeiro;R$ 429.016,97;25%;04/01/2026;Perdido
003504;Empresa 3504 Ltda.;Porto Alegre;Diego Fontes;R$ 340.614,65;25%;05/01/2026;Perdido
003505;Empresa 3505 Ltda.;Florianópolis;Gabriela Lins;R$ 322.178,87;50%;06/01/2026;Diagnóstico
003506;Empresa 3506 Ltda.;Goiânia;Gabriela Lins;R$ 184.210,83;50%;07/01/2026;Diagnóstico
003507;Empresa 3507 Ltda.;Curitiba;Diego Fontes;R$ 291.766,67;50%;08/01/2026;Ganho
003508;Empresa 3508 Ltda.;São Paulo;Felipe Andrade;R$ 288.085,84;75%;09/01/2026;Perdido
003509;Empresa 3509 Ltda.;Porto Alegre;Diego Fontes;R$ 349.174,35;75%;10/01/2026;Diagnóstico
003510;Empresa 3510 Ltda.;Goiânia;Carla Menezes;R$ 437.118,67;10%;11/01/2026;Diagnóstico
003511;Empresa 3511 Ltda.;Florianópolis;Hugo Prado;R$ 190.258,41;50%;12/01/2026;Qualificação
003512;Empresa 3512 Ltda.;Salvador;Elisa Moura;R$ 90.469,18;75%;13/01/2026;Perdido
003513;Empresa 3513 Ltda.;Recife;Ana Ribeiro;R$ 181.961,62;75%;14/01/2026;Negociação
003514;Empresa 3514 Ltda.;Goiânia;Ana Ribeiro;R$ 283.100,65;25%;15/01/2026;Negociação
003515;Empresa 3515 Ltda.;Salvador;Elisa Moura;R$ 163.666,03;90%;16/01/2026;Ganho
003516;Empresa 3516 Ltda.;Recife;Diego Fontes;R$ 89.095,82;25%;17/01/2026;Perdido
003517;Empresa 3517 Ltda.;Goiânia;Bruno Takahashi;R$ 83.120,38;75%;18/01/2026;Diagnóstico
003518;Empresa 3518 Ltda.;Salvador;Bruno Takahashi;R$ 25.724,99;75%;19/01/2026;Ganho
003519;Empresa 3519 Ltda.;Curitiba;Hugo Prado;R$ 276.337,85;50%;20/01/2026;Proposta
003520;Empresa 3520 Ltda.;Porto Alegre;Felipe Andrade;R$ 420.261,09;25%;21/01/2026;Perdido
003521;Empresa 3521 Ltda.;Florianópolis;Carla Menezes;R$ 59.413,26;10%;22/01/2026;Perdido
003522;Empresa 3522 Ltda.;Curitiba;Hugo Prado;R$ 262.472,67;75%;23/01/2026;Ganho
003523;Empresa 3523 Ltda.;Goiânia;Hugo Prado;R$ 195.307,22;10%;24/01/2026;Proposta
003524;Empresa 3524 Ltda.;Curitiba;Carla Menezes;R$ 384.039,01;25%;25/01/2026;Negociação
003525;Empresa 3525 Ltda.;Belo Horizonte;Diego Fontes;R$ 407.920,83;75%;26/01/2026;Proposta
003526;Empresa 3526 Ltda.;Salvador;Gabriela Lins;R$ 47.459,59;50%;27/01/2026;Negociação
003527;Empresa 3527 Ltda.;Florianópolis;Carla Menezes;R$ 324.685,53;25%;28/01/2026;Ganho
003528;Empresa 3528 Ltda.;Salvador;Carla Menezes;R$ 453.861,64;50%;29/01/2026;Perdido
003529;Empresa 3529 Ltda.;Curitiba;Carla Menezes;R$ 9.063,66;10%;30/01/2026;Diagnóstico
003530;Empresa 3530 Ltda.;Florianópolis;Hugo Prado;R$ 274.979,21;25%;31/01/2026;Qualificação
003531;Empresa 3531 Ltda.;Recife;Diego Fontes;R$ 51.869,33;10%;01/02/2026;Ganho
003532;Empresa 3532 Ltda.;Recife;Elisa Moura;R$ 123.764,95;10%;02/02/2026;Ganho
003533;Empresa 3533 Ltda.;São Paulo;Bruno Takahashi;R$ 358.887,99;50%;03/02/2026;Perdido
003534;Empresa 3534 Ltda.;Belo Horizonte;Elisa Moura;R$ 309.987,34;25%;04/02/2026;Ganho
003535;Empresa 3535 Ltda.;Recife;Elisa Moura;R$ 357.425,24;90%;05/02/2026;Qualificação
003536;Empresa 3536 Ltda.;São Paulo;Elisa Moura;R$ 20.847,69;50%;06/02/2026;Ganho
003537;Empresa 3537 Ltda.;Goiânia;Bruno Takahashi;R$ 24.395,17;25%;07/02/2026;Ganho
003538;Empresa 3538 Ltda.;Belo Horizonte;Elisa Moura;R$ 39.196,64;90%;08/02/2026;Perdido
003539;Empresa 3539 Ltda.;Belo Horizonte;Elisa Moura;R$ 107.957,28;75%;09/02/2026;Proposta
003540;Empresa 3540 Ltda.;Belo Horizonte;Gabriela Lins;R$ 350.904,10;75%;10/02/2026;Qualificação
003541;Empresa 3541 Ltda.;São Paulo;Ana Ribeiro;R$ 52.877,09;90%;11/02/2026;Perdido
003542;Empresa 3542 Ltda.;Porto Alegre;Ana Ribeiro;R$ 455.384,51;50%;12/02/2026;Proposta
003543;Empresa 3543 Ltda.;Porto Alegre;Ana Ribeiro;R$ 308.400,56;25%;13/02/2026;Negociação
003544;Empresa 3544 Ltda.;Recife;Elisa Moura;R$ 110.060,55;10%;14/02/2026;Qualificação
003545;Empresa 3545 Ltda.;Salvador;Bruno Takahashi;R$ 363.152,30;90%;15/02/2026;Diagnóstico
003546;Empresa 3546 Ltda.;Recife;Elisa Moura;R$ 436.356,64;50%;16/02/2026;Proposta
003547;Empresa 3547 Ltda.;Porto Alegre;Diego Fontes;R$ 198.548,47;90%;17/02/2026;Negociação
003548;Empresa 3548 Ltda.;Belo Horizonte;Gabriela Lins;R$ 299.281,34;50%;18/02/2026;Proposta
003549;Empresa 3549 Ltda.;Porto Alegre;Bruno Takahashi;R$ 405.002,24;75%;19/02/2026;Qualificação
003550;Empresa 3550 Ltda.;Belo Horizonte;Ana Ribeiro;R$ 142.595,09;10%;20/02/2026;Perdido
003551;Empresa 3551 Ltda.;Porto Alegre;Elisa Moura;R$ 365.815,09;10%;21/02/2026;Perdido
003552;Empresa 3552 Ltda.;Recife;Felipe Andrade;R$ 125.232,77;50%;22/02/2026;Negociação
003553;Empresa 3553 Ltda.;Porto Alegre;Diego Fontes;R$ 401.330,13;90%;23/02/2026;Perdido
003554;Empresa 3554 Ltda.;São Paulo;Elisa Moura;R$ 329.068,17;10%;24/02/2026;Perdido
003555;Empresa 3555 Ltda.;Belo Horizonte;Bruno Takahashi;R$ 122.826,57;75%;25/02/2026;Proposta
003556;Empresa 3556 Ltda.;São Paulo;Ana Ribeiro;R$ 442.669,58;10%;26/02/2026;Ganho
003557;Empresa 3557 Ltda.;Florianópolis;Diego Fontes;R$ 397.574,81;75%;27/02/2026;Perdido
003558;Empresa 3558 Ltda.;Recife;Carla Menezes;R$ 265.674,21;25%;28/02/2026;Qualificação
003559;Empresa 3559 Ltda.;Porto Alegre;Diego Fontes;R$ 37.875,97;25%;01/03/2026;Ganho
003560;Empresa 3560 Ltda.;Goiânia;Hugo Prado;R$ 317.002,53;75%;02/03/2026;Qualificação
003561;Empresa 3561 Ltda.;Recife;Elisa Moura;R$ 68.682,58;10%;03/03/2026;Qualificação
003562;Empresa 3562 Ltda.;Curitiba;Elisa Moura;R$ 191.711,33;10%;04/03/2026;Proposta
003563;Empresa 3563 Ltda.;Belo Horizonte;Hugo Prado;R$ 9.190,28;90%;05/03/2026;Perdido
003564;Empresa 3564 Ltda.;Goiânia;Bruno Takahashi;R$ 86.602,58;25%;06/03/2026;Diagnóstico
003565;Empresa 3565 Ltda.;Salvador;Diego Fontes;R$ 325.543,70;75%;07/03/2026;Qualificação
003566;Empresa 3566 Ltda.;Goiânia;Gabriela Lins;R$ 356.901,78;90%;08/03/2026;Diagnóstico
003567;Empresa 3567 Ltda.;Porto Alegre;Felipe Andrade;R$ 48.411,80;90%;09/03/2026;Proposta
003568;Empresa 3568 Ltda.;Belo Horizonte;Gabriela Lins;R$ 260.294,64;75%;10/03/2026;Qualificação
003569;Empresa 3569 Ltda.;Belo Horizonte;Felipe Andrade;R$ 127.481,46;90%;11/03/2026;Negociação
003570;Empresa 3570 Ltda.;Porto Alegre;Diego Fontes;R$ 361.510,37;10%;12/03/2026;Proposta
003571;Empresa 3571 Ltda.;Curitiba;Carla Menezes;R$ 151.564,85;50%;13/03/2026;Diagnóstico
003572;Empresa 3572 Ltda.;Curitiba;Carla Menezes;R$ 364.138,05;25%;14/03/2026;Diagnóstico
003573;Empresa 3573 Ltda.;Recife;Gabriela Lins;R$ 335.101,19;90%;15/03/2026;Ganho
003574;Empresa 3574 Ltda.;Curitiba;Diego Fontes;R$ 347.578,06;90%;16/03/2026;Qualificação
003575;Empresa 3575 Ltda.;Porto Alegre;Hugo Prado;R$ 477.938,54;90%;17/03/2026;Qualificação
003576;Empresa 3576 Ltda.;Curitiba;Elisa Moura;R$ 39.082,79;90%;18/03/2026;Diagnóstico
003577;Empresa 3577 Ltda.;Florianópolis;Diego Fontes;R$ 110.157,25;10%;19/03/2026;Negociação
003578;Empresa 3578 Ltda.;Florianópolis;Carla Menezes;R$ 324.549,01;10%;20/03/2026;Proposta
003579;Empresa 3579 Ltda.;Florianópolis;Gabriela Lins;R$ 129.913,21;25%;21/03/2026;Perdido
003580;Empresa 3580 Ltda.;São Paulo;Bruno Takahashi;R$ 142.205,86;90%;22/03/2026;Proposta
003581;Empresa 3581 Ltda.;Belo Horizonte;Ana Ribeiro;R$ 401.431,01;10%;23/03/2026;Diagnóstico
003582;Empresa 3582 Ltda.;Curitiba;Carla Menezes;R$ 255.118,23;90%;24/03/2026;Ganho
003583;Empresa 3583 Ltda.;São Paulo;Diego Fontes;R$ 348.080,88;75%;25/03/2026;Perdido
003584;Empresa 3584 Ltda.;Belo Horizonte;Carla Menezes;R$ 251.309,04;10%;26/03/2026;Perdido
003585;Empresa 3585 Ltda.;Porto Alegre;Elisa Moura;R$ 316.545,12;10%;27/03/2026;Diagnóstico
003586;Empresa 3586 Ltda.;Belo Horizonte;Elisa Moura;R$ 230.694,07;75%;28/03/2026;Negociação
003587;Empresa 3587 Ltda.;São Paulo;Elisa Moura;R$ 157.950,48;50%;29/03/2026;Diagnóstico
003588;Empresa 3588 Ltda.;Belo Horizonte;Elisa Moura;R$ 381.213,44;90%;30/03/2026;Proposta
003589;Empresa 3589 Ltda.;Belo Horizonte;Felipe Andrade;R$ 129.747,56;10%;31/03/2026;Proposta
003590;Empresa 3590 Ltda.;Porto Alegre;Gabriela Lins;R$ 362.777,25;10%;01/04/2026;Negociação
003591;Empresa 3591 Ltda.;Porto Alegre;Gabriela Lins;R$ 262.589,58;10%;02/04/2026;Ganho
003592;Empresa 3592 Ltda.;Florianópolis;Diego Fontes;R$ 85.981,90;75%;03/04/2026;Diagnóstico
003593;Empresa 3593 Ltda.;São Paulo;Carla Menezes;R$ 311.991,75;10%;04/04/2026;Qualificação
003594;Empresa 3594 Ltda.;Porto Alegre;Bruno Takahashi;R$ 175.329,15;75%;05/04/2026;Ganho
003595;Empresa 3595 Ltda.;Recife;Felipe Andrade;R$ 327.501,59;25%;06/04/2026;Qualificação
003596;Empresa 3596 Ltda.;Goiânia;Carla Menezes;R$ 355.332,26;50%;07/04/2026;Qualificação
003597;Empresa 3597 Ltda.;Curitiba;Elisa Moura;R$ 184.078,61;90%;08/04/2026;Ganho
003598;Empresa 3598 Ltda.;Porto Alegre;Elisa Moura;R$ 345.146,26;90%;09/04/2026;Ganho
003599;Empresa 3599 Ltda.;Goiânia;Ana Ribeiro;R$ 325.860,55;90%;10/04/2026;Proposta
003600;Empresa 3600 Ltda.;Florianópolis;Felipe Andrade;R$ 467.281,86;75%;11/04/2026;Proposta
003601;Empresa 3601 Ltda.;Curitiba;Elisa Moura;R$ 273.144,13;90%;12/04/2026;Qualificação
003602;Empresa 3602 Ltda.;Recife;Elisa Moura;R$ 78.146,08;75%;13/04/2026;Perdido
003603;Empresa 3603 Ltda.;Porto Alegre;Diego Fontes;R$ 170.477,32;75%;14/04/2026;Negociação
003604;Empresa 3604 Ltda.;Belo Horizonte;Hugo Prado;R$ 85.074,19;75%;15/04/2026;Ganho
003605;Empresa 3605 Ltda.;Florianópolis;Gabriela Lins;R$ 331.210,61;75%;16/04/2026;Ganho
003606;Empresa 3606 Ltda.;São Paulo;Elisa Moura;R$ 61.991,32;10%;17/04/2026;Ganho
003607;Empresa 3607 Ltda.;Porto Alegre;Hugo Prado;R$ 143.774,13;50%;18/04/2026;Proposta
003608;Empresa 3608 Ltda.;Florianópolis;Ana Ribeiro;R$ 153.274,38;25%;19/04/2026;Negociação
003609;Empresa 3609 Ltda.;Belo Horizonte;Diego Fontes;R$ 57.367,69;75%;20/04/2026;Qualificação
003610;Empresa 3610 Ltda.;Salvador;Carla Menezes;R$ 325.622,50;25%;21/04/2026;Proposta
003611;Empresa 3611 Ltda.;Curitiba;Ana Ribeiro;R$ 52.065,38;10%;22/04/2026;Perdido
003612;Empresa 3612 Ltda.;Salvador;Elisa Moura;R$ 147.528,10;25%;23/04/2026;Ganho
003613;Empresa 3613 Ltda.;Belo Horizonte;Elisa Moura;R$ 115.870,11;25%;24/04/2026;Qualificação
003614;Empresa 3614 Ltda.;Recife;Ana Ribeiro;R$ 103.011,98;50%;25/04/2026;Perdido
003615;Empresa 3615 Ltda.;Curitiba;Elisa Moura;R$ 123.141,71;10%;26/04/2026;Diagnóstico
003616;Empresa 3616 Ltda.;Recife;Felipe Andrade;R$ 248.554,01;75%;27/04/2026;Negociação
003617;Empresa 3617 Ltda.;Salvador;Hugo Prado;R$ 12.772,69;90%;28/04/2026;Negociação
003618;Empresa 3618 Ltda.;Recife;Diego Fontes;R$ 298.655,67;90%;29/04/2026;Qualificação
003619;Empresa 3619 Ltda.;Porto Alegre;Carla Menezes;R$ 300.342,32;10%;30/04/2026;Diagnóstico
003620;Empresa 3620 Ltda.;Curitiba;Hugo Prado;R$ 72.346,41;90%;01/05/2026;Diagnóstico
003621;Empresa 3621 Ltda.;São Paulo;Elisa Moura;R$ 143.644,75;25%;02/05/2026;Ganho
003622;Empresa 3622 Ltda.;Curitiba;Hugo Prado;R$ 318.844,46;10%;03/05/2026;Proposta
003623;Empresa 3623 Ltda.;Florianópolis;Elisa Moura;R$ 170.106,64;25%;04/05/2026;Qualificação
003624;Empresa 3624 Ltda.;Curitiba;Carla Menezes;R$ 319.873,50;25%;05/05/2026;Proposta
003625;Empresa 3625 Ltda.;Porto Alegre;Hugo Prado;R$ 266.233,73;50%;06/05/2026;Proposta
003626;Empresa 3626 Ltda.;Salvador;Gabriela Lins;R$ 384.038,78;90%;07/05/2026;Diagnóstico
003627;Empresa 3627 Ltda.;Porto Alegre;Ana Ribeiro;R$ 111.347,14;50%;08/05/2026;Ganho
003628;Empresa 3628 Ltda.;Recife;Diego Fontes;R$ 398.311,88;75%;09/05/2026;Qualificação
003629;Empresa 3629 Ltda.;Salvador;Carla Menezes;R$ 189.950,28;90%;10/05/2026;Proposta
003630;Empresa 3630 Ltda.;Recife;Hugo Prado;R$ 300.175,67;75%;11/05/2026;Proposta
003631;Empresa 3631 Ltda.;Porto Alegre;Ana Ribeiro;R$ 307.318,64;50%;12/05/2026;Qualificação
003632;Empresa 3632 Ltda.;Recife;Carla Menezes;R$ 232.577,89;25%;13/05/2026;Negociação
003633;Empresa 3633 Ltda.;Salvador;Bruno Takahashi;R$ 225.569,95;10%;14/05/2026;Ganho
003634;Empresa 3634 Ltda.;Goiânia;Diego Fontes;R$ 291.947,32;10%;15/05/2026;Negociação
003635;Empresa 3635 Ltda.;Curitiba;Gabriela Lins;R$ 163.342,59;75%;16/05/2026;Diagnóstico
003636;Empresa 3636 Ltda.;Porto Alegre;Hugo Prado;R$ 459.237,38;25%;17/05/2026;Diagnóstico
003637;Empresa 3637 Ltda.;Florianópolis;Elisa Moura;R$ 148.149,86;50%;18/05/2026;Ganho
003638;Empresa 3638 Ltda.;Goiânia;Elisa Moura;R$ 176.093,28;75%;19/05/2026;Ganho
003639;Empresa 3639 Ltda.;São Paulo;Ana Ribeiro;R$ 341.461,47;90%;20/05/2026;Perdido
003640;Empresa 3640 Ltda.;Belo Horizonte;Carla Menezes;R$ 366.293,10;10%;21/05/2026;Negociação
003641;Empresa 3641 Ltda.;Goiânia;Hugo Prado;R$ 306.848,21;90%;22/05/2026;Diagnóstico
003642;Empresa 3642 Ltda.;Belo Horizonte;Hugo Prado;R$ 471.996,51;50%;23/05/2026;Negociação
003643;Empresa 3643 Ltda.;Florianópolis;Bruno Takahashi;R$ 283.702,67;75%;24/05/2026;Diagnóstico
003644;Empresa 3644 Ltda.;Belo Horizonte;Carla Menezes;R$ 462.889,07;25%;25/05/2026;Proposta
003645;Empresa 3645 Ltda.;Belo Horizonte;Gabriela Lins;R$ 253.746,38;50%;26/05/2026;Qualificação
003646;Empresa 3646 Ltda.;Goiânia;Hugo Prado;R$ 237.921,58;25%;27/05/2026;Qualificação
003647;Empresa 3647 Ltda.;Recife;Carla Menezes;R$ 218.510,90;50%;28/05/2026;Perdido
003648;Empresa 3648 Ltda.;São Paulo;Elisa Moura;R$ 329.312,65;25%;29/05/2026;Ganho
003649;Empresa 3649 Ltda.;Curitiba;Hugo Prado;R$ 400.698,75;25%;30/05/2026;Ganho
003650;Empresa 3650 Ltda.;Curitiba;Felipe Andrade;R$ 274.349,35;25%;31/05/2026;Perdido
003651;Empresa 3651 Ltda.;Florianópolis;Felipe Andrade;R$ 143.189,20;75%;01/06/2026;Diagnóstico
003652;Empresa 3652 Ltda.;Recife;Elisa Moura;R$ 421.013,19;25%;02/06/2026;Perdido
003653;Empresa 3653 Ltda.;Curitiba;Felipe Andrade;R$ 308.692,76;10%;03/06/2026;Ganho
003654;Empresa 3654 Ltda.;Porto Alegre;Ana Ribeiro;R$ 365.994,41;75%;04/06/2026;Perdido
003655;Empresa 3655 Ltda.;Recife;Elisa Moura;R$ 122.737,70;75%;05/06/2026;Qualificação
003656;Empresa 3656 Ltda.;Belo Horizonte;Diego Fontes;R$ 169.965,16;50%;06/06/2026;Negociação
003657;Empresa 3657 Ltda.;Curitiba;Felipe Andrade;R$ 208.641,67;50%;07/06/2026;Negociação
003658;Empresa 3658 Ltda.;Porto Alegre;Bruno Takahashi;R$ 169.311,22;50%;08/06/2026;Ganho
003659;Empresa 3659 Ltda.;São Paulo;Felipe Andrade;R$ 440.286,57;50%;09/06/2026;Perdido
003660;Empresa 3660 Ltda.;Recife;Bruno Takahashi;R$ 444.699,52;50%;10/06/2026;Perdido
003661;Empresa 3661 Ltda.;Goiânia;Carla Menezes;R$ 317.979,19;25%;11/06/2026;Diagnóstico
003662;Empresa 3662 Ltda.;Curitiba;Ana Ribeiro;R$ 215.346,58;25%;12/06/2026;Ganho
003663;Empresa 3663 Ltda.;Salvador;Elisa Moura;R$ 316.338,27;50%;13/06/2026;Negociação
003664;Empresa 3664 Ltda.;Goiânia;Carla Menezes;R$ 268.612,12;50%;14/06/2026;Proposta
003665;Empresa 3665 Ltda.;São Paulo;Ana Ribeiro;R$ 461.669,31;50%;15/06/2026;Diagnóstico
003666;Empresa 3666 Ltda.;Recife;Diego Fontes;R$ 400.936,12;75%;16/06/2026;Negociação
003667;Empresa 3667 Ltda.;Salvador;Gabriela Lins;R$ 82.853,33;10%;17/06/2026;Perdido
003668;Empresa 3668 Ltda.;Florianópolis;Felipe Andrade;R$ 284.918,14;10%;18/06/2026;Ganho
003669;Empresa 3669 Ltda.;Curitiba;Bruno Takahashi;R$ 170.142,81;25%;19/06/2026;Diagnóstico
003670;Empresa 3670 Ltda.;Salvador;Felipe Andrade;R$ 450.375,93;75%;20/06/2026;Diagnóstico
003671;Empresa 3671 Ltda.;Salvador;Felipe Andrade;R$ 206.537,52;50%;21/06/2026;Negociação
003672;Empresa 3672 Ltda.;Florianópolis;Bruno Takahashi;R$ 436.888,70;25%;22/06/2026;Ganho
003673;Empresa 3673 Ltda.;São Paulo;Elisa Moura;R$ 24.949,29;90%;23/06/2026;Diagnóstico
003674;Empresa 3674 Ltda.;Curitiba;Hugo Prado;R$ 339.771,01;75%;24/06/2026;Negociação
003675;Empresa 3675 Ltda.;Florianópolis;Bruno Takahashi;R$ 200.813,91;25%;25/06/2026;Qualificação
003676;Empresa 3676 Ltda.;Salvador;Hugo Prado;R$ 121.063,03;75%;26/06/2026;Perdido
003677;Empresa 3677 Ltda.;Porto Alegre;Felipe Andrade;R$ 37.624,27;90%;27/06/2026;Ganho
003678;Empresa 3678 Ltda.;São Paulo;Gabriela Lins;R$ 168.251,35;90%;28/06/2026;Ganho
003679;Empresa 3679 Ltda.;Recife;Diego Fontes;R$ 255.027,90;25%;29/06/2026;Qualificação
003680;Empresa 3680 Ltda.;Curitiba;Felipe Andrade;R$ 151.601,26;25%;30/06/2026;Diagnóstico
003681;Empresa 3681 Ltda.;Recife;Felipe Andrade;R$ 443.518,10;10%;01/07/2026;Perdido
003682;Empresa 3682 Ltda.;Porto Alegre;Bruno Takahashi;R$ 18.628,74;10%;02/07/2026;Perdido
003683;Empresa 3683 Ltda.;Curitiba;Felipe Andrade;R$ 252.949,89;50%;03/07/2026;Perdido
003684;Empresa 3684 Ltda.;Goiânia;Gabriela Lins;R$ 67.722,88;75%;04/07/2026;Ganho
003685;Empresa 3685 Ltda.;São Paulo;Gabriela Lins;R$ 98.793,79;75%;05/07/2026;Qualificação
003686;Empresa 3686 Ltda.;Belo Horizonte;Carla Menezes;R$ 93.649,31;25%;06/07/2026;Perdido
003687;Empresa 3687 Ltda.;Goiânia;Carla Menezes;R$ 214.959,46;25%;07/07/2026;Diagnóstico
003688;Empresa 3688 Ltda.;Recife;Ana Ribeiro;R$ 34.876,54;90%;08/07/2026;Qualificação
003689;Empresa 3689 Ltda.;Florianópolis;Gabriela Lins;R$ 455.461,83;50%;09/07/2026;Qualificação
003690;Empresa 3690 Ltda.;Curitiba;Diego Fontes;R$ 346.187,17;25%;10/07/2026;Ganho
003691;Empresa 3691 Ltda.;Recife;Felipe Andrade;R$ 326.234,31;50%;11/07/2026;Proposta
003692;Empresa 3692 Ltda.;Goiânia;Gabriela Lins;R$ 343.554,33;10%;12/07/2026;Negociação
003693;Empresa 3693 Ltda.;Porto Alegre;Carla Menezes;R$ 303.561,97;75%;13/07/2026;Ganho
003694;Empresa 3694 Ltda.;Belo Horizonte;Carla Menezes;R$ 318.823,57;90%;14/07/2026;Negociação
003695;Empresa 3695 Ltda.;Curitiba;Diego Fontes;R$ 158.368,08;90%;15/07/2026;Qualificação
003696;Empresa 3696 Ltda.;Florianópolis;Ana Ribeiro;R$ 383.021,60;10%;16/07/2026;Ganho
003697;Empresa 3697 Ltda.;Recife;Bruno Takahashi;R$ 420.085,34;90%;17/07/2026;Ganho
003698;Empresa 3698 Ltda.;Belo Horizonte;Bruno Takahashi;R$ 443.302,37;25%;18/07/2026;Perdido
003699;Empresa 3699 Ltda.;Goiânia;Ana Ribeiro;R$ 400.555,07;75%;19/07/2026;Qualificação
003700;Empresa 3700 Ltda.;Florianópolis;Diego Fontes;R$ 67.743,84;10%;20/07/2026;Perdido
003701;Empresa 3701 Ltda.;Belo Horizonte;Bruno Takahashi;R$ 346.082,87;25%;21/07/2026;Qualificação
003702;Empresa 3702 Ltda.;Curitiba;Felipe Andrade;R$ 245.059,91;25%;22/07/2026;Negociação
003703;Empresa 3703 Ltda.;Recife;Gabriela Lins;R$ 98.951,31;75%;23/07/2026;Ganho
003704;Empresa 3704 Ltda.;Belo Horizonte;Diego Fontes;R$ 92.470,58;10%;24/07/2026;Ganho
003705;Empresa 3705 Ltda.;Goiânia;Diego Fontes;R$ 291.417,12;25%;25/07/2026;Ganho
003706;Empresa 3706 Ltda.;Belo Horizonte;Carla Menezes;R$ 89.677,45;90%;26/07/2026;Proposta
003707;Empresa 3707 Ltda.;Belo Horizonte;Bruno Takahashi;R$ 116.593,63;90%;27/07/2026;Negociação
003708;Empresa 3708 Ltda.;Salvador;Carla Menezes;R$ 92.006,10;90%;28/07/2026;Ganho
003709;Empresa 3709 Ltda.;São Paulo;Diego Fontes;R$ 472.805,16;50%;29/07/2026;Ganho
003710;Empresa 3710 Ltda.;Salvador;Bruno Takahashi;R$ 341.073,60;90%;30/07/2026;Ganho
003711;Empresa 3711 Ltda.;Salvador;Elisa Moura;R$ 399.876,16;10%;31/07/2026;Ganho
003712;Empresa 3712 Ltda.;São Paulo;Bruno Takahashi;R$ 156.871,01;25%;01/08/2026;Negociação
003713;Empresa 3713 Ltda.;Curitiba;Bruno Takahashi;R$ 429.031,31;25%;02/08/2026;Perdido
003714;Empresa 3714 Ltda.;Recife;Bruno Takahashi;R$ 113.378,01;25%;03/08/2026;Ganho
003715;Empresa 3715 Ltda.;Curitiba;Felipe Andrade;R$ 211.019,50;10%;04/08/2026;Qualificação
003716;Empresa 3716 Ltda.;Porto Alegre;Ana Ribeiro;R$ 345.824,56;25%;05/08/2026;Diagnóstico
003717;Empresa 3717 Ltda.;Belo Horizonte;Ana Ribeiro;R$ 377.542,04;90%;06/08/2026;Diagnóstico
003718;Empresa 3718 Ltda.;São Paulo;Gabriela Lins;R$ 8.950,17;25%;07/08/2026;Diagnóstico
003719;Empresa 3719 Ltda.;Goiânia;Ana Ribeiro;R$ 368.819,23;50%;08/08/2026;Proposta
003720;Empresa 3720 Ltda.;São Paulo;Carla Menezes;R$ 278.634,93;75%;09/08/2026;Diagnóstico
003721;Empresa 3721 Ltda.;Salvador;Carla Menezes;R$ 18.780,40;90%;10/08/2026;Negociação
003722;Empresa 3722 Ltda.;Goiânia;Elisa Moura;R$ 282.295,38;75%;11/08/2026;Perdido
003723;Empresa 3723 Ltda.;Florianópolis;Elisa Moura;R$ 235.854,28;90%;12/08/2026;Proposta
003724;Empresa 3724 Ltda.;Florianópolis;Ana Ribeiro;R$ 446.722,56;90%;13/08/2026;Negociação
003725;Empresa 3725 Ltda.;Florianópolis;Elisa Moura;R$ 91.363,75;10%;14/08/2026;Negociação
003726;Empresa 3726 Ltda.;Porto Alegre;Ana Ribeiro;R$ 70.310,63;75%;15/08/2026;Diagnóstico
003727;Empresa 3727 Ltda.;Porto Alegre;Felipe Andrade;R$ 354.607,74;50%;16/08/2026;Ganho
003728;Empresa 3728 Ltda.;São Paulo;Felipe Andrade;R$ 248.751,77;75%;17/08/2026;Proposta
003729;Empresa 3729 Ltda.;Salvador;Carla Menezes;R$ 292.293,39;10%;18/08/2026;Qualificação
003730;Empresa 3730 Ltda.;Goiânia;Hugo Prado;R$ 420.471,23;75%;19/08/2026;Qualificação
003731;Empresa 3731 Ltda.;Florianópolis;Carla Menezes;R$ 125.933,34;25%;20/08/2026;Negociação
003732;Empresa 3732 Ltda.;Belo Horizonte;Bruno Takahashi;R$ 223.005,45;25%;21/08/2026;Qualificação
003733;Empresa 3733 Ltda.;Salvador;Ana Ribeiro;R$ 334.833,02;25%;22/08/2026;Proposta
003734;Empresa 3734 Ltda.;Florianópolis;Felipe Andrade;R$ 170.573,26;90%;23/08/2026;Negociação
003735;Empresa 3735 Ltda.;Recife;Hugo Prado;R$ 400.901,50;10%;24/08/2026;Proposta
003736;Empresa 3736 Ltda.;Curitiba;Felipe Andrade;R$ 114.714,93;10%;25/08/2026;Negociação
003737;Empresa 3737 Ltda.;São Paulo;Elisa Moura;R$ 438.587,62;50%;26/08/2026;Perdido
003738;Empresa 3738 Ltda.;Salvador;Gabriela Lins;R$ 403.293,65;10%;27/08/2026;Proposta
003739;Empresa 3739 Ltda.;Goiânia;Felipe Andrade;R$ 24.736,79;90%;28/08/2026;Negociação
003740;Empresa 3740 Ltda.;Curitiba;Elisa Moura;R$ 399.798,01;25%;29/08/2026;Diagnóstico
003741;Empresa 3741 Ltda.;Porto Alegre;Gabriela Lins;R$ 403.274,92;75%;30/08/2026;Proposta
003742;Empresa 3742 Ltda.;Curitiba;Elisa Moura;R$ 443.641,28;75%;31/08/2026;Diagnóstico
003743;Empresa 3743 Ltda.;São Paulo;Diego Fontes;R$ 440.301,34;90%;01/09/2026;Proposta
003744;Empresa 3744 Ltda.;Curitiba;Carla Menezes;R$ 306.152,33;25%;02/09/2026;Qualificação
003745;Empresa 3745 Ltda.;Florianópolis;Carla Menezes;R$ 399.290,31;25%;03/09/2026;Ganho
003746;Empresa 3746 Ltda.;Porto Alegre;Hugo Prado;R$ 452.637,74;90%;04/09/2026;Perdido
003747;Empresa 3747 Ltda.;São Paulo;Diego Fontes;R$ 142.469,41;25%;05/09/2026;Ganho
003748;Empresa 3748 Ltda.;Porto Alegre;Elisa Moura;R$ 56.766,71;75%;06/09/2026;Diagnóstico
003749;Empresa 3749 Ltda.;São Paulo;Carla Menezes;R$ 340.200,31;25%;07/09/2026;Ganho
003750;Empresa 3750 Ltda.;Belo Horizonte;Gabriela Lins;R$ 478.448,08;75%;08/09/2026;Negociação
003751;Empresa 3751 Ltda.;São Paulo;Gabriela Lins;R$ 307.400,21;90%;02/01/2026;Negociação
003752;Empresa 3752 Ltda.;Salvador;Elisa Moura;R$ 225.050,18;10%;03/01/2026;Perdido
003753;Empresa 3753 Ltda.;Curitiba;Bruno Takahashi;R$ 235.719,71;90%;04/01/2026;Ganho
003754;Empresa 3754 Ltda.;Goiânia;Hugo Prado;R$ 170.318,79;75%;05/01/2026;Ganho
003755;Empresa 3755 Ltda.;Recife;Felipe Andrade;R$ 137.262,88;75%;06/01/2026;Perdido
003756;Empresa 3756 Ltda.;Belo Horizonte;Ana Ribeiro;R$ 58.345,83;75%;07/01/2026;Qualificação
003757;Empresa 3757 Ltda.;Florianópolis;Elisa Moura;R$ 248.665,42;50%;08/01/2026;Diagnóstico
003758;Empresa 3758 Ltda.;Salvador;Bruno Takahashi;R$ 283.271,83;90%;09/01/2026;Qualificação
003759;Empresa 3759 Ltda.;Belo Horizonte;Felipe Andrade;R$ 316.810,33;90%;10/01/2026;Proposta
003760;Empresa 3760 Ltda.;Curitiba;Felipe Andrade;R$ 451.006,66;25%;11/01/2026;Negociação
003761;Empresa 3761 Ltda.;Belo Horizonte;Carla Menezes;R$ 43.659,83;75%;12/01/2026;Proposta
003762;Empresa 3762 Ltda.;Recife;Ana Ribeiro;R$ 461.657,75;75%;13/01/2026;Proposta
003763;Empresa 3763 Ltda.;Recife;Felipe Andrade;R$ 48.298,89;50%;14/01/2026;Perdido
003764;Empresa 3764 Ltda.;São Paulo;Elisa Moura;R$ 81.712,75;75%;15/01/2026;Proposta
003765;Empresa 3765 Ltda.;Salvador;Elisa Moura;R$ 208.400,50;75%;16/01/2026;Qualificação
003766;Empresa 3766 Ltda.;São Paulo;Felipe Andrade;R$ 364.501,14;50%;17/01/2026;Ganho
003767;Empresa 3767 Ltda.;Porto Alegre;Hugo Prado;R$ 387.872,79;90%;18/01/2026;Qualificação
003768;Empresa 3768 Ltda.;Goiânia;Hugo Prado;R$ 213.826,88;75%;19/01/2026;Negociação
003769;Empresa 3769 Ltda.;Salvador;Elisa Moura;R$ 447.909,13;10%;20/01/2026;Ganho
003770;Empresa 3770 Ltda.;São Paulo;Gabriela Lins;R$ 357.083,49;50%;21/01/2026;Perdido
003771;Empresa 3771 Ltda.;Salvador;Hugo Prado;R$ 461.397,78;10%;22/01/2026;Proposta
003772;Empresa 3772 Ltda.;Belo Horizonte;Hugo Prado;R$ 126.046,42;75%;23/01/2026;Perdido
003773;Empresa 3773 Ltda.;Salvador;Ana Ribeiro;R$ 172.605,73;75%;24/01/2026;Proposta
003774;Empresa 3774 Ltda.;Curitiba;Bruno Takahashi;R$ 325.507,95;25%;25/01/2026;Qualificação
003775;Empresa 3775 Ltda.;Curitiba;Carla Menezes;R$ 352.027,71;75%;26/01/2026;Negociação
003776;Empresa 3776 Ltda.;Florianópolis;Felipe Andrade;R$ 294.108,87;75%;27/01/2026;Qualificação
003777;Empresa 3777 Ltda.;Belo Horizonte;Hugo Prado;R$ 58.984,74;75%;28/01/2026;Proposta
003778;Empresa 3778 Ltda.;Salvador;Diego Fontes;R$ 278.271,37;75%;29/01/2026;Ganho
003779;Empresa 3779 Ltda.;Porto Alegre;Felipe Andrade;R$ 456.045,62;25%;30/01/2026;Qualificação
003780;Empresa 3780 Ltda.;Salvador;Gabriela Lins;R$ 265.569,81;10%;31/01/2026;Ganho
003781;Empresa 3781 Ltda.;Salvador;Ana Ribeiro;R$ 173.454,72;50%;01/02/2026;Negociação
003782;Empresa 3782 Ltda.;Porto Alegre;Ana Ribeiro;R$ 105.931,01;50%;02/02/2026;Diagnóstico
003783;Empresa 3783 Ltda.;Salvador;Diego Fontes;R$ 271.600,70;90%;03/02/2026;Diagnóstico
003784;Empresa 3784 Ltda.;Salvador;Carla Menezes;R$ 219.790,20;75%;04/02/2026;Ganho
003785;Empresa 3785 Ltda.;Belo Horizonte;Gabriela Lins;R$ 78.462,13;25%;05/02/2026;Proposta
003786;Empresa 3786 Ltda.;Recife;Hugo Prado;R$ 321.290,15;25%;06/02/2026;Proposta
003787;Empresa 3787 Ltda.;Porto Alegre;Elisa Moura;R$ 203.026,98;10%;07/02/2026;Negociação
003788;Empresa 3788 Ltda.;Curitiba;Gabriela Lins;R$ 64.105,94;75%;08/02/2026;Negociação
003789;Empresa 3789 Ltda.;Florianópolis;Felipe Andrade;R$ 226.970,93;90%;09/02/2026;Perdido
003790;Empresa 3790 Ltda.;Florianópolis;Elisa Moura;R$ 434.292,30;25%;10/02/2026;Qualificação
003791;Empresa 3791 Ltda.;Curitiba;Ana Ribeiro;R$ 362.741,04;50%;11/02/2026;Ganho
003792;Empresa 3792 Ltda.;Goiânia;Carla Menezes;R$ 277.038,85;50%;12/02/2026;Ganho
003793;Empresa 3793 Ltda.;Florianópolis;Hugo Prado;R$ 457.262,67;75%;13/02/2026;Negociação
003794;Empresa 3794 Ltda.;Curitiba;Ana Ribeiro;R$ 35.846,63;25%;14/02/2026;Negociação
003795;Empresa 3795 Ltda.;Porto Alegre;Felipe Andrade;R$ 403.259,71;90%;15/02/2026;Perdido
003796;Empresa 3796 Ltda.;Salvador;Ana Ribeiro;R$ 191.505,67;90%;16/02/2026;Ganho
003797;Empresa 3797 Ltda.;Goiânia;Hugo Prado;R$ 355.506,08;10%;17/02/2026;Perdido
003798;Empresa 3798 Ltda.;Recife;Ana Ribeiro;R$ 316.071,63;90%;18/02/2026;Proposta
003799;Empresa 3799 Ltda.;São Paulo;Felipe Andrade;R$ 213.461,74;10%;19/02/2026;Qualificação
003800;Empresa 3800 Ltda.;Recife;Gabriela Lins;R$ 193.636,61;75%;20/02/2026;Diagnóstico
003801;Empresa 3801 Ltda.;Recife;Ana Ribeiro;R$ 353.197,12;10%;21/02/2026;Perdido
003802;Empresa 3802 Ltda.;Salvador;Hugo Prado;R$ 335.385,04;10%;22/02/2026;Qualificação
003803;Empresa 3803 Ltda.;Porto Alegre;Gabriela Lins;R$ 439.241,09;90%;23/02/2026;Ganho
003804;Empresa 3804 Ltda.;Porto Alegre;Felipe Andrade;R$ 456.284,19;90%;24/02/2026;Proposta
003805;Empresa 3805 Ltda.;Goiânia;Gabriela Lins;R$ 425.720,55;50%;25/02/2026;Qualificação
003806;Empresa 3806 Ltda.;Goiânia;Elisa Moura;R$ 272.821,16;50%;26/02/2026;Diagnóstico
003807;Empresa 3807 Ltda.;Salvador;Gabriela Lins;R$ 184.506,50;50%;27/02/2026;Qualificação
003808;Empresa 3808 Ltda.;Salvador;Felipe Andrade;R$ 269.715,01;75%;28/02/2026;Ganho
003809;Empresa 3809 Ltda.;Porto Alegre;Ana Ribeiro;R$ 36.027,73;25%;01/03/2026;Perdido
003810;Empresa 3810 Ltda.;Goiânia;Gabriela Lins;R$ 153.412,96;50%;02/03/2026;Ganho
003811;Empresa 3811 Ltda.;Curitiba;Elisa Moura;R$ 22.862,64;10%;03/03/2026;Proposta
003812;Empresa 3812 Ltda.;Salvador;Carla Menezes;R$ 129.547,27;50%;04/03/2026;Qualificação
003813;Empresa 3813 Ltda.;Goiânia;Diego Fontes;R$ 394.029,90;50%;05/03/2026;Negociação
003814;Empresa 3814 Ltda.;Curitiba;Felipe Andrade;R$ 60.915,91;25%;06/03/2026;Proposta
003815;Empresa 3815 Ltda.;São Paulo;Ana Ribeiro;R$ 418.242,36;10%;07/03/2026;Perdido
003816;Empresa 3816 Ltda.;Belo Horizonte;Hugo Prado;R$ 303.716,75;90%;08/03/2026;Proposta
003817;Empresa 3817 Ltda.;Recife;Diego Fontes;R$ 43.127,81;50%;09/03/2026;Negociação
003818;Empresa 3818 Ltda.;Florianópolis;Elisa Moura;R$ 413.177,90;90%;10/03/2026;Qualificação
003819;Empresa 3819 Ltda.;Belo Horizonte;Elisa Moura;R$ 337.279,58;50%;11/03/2026;Diagnóstico
003820;Empresa 3820 Ltda.;Goiânia;Elisa Moura;R$ 92.861,08;50%;12/03/2026;Perdido
003821;Empresa 3821 Ltda.;Belo Horizonte;Bruno Takahashi;R$ 440.912,98;90%;13/03/2026;Negociação
003822;Empresa 3822 Ltda.;Curitiba;Ana Ribeiro;R$ 457.941,17;25%;14/03/2026;Perdido
003823;Empresa 3823 Ltda.;Goiânia;Carla Menezes;R$ 86.150,79;50%;15/03/2026;Qualificação
003824;Empresa 3824 Ltda.;Florianópolis;Gabriela Lins;R$ 187.278,01;75%;16/03/2026;Diagnóstico
003825;Empresa 3825 Ltda.;São Paulo;Felipe Andrade;R$ 321.156,01;75%;17/03/2026;Diagnóstico
003826;Empresa 3826 Ltda.;Recife;Bruno Takahashi;R$ 241.377,55;50%;18/03/2026;Ganho
003827;Empresa 3827 Ltda.;Recife;Gabriela Lins;R$ 69.800,41;75%;19/03/2026;Negociação
003828;Empresa 3828 Ltda.;Florianópolis;Carla Menezes;R$ 102.641,70;75%;20/03/2026;Negociação
003829;Empresa 3829 Ltda.;São Paulo;Bruno Takahashi;R$ 242.285,18;75%;21/03/2026;Proposta
003830;Empresa 3830 Ltda.;São Paulo;Diego Fontes;R$ 435.662,61;50%;22/03/2026;Ganho
003831;Empresa 3831 Ltda.;Recife;Elisa Moura;R$ 351.827,36;90%;23/03/2026;Proposta
003832;Empresa 3832 Ltda.;Florianópolis;Ana Ribeiro;R$ 324.299,09;25%;24/03/2026;Qualificação
003833;Empresa 3833 Ltda.;Belo Horizonte;Bruno Takahashi;R$ 127.142,00;50%;25/03/2026;Ganho
003834;Empresa 3834 Ltda.;Belo Horizonte;Elisa Moura;R$ 187.156,79;50%;26/03/2026;Ganho
003835;Empresa 3835 Ltda.;Goiânia;Carla Menezes;R$ 457.794,97;10%;27/03/2026;Proposta
003836;Empresa 3836 Ltda.;Florianópolis;Carla Menezes;R$ 167.502,43;25%;28/03/2026;Qualificação
003837;Empresa 3837 Ltda.;Salvador;Hugo Prado;R$ 310.581,77;10%;29/03/2026;Negociação
003838;Empresa 3838 Ltda.;Porto Alegre;Felipe Andrade;R$ 356.544,45;25%;30/03/2026;Qualificação
003839;Empresa 3839 Ltda.;Goiânia;Gabriela Lins;R$ 146.166,88;90%;31/03/2026;Proposta
003840;Empresa 3840 Ltda.;Florianópolis;Carla Menezes;R$ 28.017,49;50%;01/04/2026;Qualificação
003841;Empresa 3841 Ltda.;Recife;Gabriela Lins;R$ 74.293,72;90%;02/04/2026;Diagnóstico
003842;Empresa 3842 Ltda.;Goiânia;Felipe Andrade;R$ 144.160,63;50%;03/04/2026;Diagnóstico
003843;Empresa 3843 Ltda.;Salvador;Hugo Prado;R$ 189.061,54;50%;04/04/2026;Qualificação
003844;Empresa 3844 Ltda.;Porto Alegre;Gabriela Lins;R$ 264.717,18;25%;05/04/2026;Proposta
003845;Empresa 3845 Ltda.;Salvador;Felipe Andrade;R$ 245.084,39;25%;06/04/2026;Ganho
003846;Empresa 3846 Ltda.;São Paulo;Carla Menezes;R$ 216.337,76;50%;07/04/2026;Negociação
003847;Empresa 3847 Ltda.;São Paulo;Diego Fontes;R$ 378.810,65;10%;08/04/2026;Ganho
003848;Empresa 3848 Ltda.;São Paulo;Hugo Prado;R$ 289.954,37;10%;09/04/2026;Negociação
003849;Empresa 3849 Ltda.;São Paulo;Gabriela Lins;R$ 464.948,05;50%;10/04/2026;Qualificação
003850;Empresa 3850 Ltda.;Porto Alegre;Gabriela Lins;R$ 270.212,67;50%;11/04/2026;Qualificação
003851;Empresa 3851 Ltda.;São Paulo;Felipe Andrade;R$ 421.138,25;90%;12/04/2026;Ganho
003852;Empresa 3852 Ltda.;Florianópolis;Ana Ribeiro;R$ 164.424,73;90%;13/04/2026;Negociação
003853;Empresa 3853 Ltda.;Belo Horizonte;Felipe Andrade;R$ 309.734,26;25%;14/04/2026;Proposta
003854;Empresa 3854 Ltda.;Salvador;Gabriela Lins;R$ 46.638,14;10%;15/04/2026;Qualificação
003855;Empresa 3855 Ltda.;São Paulo;Ana Ribeiro;R$ 14.347,68;75%;16/04/2026;Perdido
003856;Empresa 3856 Ltda.;Goiânia;Gabriela Lins;R$ 406.590,86;25%;17/04/2026;Diagnóstico
003857;Empresa 3857 Ltda.;Porto Alegre;Hugo Prado;R$ 349.629,52;50%;18/04/2026;Negociação
003858;Empresa 3858 Ltda.;Goiânia;Carla Menezes;R$ 200.310,52;25%;19/04/2026;Perdido
003859;Empresa 3859 Ltda.;Porto Alegre;Carla Menezes;R$ 156.465,12;25%;20/04/2026;Ganho
003860;Empresa 3860 Ltda.;Porto Alegre;Carla Menezes;R$ 471.101,76;75%;21/04/2026;Ganho
003861;Empresa 3861 Ltda.;São Paulo;Felipe Andrade;R$ 212.552,85;50%;22/04/2026;Qualificação
003862;Empresa 3862 Ltda.;Belo Horizonte;Diego Fontes;R$ 59.224,36;25%;23/04/2026;Proposta
003863;Empresa 3863 Ltda.;Porto Alegre;Diego Fontes;R$ 9.197,18;25%;24/04/2026;Diagnóstico
003864;Empresa 3864 Ltda.;Porto Alegre;Elisa Moura;R$ 62.969,61;50%;25/04/2026;Negociação
003865;Empresa 3865 Ltda.;Curitiba;Gabriela Lins;R$ 236.359,72;10%;26/04/2026;Qualificação
003866;Empresa 3866 Ltda.;Florianópolis;Ana Ribeiro;R$ 236.745,39;25%;27/04/2026;Proposta
003867;Empresa 3867 Ltda.;Salvador;Elisa Moura;R$ 464.414,57;10%;28/04/2026;Proposta
003868;Empresa 3868 Ltda.;Recife;Hugo Prado;R$ 437.481,09;90%;29/04/2026;Qualificação
003869;Empresa 3869 Ltda.;Recife;Elisa Moura;R$ 69.823,10;10%;30/04/2026;Ganho
003870;Empresa 3870 Ltda.;Salvador;Hugo Prado;R$ 186.596,81;75%;01/05/2026;Negociação
003871;Empresa 3871 Ltda.;São Paulo;Carla Menezes;R$ 227.218,01;75%;02/05/2026;Diagnóstico
003872;Empresa 3872 Ltda.;Recife;Diego Fontes;R$ 117.901,76;50%;03/05/2026;Negociação
003873;Empresa 3873 Ltda.;Curitiba;Gabriela Lins;R$ 439.318,86;25%;04/05/2026;Proposta
003874;Empresa 3874 Ltda.;Belo Horizonte;Hugo Prado;R$ 9.253,00;75%;05/05/2026;Diagnóstico
003875;Empresa 3875 Ltda.;Goiânia;Elisa Moura;R$ 184.614,92;50%;06/05/2026;Perdido
003876;Empresa 3876 Ltda.;Curitiba;Elisa Moura;R$ 197.010,37;10%;07/05/2026;Ganho
003877;Empresa 3877 Ltda.;Belo Horizonte;Bruno Takahashi;R$ 342.692,23;50%;08/05/2026;Qualificação
003878;Empresa 3878 Ltda.;Porto Alegre;Diego Fontes;R$ 195.880,75;10%;09/05/2026;Perdido
003879;Empresa 3879 Ltda.;Goiânia;Felipe Andrade;R$ 89.512,07;25%;10/05/2026;Negociação
003880;Empresa 3880 Ltda.;Porto Alegre;Hugo Prado;R$ 352.359,48;10%;11/05/2026;Negociação
003881;Empresa 3881 Ltda.;Recife;Hugo Prado;R$ 316.860,02;90%;12/05/2026;Diagnóstico
003882;Empresa 3882 Ltda.;Florianópolis;Hugo Prado;R$ 70.055,21;25%;13/05/2026;Qualificação
003883;Empresa 3883 Ltda.;Recife;Bruno Takahashi;R$ 401.325,33;25%;14/05/2026;Negociação
003884;Empresa 3884 Ltda.;Porto Alegre;Hugo Prado;R$ 419.700,37;50%;15/05/2026;Qualificação
003885;Empresa 3885 Ltda.;Recife;Gabriela Lins;R$ 89.140,38;25%;16/05/2026;Proposta
003886;Empresa 3886 Ltda.;Salvador;Ana Ribeiro;R$ 241.513,40;10%;17/05/2026;Qualificação
003887;Empresa 3887 Ltda.;São Paulo;Carla Menezes;R$ 171.366,52;75%;18/05/2026;Negociação
003888;Empresa 3888 Ltda.;Porto Alegre;Elisa Moura;R$ 442.173,17;25%;19/05/2026;Proposta
003889;Empresa 3889 Ltda.;Goiânia;Bruno Takahashi;R$ 193.320,82;25%;20/05/2026;Diagnóstico
003890;Empresa 3890 Ltda.;Salvador;Felipe Andrade;R$ 118.335,63;90%;21/05/2026;Diagnóstico
003891;Empresa 3891 Ltda.;Belo Horizonte;Ana Ribeiro;R$ 124.069,91;75%;22/05/2026;Negociação
003892;Empresa 3892 Ltda.;Florianópolis;Carla Menezes;R$ 103.046,17;75%;23/05/2026;Ganho
003893;Empresa 3893 Ltda.;Recife;Elisa Moura;R$ 75.933,41;90%;24/05/2026;Perdido
003894;Empresa 3894 Ltda.;Goiânia;Hugo Prado;R$ 123.472,39;75%;25/05/2026;Qualificação
003895;Empresa 3895 Ltda.;Porto Alegre;Ana Ribeiro;R$ 62.509,81;90%;26/05/2026;Diagnóstico
003896;Empresa 3896 Ltda.;Porto Alegre;Carla Menezes;R$ 454.816,01;50%;27/05/2026;Ganho
003897;Empresa 3897 Ltda.;Florianópolis;Felipe Andrade;R$ 467.241,95;10%;28/05/2026;Negociação
003898;Empresa 3898 Ltda.;Porto Alegre;Diego Fontes;R$ 339.530,33;50%;29/05/2026;Negociação
003899;Empresa 3899 Ltda.;Curitiba;Ana Ribeiro;R$ 337.539,32;75%;30/05/2026;Negociação
003900;Empresa 3900 Ltda.;Recife;Bruno Takahashi;R$ 162.213,76;10%;31/05/2026;Qualificação
003901;Empresa 3901 Ltda.;Recife;Hugo Prado;R$ 252.612,53;90%;01/06/2026;Diagnóstico
003902;Empresa 3902 Ltda.;São Paulo;Ana Ribeiro;R$ 390.812,02;25%;02/06/2026;Proposta
003903;Empresa 3903 Ltda.;Recife;Elisa Moura;R$ 439.703,89;90%;03/06/2026;Negociação
003904;Empresa 3904 Ltda.;Belo Horizonte;Bruno Takahashi;R$ 370.635,16;10%;04/06/2026;Ganho
003905;Empresa 3905 Ltda.;São Paulo;Carla Menezes;R$ 81.409,51;90%;05/06/2026;Ganho
003906;Empresa 3906 Ltda.;Porto Alegre;Felipe Andrade;R$ 296.380,80;75%;06/06/2026;Negociação
003907;Empresa 3907 Ltda.;Goiânia;Hugo Prado;R$ 355.589,26;10%;07/06/2026;Qualificação
003908;Empresa 3908 Ltda.;Belo Horizonte;Ana Ribeiro;R$ 272.694,53;10%;08/06/2026;Qualificação
003909;Empresa 3909 Ltda.;Salvador;Gabriela Lins;R$ 240.049,63;75%;09/06/2026;Proposta
003910;Empresa 3910 Ltda.;Goiânia;Hugo Prado;R$ 331.984,79;25%;10/06/2026;Proposta
003911;Empresa 3911 Ltda.;Salvador;Ana Ribeiro;R$ 458.352,88;50%;11/06/2026;Qualificação
003912;Empresa 3912 Ltda.;São Paulo;Diego Fontes;R$ 185.639,76;75%;12/06/2026;Diagnóstico
003913;Empresa 3913 Ltda.;Belo Horizonte;Gabriela Lins;R$ 262.739,71;10%;13/06/2026;Diagnóstico
003914;Empresa 3914 Ltda.;Belo Horizonte;Carla Menezes;R$ 120.595,77;25%;14/06/2026;Ganho
003915;Empresa 3915 Ltda.;Recife;Diego Fontes;R$ 88.271,25;10%;15/06/2026;Qualificação
003916;Empresa 3916 Ltda.;São Paulo;Elisa Moura;R$ 425.739,50;50%;16/06/2026;Negociação
003917;Empresa 3917 Ltda.;Florianópolis;Ana Ribeiro;R$ 445.386,03;90%;17/06/2026;Diagnóstico
003918;Empresa 3918 Ltda.;Porto Alegre;Carla Menezes;R$ 146.836,99;75%;18/06/2026;Perdido
003919;Empresa 3919 Ltda.;Florianópolis;Ana Ribeiro;R$ 40.168,63;50%;19/06/2026;Ganho
003920;Empresa 3920 Ltda.;Belo Horizonte;Bruno Takahashi;R$ 263.001,89;90%;20/06/2026;Qualificação
003921;Empresa 3921 Ltda.;Belo Horizonte;Felipe Andrade;R$ 214.883,68;50%;21/06/2026;Proposta
003922;Empresa 3922 Ltda.;Recife;Carla Menezes;R$ 213.943,61;75%;22/06/2026;Negociação
003923;Empresa 3923 Ltda.;Belo Horizonte;Diego Fontes;R$ 306.638,59;75%;23/06/2026;Diagnóstico
003924;Empresa 3924 Ltda.;Goiânia;Bruno Takahashi;R$ 66.699,57;90%;24/06/2026;Perdido
003925;Empresa 3925 Ltda.;Belo Horizonte;Felipe Andrade;R$ 199.852,21;25%;25/06/2026;Proposta
003926;Empresa 3926 Ltda.;São Paulo;Carla Menezes;R$ 342.818,45;10%;26/06/2026;Negociação
003927;Empresa 3927 Ltda.;Recife;Carla Menezes;R$ 180.765,46;25%;27/06/2026;Proposta
003928;Empresa 3928 Ltda.;Recife;Felipe Andrade;R$ 411.622,12;75%;28/06/2026;Qualificação
003929;Empresa 3929 Ltda.;Goiânia;Gabriela Lins;R$ 15.829,00;75%;29/06/2026;Negociação
003930;Empresa 3930 Ltda.;Curitiba;Elisa Moura;R$ 336.683,34;90%;30/06/2026;Ganho
003931;Empresa 3931 Ltda.;Belo Horizonte;Diego Fontes;R$ 417.592,79;25%;01/07/2026;Qualificação
003932;Empresa 3932 Ltda.;São Paulo;Bruno Takahashi;R$ 58.631,63;10%;02/07/2026;Diagnóstico
003933;Empresa 3933 Ltda.;Recife;Felipe Andrade;R$ 45.680,93;50%;03/07/2026;Negociação
003934;Empresa 3934 Ltda.;Recife;Elisa Moura;R$ 17.262,95;10%;04/07/2026;Diagnóstico
003935;Empresa 3935 Ltda.;Florianópolis;Carla Menezes;R$ 280.738,66;50%;05/07/2026;Qualificação
003936;Empresa 3936 Ltda.;São Paulo;Bruno Takahashi;R$ 303.215,35;75%;06/07/2026;Proposta
003937;Empresa 3937 Ltda.;Goiânia;Elisa Moura;R$ 398.351,15;75%;07/07/2026;Qualificação
003938;Empresa 3938 Ltda.;Florianópolis;Hugo Prado;R$ 53.834,11;75%;08/07/2026;Negociação
003939;Empresa 3939 Ltda.;Belo Horizonte;Hugo Prado;R$ 67.144,59;25%;09/07/2026;Negociação
003940;Empresa 3940 Ltda.;Goiânia;Hugo Prado;R$ 357.565,99;90%;10/07/2026;Perdido
003941;Empresa 3941 Ltda.;Goiânia;Carla Menezes;R$ 132.032,45;75%;11/07/2026;Diagnóstico
003942;Empresa 3942 Ltda.;Porto Alegre;Gabriela Lins;R$ 50.755,08;10%;12/07/2026;Diagnóstico
003943;Empresa 3943 Ltda.;Belo Horizonte;Ana Ribeiro;R$ 387.053,69;10%;13/07/2026;Negociação
003944;Empresa 3944 Ltda.;Florianópolis;Gabriela Lins;R$ 351.101,14;25%;14/07/2026;Diagnóstico
003945;Empresa 3945 Ltda.;Belo Horizonte;Gabriela Lins;R$ 101.194,32;50%;15/07/2026;Negociação
003946;Empresa 3946 Ltda.;Porto Alegre;Diego Fontes;R$ 21.484,26;10%;16/07/2026;Qualificação
003947;Empresa 3947 Ltda.;Salvador;Elisa Moura;R$ 226.184,46;50%;17/07/2026;Negociação
003948;Empresa 3948 Ltda.;Belo Horizonte;Ana Ribeiro;R$ 414.372,51;10%;18/07/2026;Proposta
003949;Empresa 3949 Ltda.;Salvador;Hugo Prado;R$ 378.814,48;10%;19/07/2026;Proposta
003950;Empresa 3950 Ltda.;Porto Alegre;Felipe Andrade;R$ 243.412,45;75%;20/07/2026;Negociação
003951;Empresa 3951 Ltda.;Curitiba;Felipe Andrade;R$ 390.277,75;75%;21/07/2026;Proposta
003952;Empresa 3952 Ltda.;Salvador;Gabriela Lins;R$ 301.127,07;25%;22/07/2026;Proposta
003953;Empresa 3953 Ltda.;Porto Alegre;Gabriela Lins;R$ 146.040,35;25%;23/07/2026;Perdido
003954;Empresa 3954 Ltda.;Belo Horizonte;Bruno Takahashi;R$ 145.886,81;25%;24/07/2026;Proposta
003955;Empresa 3955 Ltda.;Salvador;Diego Fontes;R$ 251.371,26;50%;25/07/2026;Perdido
003956;Empresa 3956 Ltda.;Goiânia;Hugo Prado;R$ 190.289,36;50%;26/07/2026;Diagnóstico
003957;Empresa 3957 Ltda.;Florianópolis;Gabriela Lins;R$ 464.260,79;10%;27/07/2026;Perdido
003958;Empresa 3958 Ltda.;Salvador;Bruno Takahashi;R$ 356.936,52;90%;28/07/2026;Proposta
003959;Empresa 3959 Ltda.;Curitiba;Bruno Takahashi;R$ 147.951,62;10%;29/07/2026;Qualificação
003960;Empresa 3960 Ltda.;São Paulo;Elisa Moura;R$ 17.076,71;50%;30/07/2026;Negociação
003961;Empresa 3961 Ltda.;Florianópolis;Ana Ribeiro;R$ 25.516,46;75%;31/07/2026;Perdido
003962;Empresa 3962 Ltda.;Goiânia;Elisa Moura;R$ 457.284,81;75%;01/08/2026;Ganho
003963;Empresa 3963 Ltda.;Porto Alegre;Bruno Takahashi;R$ 452.726,22;90%;02/08/2026;Qualificação
003964;Empresa 3964 Ltda.;Florianópolis;Hugo Prado;R$ 339.907,65;10%;03/08/2026;Qualificação
003965;Empresa 3965 Ltda.;Florianópolis;Elisa Moura;R$ 419.613,73;75%;04/08/2026;Proposta
003966;Empresa 3966 Ltda.;São Paulo;Gabriela Lins;R$ 347.137,74;90%;05/08/2026;Qualificação
003967;Empresa 3967 Ltda.;Salvador;Bruno Takahashi;R$ 78.953,09;75%;06/08/2026;Perdido
003968;Empresa 3968 Ltda.;Curitiba;Elisa Moura;R$ 224.218,51;50%;07/08/2026;Perdido
003969;Empresa 3969 Ltda.;Salvador;Gabriela Lins;R$ 109.662,97;25%;08/08/2026;Diagnóstico
003970;Empresa 3970 Ltda.;Belo Horizonte;Diego Fontes;R$ 95.438,12;90%;09/08/2026;Ganho
003971;Empresa 3971 Ltda.;Porto Alegre;Elisa Moura;R$ 473.707,62;10%;10/08/2026;Diagnóstico
003972;Empresa 3972 Ltda.;São Paulo;Elisa Moura;R$ 350.917,08;10%;11/08/2026;Proposta
003973;Empresa 3973 Ltda.;Salvador;Gabriela Lins;R$ 189.126,48;90%;12/08/2026;Proposta
003974;Empresa 3974 Ltda.;Salvador;Ana Ribeiro;R$ 351.094,30;90%;13/08/2026;Perdido
003975;Empresa 3975 Ltda.;Florianópolis;Carla Menezes;R$ 179.605,76;10%;14/08/2026;Negociação
003976;Empresa 3976 Ltda.;Florianópolis;Gabriela Lins;R$ 305.087,12;90%;15/08/2026;Perdido
003977;Empresa 3977 Ltda.;Recife;Elisa Moura;R$ 316.476,68;90%;16/08/2026;Perdido
003978;Empresa 3978 Ltda.;Salvador;Elisa Moura;R$ 384.856,26;75%;17/08/2026;Proposta
003979;Empresa 3979 Ltda.;Salvador;Ana Ribeiro;R$ 370.775,19;50%;18/08/2026;Diagnóstico
003980;Empresa 3980 Ltda.;Curitiba;Hugo Prado;R$ 150.727,66;75%;19/08/2026;Qualificação
003981;Empresa 3981 Ltda.;Salvador;Ana Ribeiro;R$ 408.127,24;90%;20/08/2026;Qualificação
003982;Empresa 3982 Ltda.;Porto Alegre;Felipe Andrade;R$ 150.375,58;75%;21/08/2026;Perdido
003983;Empresa 3983 Ltda.;Florianópolis;Diego Fontes;R$ 124.939,59;10%;22/08/2026;Qualificação
003984;Empresa 3984 Ltda.;Belo Horizonte;Hugo Prado;R$ 104.194,11;50%;23/08/2026;Proposta
003985;Empresa 3985 Ltda.;São Paulo;Diego Fontes;R$ 228.426,41;75%;24/08/2026;Perdido
003986;Empresa 3986 Ltda.;São Paulo;Elisa Moura;R$ 290.964,74;90%;25/08/2026;Negociação
003987;Empresa 3987 Ltda.;Goiânia;Ana Ribeiro;R$ 237.025,41;10%;26/08/2026;Diagnóstico
003988;Empresa 3988 Ltda.;Recife;Carla Menezes;R$ 372.288,02;75%;27/08/2026;Qualificação
003989;Empresa 3989 Ltda.;Porto Alegre;Carla Menezes;R$ 30.324,11;90%;28/08/2026;Qualificação
003990;Empresa 3990 Ltda.;Belo Horizonte;Felipe Andrade;R$ 320.434,48;75%;29/08/2026;Negociação
003991;Empresa 3991 Ltda.;Belo Horizonte;Gabriela Lins;R$ 405.092,76;10%;30/08/2026;Perdido
003992;Empresa 3992 Ltda.;Salvador;Ana Ribeiro;R$ 255.023,30;90%;31/08/2026;Perdido
003993;Empresa 3993 Ltda.;Belo Horizonte;Diego Fontes;R$ 377.779,99;10%;01/09/2026;Qualificação
003994;Empresa 3994 Ltda.;Porto Alegre;Elisa Moura;R$ 258.117,99;50%;02/09/2026;Ganho
003995;Empresa 3995 Ltda.;Florianópolis;Felipe Andrade;R$ 94.854,42;75%;03/09/2026;Qualificação
003996;Empresa 3996 Ltda.;Salvador;Gabriela Lins;R$ 144.829,10;25%;04/09/2026;Proposta
003997;Empresa 3997 Ltda.;Belo Horizonte;Carla Menezes;R$ 79.948,81;50%;05/09/2026;Qualificação
003998;Empresa 3998 Ltda.;Porto Alegre;Hugo Prado;R$ 319.369,05;90%;06/09/2026;Diagnóstico
003999;Empresa 3999 Ltda.;Salvador;Felipe Andrade;R$ 229.151,10;50%;07/09/2026;Qualificação
004000;Empresa 4000 Ltda.;Florianópolis;Felipe Andrade;R$ 410.976,32;90%;08/09/2026;Proposta
004001;Empresa 4001 Ltda.;Curitiba;Felipe Andrade;R$ 282.497,48;90%;02/01/2026;Diagnóstico
004002;Empresa 4002 Ltda.;Goiânia;Diego Fontes;R$ 358.414,11;90%;03/01/2026;Diagnóstico
004003;Empresa 4003 Ltda.;Recife;Bruno Takahashi;R$ 423.529,72;75%;04/01/2026;Qualificação
004004;Empresa 4004 Ltda.;São Paulo;Ana Ribeiro;R$ 269.399,84;10%;05/01/2026;Perdido
004005;Empresa 4005 Ltda.;Belo Horizonte;Elisa Moura;R$ 167.198,73;10%;06/01/2026;Diagnóstico
004006;Empresa 4006 Ltda.;Curitiba;Felipe Andrade;R$ 341.192,49;25%;07/01/2026;Diagnóstico
004007;Empresa 4007 Ltda.;Belo Horizonte;Felipe Andrade;R$ 477.881,21;90%;08/01/2026;Proposta
004008;Empresa 4008 Ltda.;Porto Alegre;Gabriela Lins;R$ 289.881,18;25%;09/01/2026;Ganho
004009;Empresa 4009 Ltda.;São Paulo;Felipe Andrade;R$ 328.147,96;50%;10/01/2026;Proposta
004010;Empresa 4010 Ltda.;Porto Alegre;Elisa Moura;R$ 187.554,85;50%;11/01/2026;Qualificação
004011;Empresa 4011 Ltda.;São Paulo;Gabriela Lins;R$ 212.484,83;75%;12/01/2026;Ganho
004012;Empresa 4012 Ltda.;Florianópolis;Bruno Takahashi;R$ 202.768,23;10%;13/01/2026;Qualificação
004013;Empresa 4013 Ltda.;Florianópolis;Elisa Moura;R$ 115.155,21;75%;14/01/2026;Diagnóstico
004014;Empresa 4014 Ltda.;Goiânia;Ana Ribeiro;R$ 40.227,32;75%;15/01/2026;Qualificação
004015;Empresa 4015 Ltda.;Florianópolis;Felipe Andrade;R$ 48.694,18;90%;16/01/2026;Qualificação
004016;Empresa 4016 Ltda.;Florianópolis;Carla Menezes;R$ 105.885,23;90%;17/01/2026;Perdido
004017;Empresa 4017 Ltda.;Curitiba;Ana Ribeiro;R$ 170.897,50;50%;18/01/2026;Proposta
004018;Empresa 4018 Ltda.;Curitiba;Hugo Prado;R$ 283.123,98;75%;19/01/2026;Ganho
004019;Empresa 4019 Ltda.;Curitiba;Diego Fontes;R$ 228.256,83;10%;20/01/2026;Perdido
004020;Empresa 4020 Ltda.;Belo Horizonte;Elisa Moura;R$ 399.946,25;50%;21/01/2026;Qualificação
004021;Empresa 4021 Ltda.;Belo Horizonte;Hugo Prado;R$ 188.871,83;75%;22/01/2026;Proposta
004022;Empresa 4022 Ltda.;Porto Alegre;Hugo Prado;R$ 439.654,89;25%;23/01/2026;Diagnóstico
004023;Empresa 4023 Ltda.;Recife;Gabriela Lins;R$ 272.063,00;10%;24/01/2026;Qualificação
004024;Empresa 4024 Ltda.;Curitiba;Carla Menezes;R$ 97.848,33;90%;25/01/2026;Perdido
004025;Empresa 4025 Ltda.;Recife;Hugo Prado;R$ 188.046,48;90%;26/01/2026;Diagnóstico
004026;Empresa 4026 Ltda.;Recife;Gabriela Lins;R$ 195.386,11;50%;27/01/2026;Qualificação
004027;Empresa 4027 Ltda.;Belo Horizonte;Elisa Moura;R$ 458.268,51;10%;28/01/2026;Proposta
004028;Empresa 4028 Ltda.;Goiânia;Felipe Andrade;R$ 107.479,72;75%;29/01/2026;Proposta
004029;Empresa 4029 Ltda.;Goiânia;Gabriela Lins;R$ 353.566,63;90%;30/01/2026;Ganho
004030;Empresa 4030 Ltda.;Recife;Ana Ribeiro;R$ 128.999,11;25%;31/01/2026;Qualificação
004031;Empresa 4031 Ltda.;Florianópolis;Ana Ribeiro;R$ 86.549,56;25%;01/02/2026;Negociação
004032;Empresa 4032 Ltda.;Florianópolis;Hugo Prado;R$ 376.134,83;75%;02/02/2026;Qualificação
004033;Empresa 4033 Ltda.;São Paulo;Diego Fontes;R$ 375.218,01;90%;03/02/2026;Ganho
004034;Empresa 4034 Ltda.;Porto Alegre;Ana Ribeiro;R$ 459.002,45;25%;04/02/2026;Perdido
004035;Empresa 4035 Ltda.;Florianópolis;Carla Menezes;R$ 362.611,91;75%;05/02/2026;Proposta
004036;Empresa 4036 Ltda.;Salvador;Bruno Takahashi;R$ 356.690,15;10%;06/02/2026;Diagnóstico
004037;Empresa 4037 Ltda.;Curitiba;Bruno Takahashi;R$ 196.349,18;25%;07/02/2026;Qualificação
004038;Empresa 4038 Ltda.;Goiânia;Hugo Prado;R$ 37.567,84;25%;08/02/2026;Diagnóstico
004039;Empresa 4039 Ltda.;Porto Alegre;Bruno Takahashi;R$ 196.757,81;50%;09/02/2026;Ganho
004040;Empresa 4040 Ltda.;São Paulo;Gabriela Lins;R$ 120.832,77;10%;10/02/2026;Diagnóstico
004041;Empresa 4041 Ltda.;Goiânia;Carla Menezes;R$ 66.231,78;90%;11/02/2026;Qualificação
004042;Empresa 4042 Ltda.;Florianópolis;Carla Menezes;R$ 31.403,02;75%;12/02/2026;Ganho
004043;Empresa 4043 Ltda.;Goiânia;Elisa Moura;R$ 18.921,63;50%;13/02/2026;Proposta
004044;Empresa 4044 Ltda.;Porto Alegre;Felipe Andrade;R$ 405.322,23;10%;14/02/2026;Proposta
004045;Empresa 4045 Ltda.;Belo Horizonte;Felipe Andrade;R$ 299.466,75;75%;15/02/2026;Perdido
004046;Empresa 4046 Ltda.;Salvador;Elisa Moura;R$ 354.122,91;50%;16/02/2026;Qualificação
004047;Empresa 4047 Ltda.;Belo Horizonte;Diego Fontes;R$ 98.103,29;10%;17/02/2026;Ganho
004048;Empresa 4048 Ltda.;São Paulo;Hugo Prado;R$ 136.386,18;25%;18/02/2026;Proposta
004049;Empresa 4049 Ltda.;Porto Alegre;Gabriela Lins;R$ 394.673,34;75%;19/02/2026;Qualificação
004050;Empresa 4050 Ltda.;Goiânia;Diego Fontes;R$ 231.987,44;25%;20/02/2026;Diagnóstico
004051;Empresa 4051 Ltda.;São Paulo;Diego Fontes;R$ 204.103,11;50%;21/02/2026;Diagnóstico
004052;Empresa 4052 Ltda.;Recife;Hugo Prado;R$ 330.103,44;10%;22/02/2026;Perdido
004053;Empresa 4053 Ltda.;Belo Horizonte;Ana Ribeiro;R$ 367.791,74;75%;23/02/2026;Negociação
004054;Empresa 4054 Ltda.;Belo Horizonte;Hugo Prado;R$ 292.672,33;10%;24/02/2026;Perdido
004055;Empresa 4055 Ltda.;Curitiba;Hugo Prado;R$ 188.138,24;10%;25/02/2026;Perdido
004056;Empresa 4056 Ltda.;Curitiba;Elisa Moura;R$ 46.987,90;25%;26/02/2026;Perdido
004057;Empresa 4057 Ltda.;Porto Alegre;Elisa Moura;R$ 302.232,12;25%;27/02/2026;Ganho
004058;Empresa 4058 Ltda.;Salvador;Hugo Prado;R$ 279.657,14;50%;28/02/2026;Qualificação
004059;Empresa 4059 Ltda.;Curitiba;Carla Menezes;R$ 130.013,69;90%;01/03/2026;Qualificação
004060;Empresa 4060 Ltda.;Goiânia;Carla Menezes;R$ 84.101,40;10%;02/03/2026;Perdido
004061;Empresa 4061 Ltda.;Salvador;Elisa Moura;R$ 431.554,78;75%;03/03/2026;Qualificação
004062;Empresa 4062 Ltda.;São Paulo;Diego Fontes;R$ 467.211,19;75%;04/03/2026;Qualificação
004063;Empresa 4063 Ltda.;Goiânia;Felipe Andrade;R$ 318.104,27;50%;05/03/2026;Negociação
004064;Empresa 4064 Ltda.;Curitiba;Carla Menezes;R$ 35.913,65;50%;06/03/2026;Perdido
004065;Empresa 4065 Ltda.;Goiânia;Ana Ribeiro;R$ 277.315,21;75%;07/03/2026;Proposta
004066;Empresa 4066 Ltda.;São Paulo;Gabriela Lins;R$ 32.437,84;75%;08/03/2026;Diagnóstico
004067;Empresa 4067 Ltda.;Goiânia;Diego Fontes;R$ 157.531,64;10%;09/03/2026;Qualificação
004068;Empresa 4068 Ltda.;Goiânia;Bruno Takahashi;R$ 23.390,57;90%;10/03/2026;Negociação
004069;Empresa 4069 Ltda.;Belo Horizonte;Ana Ribeiro;R$ 154.558,64;75%;11/03/2026;Proposta
004070;Empresa 4070 Ltda.;Florianópolis;Elisa Moura;R$ 458.744,13;10%;12/03/2026;Proposta
004071;Empresa 4071 Ltda.;Goiânia;Ana Ribeiro;R$ 152.679,77;50%;13/03/2026;Proposta
004072;Empresa 4072 Ltda.;Florianópolis;Diego Fontes;R$ 48.392,36;50%;14/03/2026;Proposta
004073;Empresa 4073 Ltda.;Recife;Carla Menezes;R$ 401.388,73;10%;15/03/2026;Negociação
004074;Empresa 4074 Ltda.;Curitiba;Bruno Takahashi;R$ 444.414,93;75%;16/03/2026;Perdido
004075;Empresa 4075 Ltda.;Curitiba;Carla Menezes;R$ 272.893,95;25%;17/03/2026;Diagnóstico
004076;Empresa 4076 Ltda.;Recife;Gabriela Lins;R$ 124.847,45;90%;18/03/2026;Perdido
004077;Empresa 4077 Ltda.;Goiânia;Hugo Prado;R$ 44.432,76;50%;19/03/2026;Negociação
004078;Empresa 4078 Ltda.;Goiânia;Felipe Andrade;R$ 465.771,60;75%;20/03/2026;Diagnóstico
004079;Empresa 4079 Ltda.;Recife;Bruno Takahashi;R$ 244.748,62;75%;21/03/2026;Qualificação
004080;Empresa 4080 Ltda.;Porto Alegre;Gabriela Lins;R$ 298.434,85;50%;22/03/2026;Diagnóstico
004081;Empresa 4081 Ltda.;São Paulo;Diego Fontes;R$ 205.558,36;90%;23/03/2026;Ganho
004082;Empresa 4082 Ltda.;Belo Horizonte;Diego Fontes;R$ 206.150,69;50%;24/03/2026;Perdido
004083;Empresa 4083 Ltda.;Porto Alegre;Bruno Takahashi;R$ 204.716,71;75%;25/03/2026;Perdido
004084;Empresa 4084 Ltda.;Recife;Bruno Takahashi;R$ 313.751,34;90%;26/03/2026;Negociação
004085;Empresa 4085 Ltda.;Salvador;Carla Menezes;R$ 197.924,67;25%;27/03/2026;Proposta
004086;Empresa 4086 Ltda.;São Paulo;Felipe Andrade;R$ 294.563,13;75%;28/03/2026;Negociação
004087;Empresa 4087 Ltda.;Belo Horizonte;Carla Menezes;R$ 312.413,26;90%;29/03/2026;Qualificação
004088;Empresa 4088 Ltda.;Salvador;Gabriela Lins;R$ 419.781,36;25%;30/03/2026;Proposta
004089;Empresa 4089 Ltda.;Goiânia;Hugo Prado;R$ 232.560,76;75%;31/03/2026;Diagnóstico
004090;Empresa 4090 Ltda.;Salvador;Felipe Andrade;R$ 367.257,98;50%;01/04/2026;Diagnóstico
004091;Empresa 4091 Ltda.;Curitiba;Ana Ribeiro;R$ 287.170,10;90%;02/04/2026;Diagnóstico
004092;Empresa 4092 Ltda.;Curitiba;Elisa Moura;R$ 317.028,34;25%;03/04/2026;Proposta
004093;Empresa 4093 Ltda.;Curitiba;Hugo Prado;R$ 58.571,44;10%;04/04/2026;Ganho
004094;Empresa 4094 Ltda.;São Paulo;Carla Menezes;R$ 319.943,82;75%;05/04/2026;Qualificação
004095;Empresa 4095 Ltda.;Porto Alegre;Diego Fontes;R$ 8.794,29;90%;06/04/2026;Negociação
004096;Empresa 4096 Ltda.;Porto Alegre;Bruno Takahashi;R$ 360.257,21;50%;07/04/2026;Qualificação
004097;Empresa 4097 Ltda.;Florianópolis;Elisa Moura;R$ 479.012,95;50%;08/04/2026;Perdido
004098;Empresa 4098 Ltda.;Belo Horizonte;Gabriela Lins;R$ 319.179,08;75%;09/04/2026;Perdido
004099;Empresa 4099 Ltda.;São Paulo;Felipe Andrade;R$ 283.320,31;25%;10/04/2026;Qualificação
004100;Empresa 4100 Ltda.;Goiânia;Hugo Prado;R$ 177.424,70;75%;11/04/2026;Ganho
004101;Empresa 4101 Ltda.;Belo Horizonte;Diego Fontes;R$ 414.297,73;75%;12/04/2026;Proposta
004102;Empresa 4102 Ltda.;Florianópolis;Bruno Takahashi;R$ 370.838,54;75%;13/04/2026;Perdido
004103;Empresa 4103 Ltda.;São Paulo;Carla Menezes;R$ 334.064,82;90%;14/04/2026;Ganho
004104;Empresa 4104 Ltda.;Porto Alegre;Carla Menezes;R$ 445.091,95;75%;15/04/2026;Qualificação
004105;Empresa 4105 Ltda.;Recife;Ana Ribeiro;R$ 17.964,06;25%;16/04/2026;Ganho
004106;Empresa 4106 Ltda.;Florianópolis;Elisa Moura;R$ 343.915,42;90%;17/04/2026;Proposta
004107;Empresa 4107 Ltda.;Curitiba;Carla Menezes;R$ 266.128,70;10%;18/04/2026;Proposta
004108;Empresa 4108 Ltda.;São Paulo;Ana Ribeiro;R$ 156.205,38;50%;19/04/2026;Qualificação
004109;Empresa 4109 Ltda.;Florianópolis;Ana Ribeiro;R$ 454.766,35;10%;20/04/2026;Qualificação
004110;Empresa 4110 Ltda.;Goiânia;Gabriela Lins;R$ 470.503,93;10%;21/04/2026;Proposta
004111;Empresa 4111 Ltda.;São Paulo;Gabriela Lins;R$ 350.154,74;90%;22/04/2026;Perdido
004112;Empresa 4112 Ltda.;São Paulo;Diego Fontes;R$ 314.333,58;25%;23/04/2026;Negociação
004113;Empresa 4113 Ltda.;Porto Alegre;Diego Fontes;R$ 172.852,18;90%;24/04/2026;Ganho
004114;Empresa 4114 Ltda.;Florianópolis;Elisa Moura;R$ 244.294,19;25%;25/04/2026;Negociação
004115;Empresa 4115 Ltda.;Salvador;Diego Fontes;R$ 356.799,47;10%;26/04/2026;Qualificação
004116;Empresa 4116 Ltda.;Porto Alegre;Elisa Moura;R$ 138.312,81;50%;27/04/2026;Proposta
004117;Empresa 4117 Ltda.;Belo Horizonte;Carla Menezes;R$ 116.609,50;50%;28/04/2026;Perdido
004118;Empresa 4118 Ltda.;Salvador;Elisa Moura;R$ 184.840,00;75%;29/04/2026;Diagnóstico
004119;Empresa 4119 Ltda.;Goiânia;Bruno Takahashi;R$ 210.208,25;25%;30/04/2026;Diagnóstico
004120;Empresa 4120 Ltda.;Porto Alegre;Hugo Prado;R$ 35.279,20;25%;01/05/2026;Perdido
004121;Empresa 4121 Ltda.;Goiânia;Felipe Andrade;R$ 351.937,76;25%;02/05/2026;Proposta
004122;Empresa 4122 Ltda.;Belo Horizonte;Felipe Andrade;R$ 286.787,39;10%;03/05/2026;Proposta
004123;Empresa 4123 Ltda.;Salvador;Ana Ribeiro;R$ 287.488,33;10%;04/05/2026;Diagnóstico
004124;Empresa 4124 Ltda.;Florianópolis;Bruno Takahashi;R$ 138.698,51;90%;05/05/2026;Qualificação
004125;Empresa 4125 Ltda.;Recife;Bruno Takahashi;R$ 124.671,97;50%;06/05/2026;Proposta
004126;Empresa 4126 Ltda.;Florianópolis;Carla Menezes;R$ 129.197,48;90%;07/05/2026;Proposta
004127;Empresa 4127 Ltda.;Porto Alegre;Elisa Moura;R$ 358.188,10;90%;08/05/2026;Perdido
004128;Empresa 4128 Ltda.;Belo Horizonte;Carla Menezes;R$ 254.248,76;90%;09/05/2026;Proposta
004129;Empresa 4129 Ltda.;Curitiba;Carla Menezes;R$ 472.218,12;10%;10/05/2026;Ganho
004130;Empresa 4130 Ltda.;Salvador;Diego Fontes;R$ 104.721,04;50%;11/05/2026;Proposta
004131;Empresa 4131 Ltda.;Goiânia;Bruno Takahashi;R$ 369.097,01;50%;12/05/2026;Ganho
004132;Empresa 4132 Ltda.;Recife;Elisa Moura;R$ 146.166,13;10%;13/05/2026;Negociação
004133;Empresa 4133 Ltda.;São Paulo;Elisa Moura;R$ 476.150,33;25%;14/05/2026;Proposta
004134;Empresa 4134 Ltda.;São Paulo;Elisa Moura;R$ 53.711,35;75%;15/05/2026;Ganho
004135;Empresa 4135 Ltda.;Goiânia;Carla Menezes;R$ 171.987,25;50%;16/05/2026;Proposta
004136;Empresa 4136 Ltda.;Belo Horizonte;Hugo Prado;R$ 339.764,93;90%;17/05/2026;Perdido
004137;Empresa 4137 Ltda.;Belo Horizonte;Carla Menezes;R$ 287.283,74;90%;18/05/2026;Qualificação
004138;Empresa 4138 Ltda.;São Paulo;Bruno Takahashi;R$ 75.844,99;90%;19/05/2026;Negociação
004139;Empresa 4139 Ltda.;Salvador;Carla Menezes;R$ 398.246,71;90%;20/05/2026;Ganho
004140;Empresa 4140 Ltda.;Florianópolis;Carla Menezes;R$ 30.987,79;10%;21/05/2026;Proposta
004141;Empresa 4141 Ltda.;Recife;Diego Fontes;R$ 63.541,56;50%;22/05/2026;Ganho
004142;Empresa 4142 Ltda.;Goiânia;Carla Menezes;R$ 408.226,40;25%;23/05/2026;Qualificação
004143;Empresa 4143 Ltda.;Porto Alegre;Hugo Prado;R$ 92.242,03;25%;24/05/2026;Proposta
004144;Empresa 4144 Ltda.;Porto Alegre;Bruno Takahashi;R$ 44.790,29;90%;25/05/2026;Perdido
004145;Empresa 4145 Ltda.;Recife;Carla Menezes;R$ 314.382,24;50%;26/05/2026;Ganho
004146;Empresa 4146 Ltda.;Porto Alegre;Bruno Takahashi;R$ 68.178,08;90%;27/05/2026;Perdido
004147;Empresa 4147 Ltda.;Goiânia;Felipe Andrade;R$ 244.506,03;50%;28/05/2026;Proposta
004148;Empresa 4148 Ltda.;Florianópolis;Felipe Andrade;R$ 187.651,70;25%;29/05/2026;Negociação
004149;Empresa 4149 Ltda.;Salvador;Gabriela Lins;R$ 384.628,60;50%;30/05/2026;Negociação
004150;Empresa 4150 Ltda.;Porto Alegre;Ana Ribeiro;R$ 445.272,33;75%;31/05/2026;Diagnóstico
004151;Empresa 4151 Ltda.;Belo Horizonte;Diego Fontes;R$ 409.743,96;50%;01/06/2026;Qualificação
004152;Empresa 4152 Ltda.;Porto Alegre;Hugo Prado;R$ 158.099,29;50%;02/06/2026;Qualificação
004153;Empresa 4153 Ltda.;Belo Horizonte;Felipe Andrade;R$ 62.200,44;25%;03/06/2026;Proposta
004154;Empresa 4154 Ltda.;Florianópolis;Ana Ribeiro;R$ 72.513,32;75%;04/06/2026;Diagnóstico
004155;Empresa 4155 Ltda.;Belo Horizonte;Ana Ribeiro;R$ 377.147,28;90%;05/06/2026;Negociação
004156;Empresa 4156 Ltda.;Recife;Carla Menezes;R$ 142.301,52;50%;06/06/2026;Proposta
004157;Empresa 4157 Ltda.;Recife;Gabriela Lins;R$ 80.751,79;10%;07/06/2026;Negociação
004158;Empresa 4158 Ltda.;Porto Alegre;Carla Menezes;R$ 142.766,49;75%;08/06/2026;Proposta
004159;Empresa 4159 Ltda.;Recife;Carla Menezes;R$ 16.268,78;10%;09/06/2026;Proposta
004160;Empresa 4160 Ltda.;Belo Horizonte;Bruno Takahashi;R$ 181.462,56;50%;10/06/2026;Proposta
004161;Empresa 4161 Ltda.;Florianópolis;Hugo Prado;R$ 30.211,38;10%;11/06/2026;Diagnóstico
004162;Empresa 4162 Ltda.;Porto Alegre;Gabriela Lins;R$ 464.987,58;75%;12/06/2026;Negociação
004163;Empresa 4163 Ltda.;Goiânia;Gabriela Lins;R$ 176.767,98;75%;13/06/2026;Negociação
004164;Empresa 4164 Ltda.;Recife;Hugo Prado;R$ 245.303,67;90%;14/06/2026;Proposta
004165;Empresa 4165 Ltda.;Porto Alegre;Bruno Takahashi;R$ 271.412,04;25%;15/06/2026;Negociação
004166;Empresa 4166 Ltda.;Goiânia;Diego Fontes;R$ 287.727,42;50%;16/06/2026;Proposta
004167;Empresa 4167 Ltda.;Salvador;Ana Ribeiro;R$ 220.638,51;50%;17/06/2026;Qualificação
004168;Empresa 4168 Ltda.;Porto Alegre;Elisa Moura;R$ 431.980,80;50%;18/06/2026;Perdido
004169;Empresa 4169 Ltda.;Curitiba;Bruno Takahashi;R$ 73.235,04;25%;19/06/2026;Perdido
004170;Empresa 4170 Ltda.;Salvador;Ana Ribeiro;R$ 169.433,43;50%;20/06/2026;Perdido
004171;Empresa 4171 Ltda.;São Paulo;Felipe Andrade;R$ 327.921,61;25%;21/06/2026;Qualificação
004172;Empresa 4172 Ltda.;São Paulo;Felipe Andrade;R$ 265.877,93;25%;22/06/2026;Proposta
004173;Empresa 4173 Ltda.;Florianópolis;Elisa Moura;R$ 219.782,55;10%;23/06/2026;Ganho
004174;Empresa 4174 Ltda.;Florianópolis;Hugo Prado;R$ 441.271,98;50%;24/06/2026;Ganho
004175;Empresa 4175 Ltda.;Curitiba;Ana Ribeiro;R$ 459.731,01;50%;25/06/2026;Proposta
004176;Empresa 4176 Ltda.;São Paulo;Ana Ribeiro;R$ 326.506,98;10%;26/06/2026;Diagnóstico
004177;Empresa 4177 Ltda.;Goiânia;Carla Menezes;R$ 75.398,81;75%;27/06/2026;Qualificação
004178;Empresa 4178 Ltda.;Curitiba;Elisa Moura;R$ 378.506,64;25%;28/06/2026;Diagnóstico
004179;Empresa 4179 Ltda.;Porto Alegre;Gabriela Lins;R$ 339.500,03;75%;29/06/2026;Ganho
004180;Empresa 4180 Ltda.;São Paulo;Diego Fontes;R$ 201.431,42;90%;30/06/2026;Ganho
004181;Empresa 4181 Ltda.;Belo Horizonte;Felipe Andrade;R$ 90.278,92;90%;01/07/2026;Perdido
004182;Empresa 4182 Ltda.;Recife;Ana Ribeiro;R$ 293.824,03;50%;02/07/2026;Ganho
004183;Empresa 4183 Ltda.;Belo Horizonte;Gabriela Lins;R$ 417.791,03;75%;03/07/2026;Qualificação
004184;Empresa 4184 Ltda.;Salvador;Diego Fontes;R$ 159.323,84;75%;04/07/2026;Diagnóstico
004185;Empresa 4185 Ltda.;Porto Alegre;Diego Fontes;R$ 55.772,20;10%;05/07/2026;Proposta
004186;Empresa 4186 Ltda.;Curitiba;Felipe Andrade;R$ 102.055,69;10%;06/07/2026;Qualificação
004187;Empresa 4187 Ltda.;Porto Alegre;Diego Fontes;R$ 345.363,10;75%;07/07/2026;Ganho
004188;Empresa 4188 Ltda.;Salvador;Gabriela Lins;R$ 150.826,71;25%;08/07/2026;Ganho
004189;Empresa 4189 Ltda.;Porto Alegre;Ana Ribeiro;R$ 390.323,55;75%;09/07/2026;Diagnóstico
004190;Empresa 4190 Ltda.;Porto Alegre;Felipe Andrade;R$ 437.188,45;50%;10/07/2026;Proposta
004191;Empresa 4191 Ltda.;Recife;Felipe Andrade;R$ 224.565,23;10%;11/07/2026;Negociação
004192;Empresa 4192 Ltda.;Porto Alegre;Elisa Moura;R$ 375.682,49;90%;12/07/2026;Perdido
004193;Empresa 4193 Ltda.;São Paulo;Hugo Prado;R$ 54.045,61;50%;13/07/2026;Diagnóstico
004194;Empresa 4194 Ltda.;Goiânia;Ana Ribeiro;R$ 414.099,21;75%;14/07/2026;Diagnóstico
004195;Empresa 4195 Ltda.;Curitiba;Gabriela Lins;R$ 178.221,86;75%;15/07/2026;Ganho
004196;Empresa 4196 Ltda.;Belo Horizonte;Hugo Prado;R$ 104.754,43;50%;16/07/2026;Perdido
004197;Empresa 4197 Ltda.;Goiânia;Bruno Takahashi;R$ 334.733,49;10%;17/07/2026;Proposta
004198;Empresa 4198 Ltda.;São Paulo;Bruno Takahashi;R$ 295.948,75;50%;18/07/2026;Negociação
004199;Empresa 4199 Ltda.;São Paulo;Bruno Takahashi;R$ 349.189,44;75%;19/07/2026;Negociação
004200;Empresa 4200 Ltda.;Recife;Bruno Takahashi;R$ 114.900,08;50%;20/07/2026;Negociação
004201;Empresa 4201 Ltda.;Goiânia;Felipe Andrade;R$ 173.527,79;75%;21/07/2026;Ganho
004202;Empresa 4202 Ltda.;Curitiba;Diego Fontes;R$ 79.313,93;75%;22/07/2026;Ganho
004203;Empresa 4203 Ltda.;Florianópolis;Elisa Moura;R$ 77.724,20;25%;23/07/2026;Ganho
004204;Empresa 4204 Ltda.;Goiânia;Ana Ribeiro;R$ 300.654,64;50%;24/07/2026;Proposta
004205;Empresa 4205 Ltda.;Recife;Bruno Takahashi;R$ 281.355,87;25%;25/07/2026;Qualificação
004206;Empresa 4206 Ltda.;Florianópolis;Hugo Prado;R$ 192.669,19;50%;26/07/2026;Negociação
004207;Empresa 4207 Ltda.;São Paulo;Gabriela Lins;R$ 111.385,91;75%;27/07/2026;Proposta
004208;Empresa 4208 Ltda.;Florianópolis;Gabriela Lins;R$ 268.030,06;10%;28/07/2026;Negociação
004209;Empresa 4209 Ltda.;Belo Horizonte;Bruno Takahashi;R$ 477.601,37;25%;29/07/2026;Negociação
004210;Empresa 4210 Ltda.;Recife;Bruno Takahashi;R$ 126.348,56;25%;30/07/2026;Perdido
004211;Empresa 4211 Ltda.;Goiânia;Bruno Takahashi;R$ 197.261,79;90%;31/07/2026;Proposta
004212;Empresa 4212 Ltda.;São Paulo;Diego Fontes;R$ 396.055,87;75%;01/08/2026;Proposta
004213;Empresa 4213 Ltda.;São Paulo;Hugo Prado;R$ 373.372,79;25%;02/08/2026;Perdido
004214;Empresa 4214 Ltda.;Salvador;Diego Fontes;R$ 317.422,88;75%;03/08/2026;Perdido
004215;Empresa 4215 Ltda.;Belo Horizonte;Felipe Andrade;R$ 93.826,57;10%;04/08/2026;Proposta
004216;Empresa 4216 Ltda.;Belo Horizonte;Ana Ribeiro;R$ 319.245,67;10%;05/08/2026;Negociação
004217;Empresa 4217 Ltda.;Curitiba;Diego Fontes;R$ 414.601,02;10%;06/08/2026;Proposta
004218;Empresa 4218 Ltda.;São Paulo;Bruno Takahashi;R$ 329.679,24;50%;07/08/2026;Diagnóstico
004219;Empresa 4219 Ltda.;Belo Horizonte;Diego Fontes;R$ 423.883,71;90%;08/08/2026;Negociação
004220;Empresa 4220 Ltda.;São Paulo;Felipe Andrade;R$ 407.985,55;50%;09/08/2026;Proposta
004221;Empresa 4221 Ltda.;Belo Horizonte;Elisa Moura;R$ 38.930,61;90%;10/08/2026;Diagnóstico
004222;Empresa 4222 Ltda.;Goiânia;Gabriela Lins;R$ 333.526,78;75%;11/08/2026;Perdido
004223;Empresa 4223 Ltda.;Porto Alegre;Carla Menezes;R$ 18.205,36;75%;12/08/2026;Negociação
004224;Empresa 4224 Ltda.;Recife;Bruno Takahashi;R$ 205.926,59;75%;13/08/2026;Diagnóstico
004225;Empresa 4225 Ltda.;Belo Horizonte;Felipe Andrade;R$ 386.957,18;90%;14/08/2026;Ganho
004226;Empresa 4226 Ltda.;Belo Horizonte;Bruno Takahashi;R$ 174.596,48;10%;15/08/2026;Perdido
004227;Empresa 4227 Ltda.;Porto Alegre;Ana Ribeiro;R$ 301.921,98;50%;16/08/2026;Qualificação
004228;Empresa 4228 Ltda.;Curitiba;Ana Ribeiro;R$ 313.265,84;90%;17/08/2026;Ganho
004229;Empresa 4229 Ltda.;Porto Alegre;Felipe Andrade;R$ 230.503,02;90%;18/08/2026;Ganho
004230;Empresa 4230 Ltda.;Porto Alegre;Gabriela Lins;R$ 148.665,06;10%;19/08/2026;Negociação
004231;Empresa 4231 Ltda.;Curitiba;Carla Menezes;R$ 470.279,21;25%;20/08/2026;Negociação
004232;Empresa 4232 Ltda.;Florianópolis;Ana Ribeiro;R$ 254.730,94;90%;21/08/2026;Ganho
004233;Empresa 4233 Ltda.;Belo Horizonte;Gabriela Lins;R$ 83.957,04;25%;22/08/2026;Diagnóstico
004234;Empresa 4234 Ltda.;Salvador;Ana Ribeiro;R$ 119.531,05;25%;23/08/2026;Ganho
004235;Empresa 4235 Ltda.;Curitiba;Felipe Andrade;R$ 442.602,24;10%;24/08/2026;Ganho
004236;Empresa 4236 Ltda.;Salvador;Hugo Prado;R$ 424.963,25;10%;25/08/2026;Qualificação
004237;Empresa 4237 Ltda.;Recife;Hugo Prado;R$ 379.258,10;50%;26/08/2026;Proposta
004238;Empresa 4238 Ltda.;São Paulo;Gabriela Lins;R$ 406.438,48;50%;27/08/2026;Proposta
004239;Empresa 4239 Ltda.;Florianópolis;Carla Menezes;R$ 328.627,08;10%;28/08/2026;Perdido
004240;Empresa 4240 Ltda.;Porto Alegre;Elisa Moura;R$ 185.199,60;50%;29/08/2026;Proposta
004241;Empresa 4241 Ltda.;Belo Horizonte;Elisa Moura;R$ 260.278,86;90%;30/08/2026;Negociação
004242;Empresa 4242 Ltda.;Goiânia;Diego Fontes;R$ 111.932,37;75%;31/08/2026;Qualificação
004243;Empresa 4243 Ltda.;Porto Alegre;Diego Fontes;R$ 150.351,75;75%;01/09/2026;Diagnóstico
004244;Empresa 4244 Ltda.;Salvador;Felipe Andrade;R$ 222.916,87;50%;02/09/2026;Diagnóstico
004245;Empresa 4245 Ltda.;Porto Alegre;Elisa Moura;R$ 360.876,67;25%;03/09/2026;Perdido
004246;Empresa 4246 Ltda.;Salvador;Ana Ribeiro;R$ 163.671,71;10%;04/09/2026;Qualificação
004247;Empresa 4247 Ltda.;Porto Alegre;Carla Menezes;R$ 29.963,37;50%;05/09/2026;Perdido
004248;Empresa 4248 Ltda.;Porto Alegre;Gabriela Lins;R$ 474.667,06;75%;06/09/2026;Diagnóstico
004249;Empresa 4249 Ltda.;São Paulo;Hugo Prado;R$ 103.168,67;25%;07/09/2026;Proposta
004250;Empresa 4250 Ltda.;Recife;Diego Fontes;R$ 90.068,84;10%;08/09/2026;Negociação
004251;Empresa 4251 Ltda.;Belo Horizonte;Ana Ribeiro;R$ 458.998,05;25%;02/01/2026;Negociação
004252;Empresa 4252 Ltda.;Goiânia;Diego Fontes;R$ 59.160,16;90%;03/01/2026;Diagnóstico
004253;Empresa 4253 Ltda.;Goiânia;Ana Ribeiro;R$ 111.611,31;50%;04/01/2026;Negociação
004254;Empresa 4254 Ltda.;Florianópolis;Elisa Moura;R$ 395.595,42;50%;05/01/2026;Qualificação
004255;Empresa 4255 Ltda.;Porto Alegre;Ana Ribeiro;R$ 445.300,27;90%;06/01/2026;Qualificação
004256;Empresa 4256 Ltda.;Recife;Diego Fontes;R$ 211.647,74;10%;07/01/2026;Ganho
004257;Empresa 4257 Ltda.;Salvador;Felipe Andrade;R$ 239.694,25;90%;08/01/2026;Ganho
004258;Empresa 4258 Ltda.;Porto Alegre;Bruno Takahashi;R$ 228.272,43;25%;09/01/2026;Qualificação
004259;Empresa 4259 Ltda.;São Paulo;Bruno Takahashi;R$ 177.247,51;75%;10/01/2026;Negociação
004260;Empresa 4260 Ltda.;Goiânia;Carla Menezes;R$ 21.193,01;50%;11/01/2026;Proposta
004261;Empresa 4261 Ltda.;Florianópolis;Bruno Takahashi;R$ 264.574,72;75%;12/01/2026;Ganho
004262;Empresa 4262 Ltda.;São Paulo;Carla Menezes;R$ 40.669,82;10%;13/01/2026;Negociação
004263;Empresa 4263 Ltda.;Porto Alegre;Carla Menezes;R$ 181.129,62;75%;14/01/2026;Proposta
004264;Empresa 4264 Ltda.;Goiânia;Felipe Andrade;R$ 204.042,29;90%;15/01/2026;Ganho
004265;Empresa 4265 Ltda.;Recife;Gabriela Lins;R$ 112.473,80;50%;16/01/2026;Ganho
004266;Empresa 4266 Ltda.;Curitiba;Elisa Moura;R$ 211.963,05;75%;17/01/2026;Negociação
004267;Empresa 4267 Ltda.;Curitiba;Bruno Takahashi;R$ 288.029,10;75%;18/01/2026;Negociação
004268;Empresa 4268 Ltda.;Belo Horizonte;Elisa Moura;R$ 440.681,89;10%;19/01/2026;Diagnóstico
004269;Empresa 4269 Ltda.;Porto Alegre;Gabriela Lins;R$ 372.207,06;90%;20/01/2026;Qualificação
004270;Empresa 4270 Ltda.;Recife;Felipe Andrade;R$ 179.377,46;50%;21/01/2026;Proposta
004271;Empresa 4271 Ltda.;Goiânia;Gabriela Lins;R$ 360.463,34;25%;22/01/2026;Diagnóstico
004272;Empresa 4272 Ltda.;São Paulo;Ana Ribeiro;R$ 473.096,73;75%;23/01/2026;Qualificação
004273;Empresa 4273 Ltda.;Florianópolis;Elisa Moura;R$ 146.280,96;75%;24/01/2026;Perdido
004274;Empresa 4274 Ltda.;Florianópolis;Diego Fontes;R$ 88.050,02;75%;25/01/2026;Diagnóstico
004275;Empresa 4275 Ltda.;Goiânia;Hugo Prado;R$ 258.355,25;50%;26/01/2026;Negociação
004276;Empresa 4276 Ltda.;Curitiba;Hugo Prado;R$ 152.612,43;75%;27/01/2026;Negociação
004277;Empresa 4277 Ltda.;São Paulo;Hugo Prado;R$ 35.037,93;50%;28/01/2026;Perdido
004278;Empresa 4278 Ltda.;Recife;Bruno Takahashi;R$ 396.184,57;75%;29/01/2026;Proposta
004279;Empresa 4279 Ltda.;Porto Alegre;Elisa Moura;R$ 174.458,89;50%;30/01/2026;Ganho
004280;Empresa 4280 Ltda.;São Paulo;Bruno Takahashi;R$ 384.593,67;75%;31/01/2026;Perdido
004281;Empresa 4281 Ltda.;Porto Alegre;Felipe Andrade;R$ 172.935,23;25%;01/02/2026;Negociação
004282;Empresa 4282 Ltda.;Goiânia;Felipe Andrade;R$ 374.662,35;25%;02/02/2026;Ganho
004283;Empresa 4283 Ltda.;Florianópolis;Gabriela Lins;R$ 112.616,57;90%;03/02/2026;Perdido
004284;Empresa 4284 Ltda.;São Paulo;Felipe Andrade;R$ 214.108,03;90%;04/02/2026;Negociação
004285;Empresa 4285 Ltda.;Florianópolis;Hugo Prado;R$ 29.584,74;90%;05/02/2026;Perdido
004286;Empresa 4286 Ltda.;Goiânia;Gabriela Lins;R$ 271.757,39;25%;06/02/2026;Qualificação
004287;Empresa 4287 Ltda.;Florianópolis;Bruno Takahashi;R$ 314.882,56;25%;07/02/2026;Perdido
004288;Empresa 4288 Ltda.;Goiânia;Carla Menezes;R$ 379.866,54;50%;08/02/2026;Proposta
004289;Empresa 4289 Ltda.;Curitiba;Hugo Prado;R$ 398.671,51;25%;09/02/2026;Qualificação
004290;Empresa 4290 Ltda.;Curitiba;Hugo Prado;R$ 287.418,64;50%;10/02/2026;Diagnóstico
004291;Empresa 4291 Ltda.;Goiânia;Bruno Takahashi;R$ 132.793,55;10%;11/02/2026;Diagnóstico
004292;Empresa 4292 Ltda.;Goiânia;Hugo Prado;R$ 93.674,27;10%;12/02/2026;Ganho
004293;Empresa 4293 Ltda.;Florianópolis;Bruno Takahashi;R$ 254.491,68;50%;13/02/2026;Proposta
004294;Empresa 4294 Ltda.;Goiânia;Hugo Prado;R$ 427.581,64;50%;14/02/2026;Negociação
004295;Empresa 4295 Ltda.;Curitiba;Gabriela Lins;R$ 202.453,28;50%;15/02/2026;Ganho
004296;Empresa 4296 Ltda.;Florianópolis;Gabriela Lins;R$ 56.185,37;10%;16/02/2026;Negociação
004297;Empresa 4297 Ltda.;Belo Horizonte;Elisa Moura;R$ 427.922,93;25%;17/02/2026;Ganho
004298;Empresa 4298 Ltda.;Porto Alegre;Felipe Andrade;R$ 169.724,38;50%;18/02/2026;Ganho
004299;Empresa 4299 Ltda.;Florianópolis;Hugo Prado;R$ 362.180,73;10%;19/02/2026;Ganho
004300;Empresa 4300 Ltda.;Porto Alegre;Hugo Prado;R$ 40.944,92;25%;20/02/2026;Negociação
004301;Empresa 4301 Ltda.;Porto Alegre;Ana Ribeiro;R$ 393.921,02;25%;21/02/2026;Proposta
004302;Empresa 4302 Ltda.;Curitiba;Hugo Prado;R$ 291.935,67;10%;22/02/2026;Ganho
004303;Empresa 4303 Ltda.;Curitiba;Gabriela Lins;R$ 463.621,61;75%;23/02/2026;Ganho
004304;Empresa 4304 Ltda.;São Paulo;Felipe Andrade;R$ 122.407,32;50%;24/02/2026;Negociação
004305;Empresa 4305 Ltda.;São Paulo;Bruno Takahashi;R$ 230.574,68;50%;25/02/2026;Perdido
004306;Empresa 4306 Ltda.;Salvador;Diego Fontes;R$ 327.393,42;90%;26/02/2026;Negociação
004307;Empresa 4307 Ltda.;Belo Horizonte;Carla Menezes;R$ 377.342,58;75%;27/02/2026;Negociação
004308;Empresa 4308 Ltda.;Belo Horizonte;Diego Fontes;R$ 219.901,67;25%;28/02/2026;Qualificação
004309;Empresa 4309 Ltda.;Porto Alegre;Ana Ribeiro;R$ 106.936,67;50%;01/03/2026;Ganho
004310;Empresa 4310 Ltda.;Recife;Bruno Takahashi;R$ 474.739,86;75%;02/03/2026;Proposta
004311;Empresa 4311 Ltda.;Porto Alegre;Diego Fontes;R$ 424.041,54;10%;03/03/2026;Perdido
004312;Empresa 4312 Ltda.;Salvador;Gabriela Lins;R$ 58.385,36;25%;04/03/2026;Diagnóstico
004313;Empresa 4313 Ltda.;Belo Horizonte;Gabriela Lins;R$ 220.336,64;75%;05/03/2026;Negociação
004314;Empresa 4314 Ltda.;Goiânia;Felipe Andrade;R$ 52.860,07;10%;06/03/2026;Proposta
004315;Empresa 4315 Ltda.;São Paulo;Hugo Prado;R$ 269.696,63;50%;07/03/2026;Qualificação
004316;Empresa 4316 Ltda.;Salvador;Elisa Moura;R$ 169.808,91;90%;08/03/2026;Proposta
004317;Empresa 4317 Ltda.;São Paulo;Gabriela Lins;R$ 396.997,00;75%;09/03/2026;Qualificação
004318;Empresa 4318 Ltda.;Belo Horizonte;Hugo Prado;R$ 444.643,30;25%;10/03/2026;Ganho
004319;Empresa 4319 Ltda.;Goiânia;Felipe Andrade;R$ 184.021,06;25%;11/03/2026;Diagnóstico
004320;Empresa 4320 Ltda.;Belo Horizonte;Felipe Andrade;R$ 38.126,53;90%;12/03/2026;Ganho
004321;Empresa 4321 Ltda.;Curitiba;Diego Fontes;R$ 235.391,44;90%;13/03/2026;Qualificação
004322;Empresa 4322 Ltda.;São Paulo;Hugo Prado;R$ 186.529,12;25%;14/03/2026;Ganho
004323;Empresa 4323 Ltda.;Goiânia;Carla Menezes;R$ 22.913,32;75%;15/03/2026;Ganho
004324;Empresa 4324 Ltda.;Recife;Felipe Andrade;R$ 450.068,13;75%;16/03/2026;Ganho
004325;Empresa 4325 Ltda.;Recife;Diego Fontes;R$ 473.282,52;25%;17/03/2026;Qualificação
004326;Empresa 4326 Ltda.;Salvador;Gabriela Lins;R$ 372.129,98;25%;18/03/2026;Diagnóstico
004327;Empresa 4327 Ltda.;Belo Horizonte;Diego Fontes;R$ 293.595,50;90%;19/03/2026;Proposta
004328;Empresa 4328 Ltda.;Belo Horizonte;Elisa Moura;R$ 55.083,82;75%;20/03/2026;Proposta
004329;Empresa 4329 Ltda.;Porto Alegre;Carla Menezes;R$ 446.367,18;90%;21/03/2026;Diagnóstico
004330;Empresa 4330 Ltda.;Porto Alegre;Felipe Andrade;R$ 457.249,70;75%;22/03/2026;Negociação
004331;Empresa 4331 Ltda.;São Paulo;Felipe Andrade;R$ 64.494,83;25%;23/03/2026;Negociação
004332;Empresa 4332 Ltda.;Florianópolis;Elisa Moura;R$ 64.545,61;50%;24/03/2026;Negociação
004333;Empresa 4333 Ltda.;Porto Alegre;Hugo Prado;R$ 160.192,86;25%;25/03/2026;Diagnóstico
004334;Empresa 4334 Ltda.;Florianópolis;Ana Ribeiro;R$ 257.526,91;25%;26/03/2026;Diagnóstico
004335;Empresa 4335 Ltda.;Florianópolis;Elisa Moura;R$ 36.073,44;10%;27/03/2026;Diagnóstico
004336;Empresa 4336 Ltda.;Recife;Bruno Takahashi;R$ 19.444,58;25%;28/03/2026;Diagnóstico
004337;Empresa 4337 Ltda.;Porto Alegre;Felipe Andrade;R$ 465.858,51;25%;29/03/2026;Ganho
004338;Empresa 4338 Ltda.;Belo Horizonte;Gabriela Lins;R$ 11.086,70;50%;30/03/2026;Ganho
004339;Empresa 4339 Ltda.;Curitiba;Elisa Moura;R$ 232.056,89;25%;31/03/2026;Qualificação
004340;Empresa 4340 Ltda.;São Paulo;Ana Ribeiro;R$ 337.721,78;50%;01/04/2026;Ganho
004341;Empresa 4341 Ltda.;São Paulo;Carla Menezes;R$ 20.462,87;50%;02/04/2026;Negociação
004342;Empresa 4342 Ltda.;Goiânia;Elisa Moura;R$ 406.056,55;50%;03/04/2026;Qualificação
004343;Empresa 4343 Ltda.;Florianópolis;Hugo Prado;R$ 257.646,12;10%;04/04/2026;Negociação
004344;Empresa 4344 Ltda.;São Paulo;Hugo Prado;R$ 245.503,66;25%;05/04/2026;Perdido
004345;Empresa 4345 Ltda.;Goiânia;Elisa Moura;R$ 227.420,44;75%;06/04/2026;Perdido
004346;Empresa 4346 Ltda.;Salvador;Felipe Andrade;R$ 103.954,12;90%;07/04/2026;Diagnóstico
004347;Empresa 4347 Ltda.;Salvador;Felipe Andrade;R$ 212.295,10;75%;08/04/2026;Ganho
004348;Empresa 4348 Ltda.;Belo Horizonte;Elisa Moura;R$ 388.587,11;75%;09/04/2026;Qualificação
004349;Empresa 4349 Ltda.;Recife;Diego Fontes;R$ 451.262,64;75%;10/04/2026;Diagnóstico
004350;Empresa 4350 Ltda.;Goiânia;Diego Fontes;R$ 41.503,09;75%;11/04/2026;Qualificação
004351;Empresa 4351 Ltda.;São Paulo;Hugo Prado;R$ 44.281,56;75%;12/04/2026;Qualificação
004352;Empresa 4352 Ltda.;Recife;Bruno Takahashi;R$ 463.539,70;50%;13/04/2026;Negociação
004353;Empresa 4353 Ltda.;Belo Horizonte;Elisa Moura;R$ 405.255,01;10%;14/04/2026;Qualificação
004354;Empresa 4354 Ltda.;Goiânia;Carla Menezes;R$ 344.306,81;75%;15/04/2026;Qualificação
004355;Empresa 4355 Ltda.;Salvador;Ana Ribeiro;R$ 218.820,49;90%;16/04/2026;Negociação
004356;Empresa 4356 Ltda.;Curitiba;Gabriela Lins;R$ 196.528,11;90%;17/04/2026;Diagnóstico
004357;Empresa 4357 Ltda.;Salvador;Bruno Takahashi;R$ 297.917,24;10%;18/04/2026;Proposta
004358;Empresa 4358 Ltda.;Florianópolis;Diego Fontes;R$ 294.066,06;75%;19/04/2026;Negociação
004359;Empresa 4359 Ltda.;Salvador;Bruno Takahashi;R$ 477.627,72;90%;20/04/2026;Proposta
004360;Empresa 4360 Ltda.;Curitiba;Bruno Takahashi;R$ 126.083,53;90%;21/04/2026;Ganho
004361;Empresa 4361 Ltda.;Belo Horizonte;Diego Fontes;R$ 328.166,04;10%;22/04/2026;Negociação
004362;Empresa 4362 Ltda.;Florianópolis;Gabriela Lins;R$ 73.427,38;25%;23/04/2026;Qualificação
004363;Empresa 4363 Ltda.;Florianópolis;Gabriela Lins;R$ 404.190,02;25%;24/04/2026;Perdido
004364;Empresa 4364 Ltda.;Belo Horizonte;Felipe Andrade;R$ 264.149,33;10%;25/04/2026;Perdido
004365;Empresa 4365 Ltda.;Salvador;Elisa Moura;R$ 194.171,81;10%;26/04/2026;Diagnóstico
004366;Empresa 4366 Ltda.;São Paulo;Diego Fontes;R$ 244.987,71;50%;27/04/2026;Diagnóstico
004367;Empresa 4367 Ltda.;Porto Alegre;Elisa Moura;R$ 386.559,28;10%;28/04/2026;Diagnóstico
004368;Empresa 4368 Ltda.;São Paulo;Felipe Andrade;R$ 326.333,85;25%;29/04/2026;Perdido
004369;Empresa 4369 Ltda.;Florianópolis;Bruno Takahashi;R$ 347.333,61;25%;30/04/2026;Diagnóstico
004370;Empresa 4370 Ltda.;Porto Alegre;Carla Menezes;R$ 239.391,95;10%;01/05/2026;Diagnóstico
004371;Empresa 4371 Ltda.;Salvador;Elisa Moura;R$ 170.029,19;25%;02/05/2026;Perdido
004372;Empresa 4372 Ltda.;São Paulo;Diego Fontes;R$ 293.389,90;90%;03/05/2026;Diagnóstico
004373;Empresa 4373 Ltda.;Recife;Hugo Prado;R$ 111.302,78;25%;04/05/2026;Ganho
004374;Empresa 4374 Ltda.;São Paulo;Bruno Takahashi;R$ 246.729,61;90%;05/05/2026;Qualificação
004375;Empresa 4375 Ltda.;Belo Horizonte;Diego Fontes;R$ 477.831,93;90%;06/05/2026;Proposta
004376;Empresa 4376 Ltda.;Florianópolis;Elisa Moura;R$ 89.603,00;90%;07/05/2026;Negociação
004377;Empresa 4377 Ltda.;Salvador;Bruno Takahashi;R$ 402.706,31;10%;08/05/2026;Negociação
004378;Empresa 4378 Ltda.;Florianópolis;Ana Ribeiro;R$ 27.077,21;90%;09/05/2026;Ganho
004379;Empresa 4379 Ltda.;Florianópolis;Carla Menezes;R$ 211.262,61;50%;10/05/2026;Qualificação
004380;Empresa 4380 Ltda.;Florianópolis;Hugo Prado;R$ 78.651,43;90%;11/05/2026;Diagnóstico
004381;Empresa 4381 Ltda.;Goiânia;Diego Fontes;R$ 455.844,44;50%;12/05/2026;Proposta
004382;Empresa 4382 Ltda.;Florianópolis;Carla Menezes;R$ 63.455,69;50%;13/05/2026;Qualificação
004383;Empresa 4383 Ltda.;Porto Alegre;Elisa Moura;R$ 462.744,30;50%;14/05/2026;Proposta
004384;Empresa 4384 Ltda.;Curitiba;Elisa Moura;R$ 166.118,90;90%;15/05/2026;Negociação
004385;Empresa 4385 Ltda.;São Paulo;Elisa Moura;R$ 349.439,87;75%;16/05/2026;Qualificação
004386;Empresa 4386 Ltda.;Belo Horizonte;Diego Fontes;R$ 226.698,63;10%;17/05/2026;Perdido
004387;Empresa 4387 Ltda.;Goiânia;Bruno Takahashi;R$ 241.646,08;75%;18/05/2026;Perdido
004388;Empresa 4388 Ltda.;Salvador;Ana Ribeiro;R$ 349.235,66;50%;19/05/2026;Proposta
004389;Empresa 4389 Ltda.;Florianópolis;Elisa Moura;R$ 352.099,84;75%;20/05/2026;Negociação
004390;Empresa 4390 Ltda.;Curitiba;Ana Ribeiro;R$ 219.764,84;75%;21/05/2026;Qualificação
004391;Empresa 4391 Ltda.;Curitiba;Felipe Andrade;R$ 161.751,00;10%;22/05/2026;Negociação
004392;Empresa 4392 Ltda.;Curitiba;Gabriela Lins;R$ 392.327,17;10%;23/05/2026;Diagnóstico
004393;Empresa 4393 Ltda.;Belo Horizonte;Bruno Takahashi;R$ 149.032,79;90%;24/05/2026;Negociação
004394;Empresa 4394 Ltda.;Porto Alegre;Diego Fontes;R$ 190.183,83;50%;25/05/2026;Perdido
004395;Empresa 4395 Ltda.;Porto Alegre;Hugo Prado;R$ 10.337,03;50%;26/05/2026;Diagnóstico
004396;Empresa 4396 Ltda.;Florianópolis;Ana Ribeiro;R$ 310.362,07;90%;27/05/2026;Ganho
004397;Empresa 4397 Ltda.;Porto Alegre;Diego Fontes;R$ 472.039,92;25%;28/05/2026;Ganho
004398;Empresa 4398 Ltda.;Belo Horizonte;Felipe Andrade;R$ 114.049,37;75%;29/05/2026;Qualificação
004399;Empresa 4399 Ltda.;Recife;Diego Fontes;R$ 297.427,65;25%;30/05/2026;Ganho
004400;Empresa 4400 Ltda.;São Paulo;Diego Fontes;R$ 172.083,68;25%;31/05/2026;Ganho
004401;Empresa 4401 Ltda.;São Paulo;Felipe Andrade;R$ 413.826,63;90%;01/06/2026;Ganho
004402;Empresa 4402 Ltda.;São Paulo;Bruno Takahashi;R$ 191.205,45;90%;02/06/2026;Negociação
004403;Empresa 4403 Ltda.;Goiânia;Ana Ribeiro;R$ 49.875,21;90%;03/06/2026;Negociação
004404;Empresa 4404 Ltda.;Curitiba;Ana Ribeiro;R$ 214.319,13;25%;04/06/2026;Ganho
004405;Empresa 4405 Ltda.;Belo Horizonte;Diego Fontes;R$ 78.362,86;10%;05/06/2026;Qualificação
004406;Empresa 4406 Ltda.;Salvador;Ana Ribeiro;R$ 133.963,72;25%;06/06/2026;Proposta
004407;Empresa 4407 Ltda.;Goiânia;Diego Fontes;R$ 262.248,75;90%;07/06/2026;Perdido
004408;Empresa 4408 Ltda.;Salvador;Gabriela Lins;R$ 20.282,21;10%;08/06/2026;Negociação
004409;Empresa 4409 Ltda.;São Paulo;Bruno Takahashi;R$ 223.664,47;50%;09/06/2026;Diagnóstico
004410;Empresa 4410 Ltda.;Florianópolis;Hugo Prado;R$ 34.711,27;10%;10/06/2026;Qualificação
004411;Empresa 4411 Ltda.;Recife;Elisa Moura;R$ 282.597,12;10%;11/06/2026;Qualificação
004412;Empresa 4412 Ltda.;Curitiba;Gabriela Lins;R$ 306.129,13;90%;12/06/2026;Ganho
004413;Empresa 4413 Ltda.;São Paulo;Diego Fontes;R$ 15.702,73;25%;13/06/2026;Qualificação
004414;Empresa 4414 Ltda.;Salvador;Felipe Andrade;R$ 301.549,19;10%;14/06/2026;Diagnóstico
004415;Empresa 4415 Ltda.;Goiânia;Felipe Andrade;R$ 106.731,61;25%;15/06/2026;Negociação
004416;Empresa 4416 Ltda.;Florianópolis;Carla Menezes;R$ 259.209,62;75%;16/06/2026;Ganho
004417;Empresa 4417 Ltda.;Recife;Hugo Prado;R$ 160.592,63;75%;17/06/2026;Negociação
004418;Empresa 4418 Ltda.;Recife;Ana Ribeiro;R$ 248.136,02;50%;18/06/2026;Perdido
004419;Empresa 4419 Ltda.;Belo Horizonte;Carla Menezes;R$ 175.844,97;25%;19/06/2026;Negociação
004420;Empresa 4420 Ltda.;Recife;Hugo Prado;R$ 253.566,17;10%;20/06/2026;Perdido
004421;Empresa 4421 Ltda.;Salvador;Ana Ribeiro;R$ 321.833,44;25%;21/06/2026;Proposta
004422;Empresa 4422 Ltda.;Porto Alegre;Gabriela Lins;R$ 52.433,88;50%;22/06/2026;Negociação
004423;Empresa 4423 Ltda.;Salvador;Carla Menezes;R$ 213.341,45;10%;23/06/2026;Proposta
004424;Empresa 4424 Ltda.;Recife;Felipe Andrade;R$ 423.621,92;25%;24/06/2026;Ganho
004425;Empresa 4425 Ltda.;Goiânia;Diego Fontes;R$ 465.560,15;25%;25/06/2026;Negociação
004426;Empresa 4426 Ltda.;Recife;Diego Fontes;R$ 257.098,09;90%;26/06/2026;Ganho
004427;Empresa 4427 Ltda.;Salvador;Elisa Moura;R$ 205.085,00;75%;27/06/2026;Proposta
004428;Empresa 4428 Ltda.;Curitiba;Diego Fontes;R$ 227.156,31;90%;28/06/2026;Perdido
004429;Empresa 4429 Ltda.;Goiânia;Ana Ribeiro;R$ 180.974,68;75%;29/06/2026;Diagnóstico
004430;Empresa 4430 Ltda.;Recife;Felipe Andrade;R$ 65.485,40;75%;30/06/2026;Qualificação
004431;Empresa 4431 Ltda.;Belo Horizonte;Hugo Prado;R$ 283.541,39;25%;01/07/2026;Perdido
004432;Empresa 4432 Ltda.;Recife;Elisa Moura;R$ 19.715,16;50%;02/07/2026;Qualificação
004433;Empresa 4433 Ltda.;Goiânia;Carla Menezes;R$ 325.210,39;50%;03/07/2026;Diagnóstico
004434;Empresa 4434 Ltda.;São Paulo;Bruno Takahashi;R$ 385.681,69;90%;04/07/2026;Ganho
004435;Empresa 4435 Ltda.;Salvador;Elisa Moura;R$ 179.349,46;90%;05/07/2026;Diagnóstico
004436;Empresa 4436 Ltda.;Florianópolis;Gabriela Lins;R$ 241.101,90;50%;06/07/2026;Diagnóstico
004437;Empresa 4437 Ltda.;Salvador;Carla Menezes;R$ 351.504,24;90%;07/07/2026;Qualificação
004438;Empresa 4438 Ltda.;Porto Alegre;Gabriela Lins;R$ 350.160,17;50%;08/07/2026;Qualificação
004439;Empresa 4439 Ltda.;São Paulo;Ana Ribeiro;R$ 184.862,34;25%;09/07/2026;Proposta
004440;Empresa 4440 Ltda.;Florianópolis;Ana Ribeiro;R$ 29.379,92;50%;10/07/2026;Perdido
004441;Empresa 4441 Ltda.;Porto Alegre;Gabriela Lins;R$ 18.423,44;90%;11/07/2026;Diagnóstico
004442;Empresa 4442 Ltda.;São Paulo;Gabriela Lins;R$ 270.388,48;50%;12/07/2026;Proposta
004443;Empresa 4443 Ltda.;Recife;Gabriela Lins;R$ 222.136,44;75%;13/07/2026;Proposta
004444;Empresa 4444 Ltda.;São Paulo;Diego Fontes;R$ 464.877,40;90%;14/07/2026;Negociação
004445;Empresa 4445 Ltda.;Florianópolis;Diego Fontes;R$ 111.232,72;10%;15/07/2026;Negociação
004446;Empresa 4446 Ltda.;Salvador;Elisa Moura;R$ 47.965,54;75%;16/07/2026;Perdido
004447;Empresa 4447 Ltda.;Salvador;Elisa Moura;R$ 269.064,98;90%;17/07/2026;Ganho
004448;Empresa 4448 Ltda.;Recife;Gabriela Lins;R$ 411.394,35;75%;18/07/2026;Diagnóstico
004449;Empresa 4449 Ltda.;Recife;Felipe Andrade;R$ 271.697,69;50%;19/07/2026;Diagnóstico
004450;Empresa 4450 Ltda.;Recife;Hugo Prado;R$ 440.754,16;50%;20/07/2026;Ganho
004451;Empresa 4451 Ltda.;Belo Horizonte;Diego Fontes;R$ 472.902,17;75%;21/07/2026;Qualificação
004452;Empresa 4452 Ltda.;Recife;Felipe Andrade;R$ 58.323,19;75%;22/07/2026;Proposta
004453;Empresa 4453 Ltda.;Florianópolis;Hugo Prado;R$ 220.640,63;90%;23/07/2026;Qualificação
004454;Empresa 4454 Ltda.;Belo Horizonte;Hugo Prado;R$ 110.426,00;50%;24/07/2026;Negociação
004455;Empresa 4455 Ltda.;Curitiba;Gabriela Lins;R$ 257.747,98;50%;25/07/2026;Qualificação
004456;Empresa 4456 Ltda.;São Paulo;Hugo Prado;R$ 296.682,24;25%;26/07/2026;Perdido
004457;Empresa 4457 Ltda.;Curitiba;Felipe Andrade;R$ 53.058,33;25%;27/07/2026;Diagnóstico
004458;Empresa 4458 Ltda.;Belo Horizonte;Bruno Takahashi;R$ 112.902,71;25%;28/07/2026;Proposta
004459;Empresa 4459 Ltda.;Curitiba;Felipe Andrade;R$ 393.975,09;75%;29/07/2026;Negociação
004460;Empresa 4460 Ltda.;Recife;Bruno Takahashi;R$ 98.375,24;25%;30/07/2026;Proposta
004461;Empresa 4461 Ltda.;Florianópolis;Carla Menezes;R$ 254.836,59;50%;31/07/2026;Proposta
004462;Empresa 4462 Ltda.;Recife;Diego Fontes;R$ 441.361,93;10%;01/08/2026;Ganho
004463;Empresa 4463 Ltda.;Salvador;Bruno Takahashi;R$ 331.158,69;75%;02/08/2026;Ganho
004464;Empresa 4464 Ltda.;Florianópolis;Elisa Moura;R$ 12.418,87;90%;03/08/2026;Qualificação
004465;Empresa 4465 Ltda.;Florianópolis;Felipe Andrade;R$ 229.492,74;25%;04/08/2026;Diagnóstico
004466;Empresa 4466 Ltda.;Recife;Felipe Andrade;R$ 367.284,74;90%;05/08/2026;Negociação
004467;Empresa 4467 Ltda.;Recife;Felipe Andrade;R$ 348.754,07;50%;06/08/2026;Qualificação
004468;Empresa 4468 Ltda.;Salvador;Ana Ribeiro;R$ 273.920,35;75%;07/08/2026;Negociação
004469;Empresa 4469 Ltda.;São Paulo;Gabriela Lins;R$ 43.962,26;90%;08/08/2026;Ganho
004470;Empresa 4470 Ltda.;Porto Alegre;Felipe Andrade;R$ 211.520,30;75%;09/08/2026;Qualificação
004471;Empresa 4471 Ltda.;Belo Horizonte;Diego Fontes;R$ 301.415,16;25%;10/08/2026;Proposta
004472;Empresa 4472 Ltda.;Goiânia;Felipe Andrade;R$ 127.141,24;25%;11/08/2026;Ganho
004473;Empresa 4473 Ltda.;Belo Horizonte;Ana Ribeiro;R$ 415.587,79;75%;12/08/2026;Proposta
004474;Empresa 4474 Ltda.;Curitiba;Elisa Moura;R$ 257.997,08;25%;13/08/2026;Perdido
004475;Empresa 4475 Ltda.;Recife;Ana Ribeiro;R$ 108.816,06;90%;14/08/2026;Proposta
004476;Empresa 4476 Ltda.;Belo Horizonte;Elisa Moura;R$ 465.576,41;10%;15/08/2026;Ganho
004477;Empresa 4477 Ltda.;Curitiba;Elisa Moura;R$ 31.045,77;75%;16/08/2026;Negociação
004478;Empresa 4478 Ltda.;São Paulo;Felipe Andrade;R$ 91.662,09;90%;17/08/2026;Qualificação
004479;Empresa 4479 Ltda.;Curitiba;Carla Menezes;R$ 439.395,64;75%;18/08/2026;Negociação
004480;Empresa 4480 Ltda.;Porto Alegre;Diego Fontes;R$ 402.062,73;10%;19/08/2026;Qualificação
004481;Empresa 4481 Ltda.;Curitiba;Ana Ribeiro;R$ 23.975,06;25%;20/08/2026;Perdido
004482;Empresa 4482 Ltda.;Porto Alegre;Bruno Takahashi;R$ 59.611,52;90%;21/08/2026;Ganho
004483;Empresa 4483 Ltda.;Curitiba;Felipe Andrade;R$ 446.223,72;50%;22/08/2026;Ganho
004484;Empresa 4484 Ltda.;São Paulo;Ana Ribeiro;R$ 289.976,07;50%;23/08/2026;Diagnóstico
004485;Empresa 4485 Ltda.;Curitiba;Gabriela Lins;R$ 475.766,04;75%;24/08/2026;Diagnóstico
004486;Empresa 4486 Ltda.;Porto Alegre;Ana Ribeiro;R$ 230.640,72;10%;25/08/2026;Negociação
004487;Empresa 4487 Ltda.;Goiânia;Hugo Prado;R$ 328.790,33;90%;26/08/2026;Diagnóstico
004488;Empresa 4488 Ltda.;Goiânia;Gabriela Lins;R$ 298.000,10;10%;27/08/2026;Ganho
004489;Empresa 4489 Ltda.;Goiânia;Diego Fontes;R$ 316.845,85;75%;28/08/2026;Perdido
004490;Empresa 4490 Ltda.;Goiânia;Carla Menezes;R$ 364.356,16;90%;29/08/2026;Negociação
004491;Empresa 4491 Ltda.;Curitiba;Hugo Prado;R$ 68.679,77;75%;30/08/2026;Negociação
004492;Empresa 4492 Ltda.;Belo Horizonte;Gabriela Lins;R$ 314.673,46;25%;31/08/2026;Qualificação
004493;Empresa 4493 Ltda.;Porto Alegre;Ana Ribeiro;R$ 84.200,98;25%;01/09/2026;Diagnóstico
004494;Empresa 4494 Ltda.;Florianópolis;Elisa Moura;R$ 72.010,34;25%;02/09/2026;Perdido
004495;Empresa 4495 Ltda.;Salvador;Hugo Prado;R$ 17.425,55;75%;03/09/2026;Qualificação
004496;Empresa 4496 Ltda.;Florianópolis;Gabriela Lins;R$ 311.665,22;25%;04/09/2026;Qualificação
004497;Empresa 4497 Ltda.;Porto Alegre;Felipe Andrade;R$ 470.277,45;10%;05/09/2026;Diagnóstico
004498;Empresa 4498 Ltda.;Porto Alegre;Bruno Takahashi;R$ 315.493,67;90%;06/09/2026;Ganho
004499;Empresa 4499 Ltda.;Belo Horizonte;Ana Ribeiro;R$ 424.440,63;25%;07/09/2026;Ganho
004500;Empresa 4500 Ltda.;Curitiba;Diego Fontes;R$ 396.936,84;25%;08/09/2026;Perdido
004501;Empresa 4501 Ltda.;Salvador;Diego Fontes;R$ 185.090,41;10%;02/01/2026;Qualificação
004502;Empresa 4502 Ltda.;Belo Horizonte;Carla Menezes;R$ 438.791,61;90%;03/01/2026;Perdido
004503;Empresa 4503 Ltda.;Salvador;Carla Menezes;R$ 191.731,28;90%;04/01/2026;Negociação
004504;Empresa 4504 Ltda.;São Paulo;Carla Menezes;R$ 38.841,23;10%;05/01/2026;Qualificação
004505;Empresa 4505 Ltda.;Belo Horizonte;Gabriela Lins;R$ 98.967,13;25%;06/01/2026;Perdido
004506;Empresa 4506 Ltda.;Belo Horizonte;Bruno Takahashi;R$ 217.225,72;10%;07/01/2026;Diagnóstico
004507;Empresa 4507 Ltda.;Curitiba;Elisa Moura;R$ 192.291,47;25%;08/01/2026;Diagnóstico
004508;Empresa 4508 Ltda.;São Paulo;Elisa Moura;R$ 389.730,99;90%;09/01/2026;Qualificação
004509;Empresa 4509 Ltda.;Recife;Felipe Andrade;R$ 295.015,12;90%;10/01/2026;Diagnóstico
004510;Empresa 4510 Ltda.;Recife;Diego Fontes;R$ 359.564,60;10%;11/01/2026;Perdido
004511;Empresa 4511 Ltda.;Florianópolis;Bruno Takahashi;R$ 29.875,37;75%;12/01/2026;Ganho
004512;Empresa 4512 Ltda.;Curitiba;Gabriela Lins;R$ 478.146,57;10%;13/01/2026;Negociação
004513;Empresa 4513 Ltda.;Belo Horizonte;Hugo Prado;R$ 267.399,89;75%;14/01/2026;Ganho
004514;Empresa 4514 Ltda.;Salvador;Felipe Andrade;R$ 371.460,16;10%;15/01/2026;Proposta
004515;Empresa 4515 Ltda.;Belo Horizonte;Elisa Moura;R$ 368.808,86;50%;16/01/2026;Qualificação
004516;Empresa 4516 Ltda.;Recife;Elisa Moura;R$ 386.768,35;90%;17/01/2026;Proposta
004517;Empresa 4517 Ltda.;São Paulo;Bruno Takahashi;R$ 282.880,83;10%;18/01/2026;Perdido
004518;Empresa 4518 Ltda.;Curitiba;Hugo Prado;R$ 323.443,73;75%;19/01/2026;Qualificação
004519;Empresa 4519 Ltda.;Porto Alegre;Felipe Andrade;R$ 273.660,83;50%;20/01/2026;Ganho
004520;Empresa 4520 Ltda.;Recife;Felipe Andrade;R$ 434.503,45;10%;21/01/2026;Qualificação
004521;Empresa 4521 Ltda.;São Paulo;Bruno Takahashi;R$ 287.640,26;50%;22/01/2026;Diagnóstico
004522;Empresa 4522 Ltda.;Recife;Felipe Andrade;R$ 314.604,21;90%;23/01/2026;Perdido
004523;Empresa 4523 Ltda.;Porto Alegre;Gabriela Lins;R$ 470.815,28;10%;24/01/2026;Negociação
004524;Empresa 4524 Ltda.;Recife;Gabriela Lins;R$ 62.673,80;10%;25/01/2026;Negociação
004525;Empresa 4525 Ltda.;Belo Horizonte;Bruno Takahashi;R$ 225.718,78;75%;26/01/2026;Proposta
004526;Empresa 4526 Ltda.;Belo Horizonte;Elisa Moura;R$ 203.083,71;90%;27/01/2026;Negociação
004527;Empresa 4527 Ltda.;Salvador;Diego Fontes;R$ 423.997,13;75%;28/01/2026;Perdido
004528;Empresa 4528 Ltda.;Belo Horizonte;Felipe Andrade;R$ 67.386,68;25%;29/01/2026;Negociação
004529;Empresa 4529 Ltda.;Porto Alegre;Gabriela Lins;R$ 450.382,36;75%;30/01/2026;Perdido
004530;Empresa 4530 Ltda.;Goiânia;Diego Fontes;R$ 12.643,76;50%;31/01/2026;Ganho
004531;Empresa 4531 Ltda.;Recife;Carla Menezes;R$ 253.567,72;50%;01/02/2026;Qualificação
004532;Empresa 4532 Ltda.;Florianópolis;Carla Menezes;R$ 219.369,34;10%;02/02/2026;Diagnóstico
004533;Empresa 4533 Ltda.;São Paulo;Diego Fontes;R$ 253.781,05;75%;03/02/2026;Diagnóstico
004534;Empresa 4534 Ltda.;São Paulo;Felipe Andrade;R$ 254.791,78;90%;04/02/2026;Proposta
004535;Empresa 4535 Ltda.;Recife;Gabriela Lins;R$ 61.016,82;75%;05/02/2026;Qualificação
004536;Empresa 4536 Ltda.;Porto Alegre;Diego Fontes;R$ 459.099,40;90%;06/02/2026;Perdido
004537;Empresa 4537 Ltda.;Porto Alegre;Bruno Takahashi;R$ 201.529,08;25%;07/02/2026;Perdido
004538;Empresa 4538 Ltda.;Goiânia;Elisa Moura;R$ 315.818,40;25%;08/02/2026;Ganho
004539;Empresa 4539 Ltda.;Recife;Gabriela Lins;R$ 103.989,00;75%;09/02/2026;Qualificação
004540;Empresa 4540 Ltda.;São Paulo;Elisa Moura;R$ 127.635,19;10%;10/02/2026;Perdido
004541;Empresa 4541 Ltda.;Porto Alegre;Ana Ribeiro;R$ 89.001,18;10%;11/02/2026;Perdido
004542;Empresa 4542 Ltda.;São Paulo;Ana Ribeiro;R$ 267.244,39;25%;12/02/2026;Proposta
004543;Empresa 4543 Ltda.;Goiânia;Carla Menezes;R$ 314.927,08;75%;13/02/2026;Qualificação
004544;Empresa 4544 Ltda.;Recife;Diego Fontes;R$ 46.994,93;10%;14/02/2026;Diagnóstico
004545;Empresa 4545 Ltda.;Belo Horizonte;Felipe Andrade;R$ 392.798,40;50%;15/02/2026;Negociação
004546;Empresa 4546 Ltda.;Recife;Bruno Takahashi;R$ 417.132,86;50%;16/02/2026;Qualificação
004547;Empresa 4547 Ltda.;Porto Alegre;Carla Menezes;R$ 222.834,86;10%;17/02/2026;Qualificação
004548;Empresa 4548 Ltda.;Florianópolis;Hugo Prado;R$ 309.359,24;75%;18/02/2026;Diagnóstico
004549;Empresa 4549 Ltda.;Goiânia;Elisa Moura;R$ 431.892,49;10%;19/02/2026;Perdido
004550;Empresa 4550 Ltda.;São Paulo;Ana Ribeiro;R$ 338.936,59;10%;20/02/2026;Qualificação
004551;Empresa 4551 Ltda.;Goiânia;Gabriela Lins;R$ 242.671,01;90%;21/02/2026;Diagnóstico
004552;Empresa 4552 Ltda.;Porto Alegre;Gabriela Lins;R$ 467.232,24;50%;22/02/2026;Negociação
004553;Empresa 4553 Ltda.;Goiânia;Hugo Prado;R$ 92.708,15;50%;23/02/2026;Negociação
004554;Empresa 4554 Ltda.;Porto Alegre;Gabriela Lins;R$ 152.568,15;75%;24/02/2026;Diagnóstico
004555;Empresa 4555 Ltda.;Curitiba;Bruno Takahashi;R$ 214.989,60;50%;25/02/2026;Diagnóstico
004556;Empresa 4556 Ltda.;Curitiba;Felipe Andrade;R$ 412.551,36;75%;26/02/2026;Ganho
004557;Empresa 4557 Ltda.;Belo Horizonte;Hugo Prado;R$ 60.641,05;75%;27/02/2026;Diagnóstico
004558;Empresa 4558 Ltda.;Porto Alegre;Diego Fontes;R$ 123.120,37;75%;28/02/2026;Qualificação
004559;Empresa 4559 Ltda.;Florianópolis;Diego Fontes;R$ 17.023,68;75%;01/03/2026;Diagnóstico
004560;Empresa 4560 Ltda.;Curitiba;Gabriela Lins;R$ 252.225,29;90%;02/03/2026;Qualificação
004561;Empresa 4561 Ltda.;Florianópolis;Ana Ribeiro;R$ 418.743,24;50%;03/03/2026;Diagnóstico
004562;Empresa 4562 Ltda.;Curitiba;Gabriela Lins;R$ 301.450,16;25%;04/03/2026;Diagnóstico
004563;Empresa 4563 Ltda.;São Paulo;Bruno Takahashi;R$ 282.968,99;25%;05/03/2026;Ganho
004564;Empresa 4564 Ltda.;Florianópolis;Bruno Takahashi;R$ 62.269,01;75%;06/03/2026;Perdido
004565;Empresa 4565 Ltda.;Recife;Gabriela Lins;R$ 270.515,50;10%;07/03/2026;Ganho
004566;Empresa 4566 Ltda.;Porto Alegre;Elisa Moura;R$ 174.100,44;75%;08/03/2026;Diagnóstico
004567;Empresa 4567 Ltda.;Recife;Bruno Takahashi;R$ 282.869,91;90%;09/03/2026;Proposta
004568;Empresa 4568 Ltda.;Salvador;Bruno Takahashi;R$ 433.478,33;10%;10/03/2026;Negociação
004569;Empresa 4569 Ltda.;Recife;Felipe Andrade;R$ 52.835,16;25%;11/03/2026;Qualificação
004570;Empresa 4570 Ltda.;Curitiba;Hugo Prado;R$ 186.019,88;90%;12/03/2026;Proposta
004571;Empresa 4571 Ltda.;Curitiba;Diego Fontes;R$ 160.443,00;50%;13/03/2026;Proposta
004572;Empresa 4572 Ltda.;Porto Alegre;Gabriela Lins;R$ 48.893,38;75%;14/03/2026;Proposta
004573;Empresa 4573 Ltda.;Florianópolis;Carla Menezes;R$ 137.823,28;25%;15/03/2026;Diagnóstico
004574;Empresa 4574 Ltda.;São Paulo;Diego Fontes;R$ 422.540,30;75%;16/03/2026;Proposta
004575;Empresa 4575 Ltda.;Salvador;Diego Fontes;R$ 337.989,66;25%;17/03/2026;Diagnóstico
004576;Empresa 4576 Ltda.;Recife;Diego Fontes;R$ 49.582,48;25%;18/03/2026;Ganho
004577;Empresa 4577 Ltda.;Salvador;Hugo Prado;R$ 352.883,26;90%;19/03/2026;Ganho
004578;Empresa 4578 Ltda.;Goiânia;Ana Ribeiro;R$ 127.790,58;10%;20/03/2026;Perdido
004579;Empresa 4579 Ltda.;Goiânia;Diego Fontes;R$ 318.539,82;90%;21/03/2026;Ganho
004580;Empresa 4580 Ltda.;Goiânia;Hugo Prado;R$ 202.085,64;10%;22/03/2026;Ganho
004581;Empresa 4581 Ltda.;Belo Horizonte;Gabriela Lins;R$ 100.864,44;10%;23/03/2026;Qualificação
004582;Empresa 4582 Ltda.;Salvador;Elisa Moura;R$ 329.148,98;10%;24/03/2026;Diagnóstico
004583;Empresa 4583 Ltda.;Porto Alegre;Felipe Andrade;R$ 331.968,56;25%;25/03/2026;Perdido
004584;Empresa 4584 Ltda.;Porto Alegre;Gabriela Lins;R$ 67.265,21;25%;26/03/2026;Negociação
004585;Empresa 4585 Ltda.;Goiânia;Gabriela Lins;R$ 183.734,64;90%;27/03/2026;Qualificação
004586;Empresa 4586 Ltda.;Recife;Gabriela Lins;R$ 329.632,68;90%;28/03/2026;Ganho
004587;Empresa 4587 Ltda.;Salvador;Felipe Andrade;R$ 171.632,42;10%;29/03/2026;Perdido
004588;Empresa 4588 Ltda.;Recife;Hugo Prado;R$ 286.351,18;10%;30/03/2026;Negociação
004589;Empresa 4589 Ltda.;Curitiba;Felipe Andrade;R$ 362.556,02;10%;31/03/2026;Diagnóstico
004590;Empresa 4590 Ltda.;São Paulo;Hugo Prado;R$ 256.408,23;50%;01/04/2026;Proposta
004591;Empresa 4591 Ltda.;Belo Horizonte;Ana Ribeiro;R$ 117.037,51;25%;02/04/2026;Ganho
004592;Empresa 4592 Ltda.;Porto Alegre;Gabriela Lins;R$ 347.866,15;25%;03/04/2026;Diagnóstico
004593;Empresa 4593 Ltda.;Salvador;Elisa Moura;R$ 241.306,82;25%;04/04/2026;Ganho
004594;Empresa 4594 Ltda.;Goiânia;Bruno Takahashi;R$ 253.871,01;25%;05/04/2026;Negociação
004595;Empresa 4595 Ltda.;Curitiba;Carla Menezes;R$ 314.270,53;50%;06/04/2026;Perdido
004596;Empresa 4596 Ltda.;Porto Alegre;Diego Fontes;R$ 340.757,35;75%;07/04/2026;Diagnóstico
004597;Empresa 4597 Ltda.;Goiânia;Bruno Takahashi;R$ 24.257,12;90%;08/04/2026;Ganho
004598;Empresa 4598 Ltda.;Salvador;Ana Ribeiro;R$ 27.395,51;75%;09/04/2026;Ganho
004599;Empresa 4599 Ltda.;Curitiba;Gabriela Lins;R$ 383.048,32;90%;10/04/2026;Ganho
004600;Empresa 4600 Ltda.;São Paulo;Carla Menezes;R$ 141.097,21;10%;11/04/2026;Diagnóstico
004601;Empresa 4601 Ltda.;Porto Alegre;Elisa Moura;R$ 98.622,41;10%;12/04/2026;Ganho
004602;Empresa 4602 Ltda.;Goiânia;Carla Menezes;R$ 296.667,57;10%;13/04/2026;Qualificação
004603;Empresa 4603 Ltda.;Curitiba;Carla Menezes;R$ 149.424,98;90%;14/04/2026;Perdido
004604;Empresa 4604 Ltda.;Porto Alegre;Ana Ribeiro;R$ 275.551,06;75%;15/04/2026;Negociação
004605;Empresa 4605 Ltda.;Belo Horizonte;Carla Menezes;R$ 122.348,36;50%;16/04/2026;Qualificação
004606;Empresa 4606 Ltda.;Belo Horizonte;Bruno Takahashi;R$ 222.582,06;75%;17/04/2026;Negociação
004607;Empresa 4607 Ltda.;Belo Horizonte;Gabriela Lins;R$ 108.107,81;10%;18/04/2026;Qualificação
004608;Empresa 4608 Ltda.;São Paulo;Hugo Prado;R$ 53.528,75;50%;19/04/2026;Perdido
004609;Empresa 4609 Ltda.;Recife;Hugo Prado;R$ 192.652,25;75%;20/04/2026;Perdido
004610;Empresa 4610 Ltda.;Belo Horizonte;Carla Menezes;R$ 473.239,43;10%;21/04/2026;Negociação
004611;Empresa 4611 Ltda.;Porto Alegre;Hugo Prado;R$ 287.980,10;90%;22/04/2026;Perdido
004612;Empresa 4612 Ltda.;Porto Alegre;Felipe Andrade;R$ 48.135,22;25%;23/04/2026;Diagnóstico
004613;Empresa 4613 Ltda.;Florianópolis;Gabriela Lins;R$ 271.290,30;25%;24/04/2026;Perdido
004614;Empresa 4614 Ltda.;Goiânia;Felipe Andrade;R$ 231.416,81;25%;25/04/2026;Qualificação
004615;Empresa 4615 Ltda.;Florianópolis;Felipe Andrade;R$ 183.192,75;50%;26/04/2026;Qualificação
004616;Empresa 4616 Ltda.;Goiânia;Gabriela Lins;R$ 271.899,82;90%;27/04/2026;Proposta
004617;Empresa 4617 Ltda.;Goiânia;Ana Ribeiro;R$ 401.494,55;75%;28/04/2026;Diagnóstico
004618;Empresa 4618 Ltda.;Recife;Elisa Moura;R$ 297.917,76;50%;29/04/2026;Diagnóstico
004619;Empresa 4619 Ltda.;Recife;Bruno Takahashi;R$ 19.462,76;75%;30/04/2026;Negociação
004620;Empresa 4620 Ltda.;Curitiba;Felipe Andrade;R$ 125.707,95;90%;01/05/2026;Ganho
004621;Empresa 4621 Ltda.;Florianópolis;Elisa Moura;R$ 419.706,80;90%;02/05/2026;Proposta
004622;Empresa 4622 Ltda.;Florianópolis;Elisa Moura;R$ 454.496,35;10%;03/05/2026;Qualificação
004623;Empresa 4623 Ltda.;Porto Alegre;Felipe Andrade;R$ 136.037,20;25%;04/05/2026;Proposta
004624;Empresa 4624 Ltda.;Porto Alegre;Hugo Prado;R$ 305.185,68;25%;05/05/2026;Diagnóstico
004625;Empresa 4625 Ltda.;São Paulo;Hugo Prado;R$ 380.601,66;10%;06/05/2026;Perdido
004626;Empresa 4626 Ltda.;Belo Horizonte;Diego Fontes;R$ 107.053,90;75%;07/05/2026;Negociação
004627;Empresa 4627 Ltda.;São Paulo;Felipe Andrade;R$ 226.510,66;10%;08/05/2026;Ganho
004628;Empresa 4628 Ltda.;Goiânia;Ana Ribeiro;R$ 68.598,96;10%;09/05/2026;Proposta
004629;Empresa 4629 Ltda.;Florianópolis;Hugo Prado;R$ 450.580,11;75%;10/05/2026;Qualificação
004630;Empresa 4630 Ltda.;Recife;Ana Ribeiro;R$ 195.577,33;50%;11/05/2026;Perdido
004631;Empresa 4631 Ltda.;São Paulo;Ana Ribeiro;R$ 280.957,12;75%;12/05/2026;Qualificação
004632;Empresa 4632 Ltda.;Porto Alegre;Elisa Moura;R$ 41.263,74;75%;13/05/2026;Qualificação
004633;Empresa 4633 Ltda.;Recife;Gabriela Lins;R$ 441.300,51;25%;14/05/2026;Ganho
004634;Empresa 4634 Ltda.;Florianópolis;Ana Ribeiro;R$ 26.184,78;25%;15/05/2026;Diagnóstico
004635;Empresa 4635 Ltda.;São Paulo;Elisa Moura;R$ 68.112,29;75%;16/05/2026;Ganho
004636;Empresa 4636 Ltda.;Recife;Diego Fontes;R$ 387.624,74;75%;17/05/2026;Qualificação
004637;Empresa 4637 Ltda.;Curitiba;Elisa Moura;R$ 222.923,73;75%;18/05/2026;Diagnóstico
004638;Empresa 4638 Ltda.;Salvador;Felipe Andrade;R$ 479.474,17;10%;19/05/2026;Perdido
004639;Empresa 4639 Ltda.;Belo Horizonte;Bruno Takahashi;R$ 277.597,77;90%;20/05/2026;Proposta
004640;Empresa 4640 Ltda.;Belo Horizonte;Elisa Moura;R$ 141.515,85;90%;21/05/2026;Negociação
004641;Empresa 4641 Ltda.;Salvador;Gabriela Lins;R$ 104.524,37;90%;22/05/2026;Proposta
004642;Empresa 4642 Ltda.;Florianópolis;Bruno Takahashi;R$ 265.841,15;75%;23/05/2026;Perdido
004643;Empresa 4643 Ltda.;Goiânia;Felipe Andrade;R$ 403.005,83;25%;24/05/2026;Negociação
004644;Empresa 4644 Ltda.;Salvador;Elisa Moura;R$ 371.885,91;50%;25/05/2026;Negociação
004645;Empresa 4645 Ltda.;Curitiba;Elisa Moura;R$ 279.939,79;10%;26/05/2026;Perdido
004646;Empresa 4646 Ltda.;Florianópolis;Gabriela Lins;R$ 67.646,79;50%;27/05/2026;Ganho
004647;Empresa 4647 Ltda.;Belo Horizonte;Carla Menezes;R$ 278.091,50;25%;28/05/2026;Proposta
004648;Empresa 4648 Ltda.;Porto Alegre;Gabriela Lins;R$ 214.777,56;75%;29/05/2026;Diagnóstico
004649;Empresa 4649 Ltda.;Porto Alegre;Carla Menezes;R$ 173.368,47;50%;30/05/2026;Ganho
004650;Empresa 4650 Ltda.;Recife;Elisa Moura;R$ 350.212,83;50%;31/05/2026;Perdido
004651;Empresa 4651 Ltda.;São Paulo;Ana Ribeiro;R$ 349.900,63;50%;01/06/2026;Qualificação
004652;Empresa 4652 Ltda.;Porto Alegre;Bruno Takahashi;R$ 475.527,88;75%;02/06/2026;Ganho
004653;Empresa 4653 Ltda.;Curitiba;Hugo Prado;R$ 27.438,25;50%;03/06/2026;Qualificação
004654;Empresa 4654 Ltda.;Florianópolis;Gabriela Lins;R$ 452.136,28;90%;04/06/2026;Qualificação
004655;Empresa 4655 Ltda.;Curitiba;Diego Fontes;R$ 121.682,92;25%;05/06/2026;Proposta
004656;Empresa 4656 Ltda.;Belo Horizonte;Diego Fontes;R$ 295.756,74;90%;06/06/2026;Ganho
004657;Empresa 4657 Ltda.;São Paulo;Diego Fontes;R$ 281.779,61;10%;07/06/2026;Qualificação
004658;Empresa 4658 Ltda.;Curitiba;Bruno Takahashi;R$ 234.634,66;10%;08/06/2026;Diagnóstico
004659;Empresa 4659 Ltda.;Porto Alegre;Hugo Prado;R$ 438.980,40;50%;09/06/2026;Ganho
004660;Empresa 4660 Ltda.;Curitiba;Felipe Andrade;R$ 119.919,84;75%;10/06/2026;Proposta
004661;Empresa 4661 Ltda.;São Paulo;Ana Ribeiro;R$ 256.536,01;25%;11/06/2026;Perdido
004662;Empresa 4662 Ltda.;Recife;Felipe Andrade;R$ 141.354,71;90%;12/06/2026;Perdido
004663;Empresa 4663 Ltda.;Curitiba;Felipe Andrade;R$ 328.732,76;75%;13/06/2026;Perdido
004664;Empresa 4664 Ltda.;Curitiba;Diego Fontes;R$ 147.094,96;25%;14/06/2026;Ganho
004665;Empresa 4665 Ltda.;Florianópolis;Gabriela Lins;R$ 15.469,08;10%;15/06/2026;Ganho
004666;Empresa 4666 Ltda.;Salvador;Carla Menezes;R$ 186.747,16;75%;16/06/2026;Qualificação
004667;Empresa 4667 Ltda.;Recife;Carla Menezes;R$ 143.390,24;75%;17/06/2026;Negociação
004668;Empresa 4668 Ltda.;Recife;Felipe Andrade;R$ 32.738,74;90%;18/06/2026;Negociação
004669;Empresa 4669 Ltda.;Curitiba;Diego Fontes;R$ 112.807,48;90%;19/06/2026;Qualificação
004670;Empresa 4670 Ltda.;Goiânia;Bruno Takahashi;R$ 14.608,28;90%;20/06/2026;Proposta
004671;Empresa 4671 Ltda.;Goiânia;Hugo Prado;R$ 418.794,82;90%;21/06/2026;Ganho
004672;Empresa 4672 Ltda.;Porto Alegre;Hugo Prado;R$ 126.065,49;50%;22/06/2026;Diagnóstico
004673;Empresa 4673 Ltda.;Porto Alegre;Hugo Prado;R$ 131.368,70;50%;23/06/2026;Diagnóstico
004674;Empresa 4674 Ltda.;Porto Alegre;Felipe Andrade;R$ 275.640,68;75%;24/06/2026;Negociação
004675;Empresa 4675 Ltda.;Belo Horizonte;Diego Fontes;R$ 317.106,05;50%;25/06/2026;Qualificação
004676;Empresa 4676 Ltda.;Porto Alegre;Carla Menezes;R$ 86.290,57;75%;26/06/2026;Qualificação
004677;Empresa 4677 Ltda.;Curitiba;Elisa Moura;R$ 215.911,22;25%;27/06/2026;Diagnóstico
004678;Empresa 4678 Ltda.;Goiânia;Elisa Moura;R$ 38.359,11;10%;28/06/2026;Qualificação
004679;Empresa 4679 Ltda.;Goiânia;Felipe Andrade;R$ 170.975,04;10%;29/06/2026;Ganho
004680;Empresa 4680 Ltda.;Belo Horizonte;Gabriela Lins;R$ 99.088,70;75%;30/06/2026;Proposta
004681;Empresa 4681 Ltda.;Florianópolis;Diego Fontes;R$ 30.086,68;50%;01/07/2026;Proposta
004682;Empresa 4682 Ltda.;Porto Alegre;Hugo Prado;R$ 196.234,57;90%;02/07/2026;Diagnóstico
004683;Empresa 4683 Ltda.;Recife;Elisa Moura;R$ 312.773,65;25%;03/07/2026;Negociação
004684;Empresa 4684 Ltda.;Goiânia;Diego Fontes;R$ 473.467,43;50%;04/07/2026;Perdido
004685;Empresa 4685 Ltda.;Florianópolis;Gabriela Lins;R$ 439.704,86;50%;05/07/2026;Perdido
004686;Empresa 4686 Ltda.;Belo Horizonte;Diego Fontes;R$ 244.029,25;75%;06/07/2026;Ganho
004687;Empresa 4687 Ltda.;Belo Horizonte;Hugo Prado;R$ 101.102,16;25%;07/07/2026;Ganho
004688;Empresa 4688 Ltda.;Porto Alegre;Gabriela Lins;R$ 121.874,84;90%;08/07/2026;Proposta
004689;Empresa 4689 Ltda.;Curitiba;Elisa Moura;R$ 391.319,10;50%;09/07/2026;Qualificação
004690;Empresa 4690 Ltda.;Goiânia;Diego Fontes;R$ 57.647,74;50%;10/07/2026;Perdido
004691;Empresa 4691 Ltda.;Curitiba;Gabriela Lins;R$ 390.931,97;25%;11/07/2026;Ganho
004692;Empresa 4692 Ltda.;Curitiba;Gabriela Lins;R$ 217.863,39;75%;12/07/2026;Diagnóstico
004693;Empresa 4693 Ltda.;Goiânia;Gabriela Lins;R$ 33.204,64;25%;13/07/2026;Proposta
004694;Empresa 4694 Ltda.;Salvador;Elisa Moura;R$ 246.793,48;25%;14/07/2026;Negociação
004695;Empresa 4695 Ltda.;Recife;Bruno Takahashi;R$ 420.755,24;10%;15/07/2026;Proposta
004696;Empresa 4696 Ltda.;Goiânia;Felipe Andrade;R$ 337.479,49;75%;16/07/2026;Proposta
004697;Empresa 4697 Ltda.;Porto Alegre;Ana Ribeiro;R$ 474.041,43;75%;17/07/2026;Perdido
004698;Empresa 4698 Ltda.;Recife;Hugo Prado;R$ 224.104,09;75%;18/07/2026;Proposta
004699;Empresa 4699 Ltda.;Florianópolis;Felipe Andrade;R$ 315.342,25;90%;19/07/2026;Perdido
004700;Empresa 4700 Ltda.;Recife;Carla Menezes;R$ 43.335,20;25%;20/07/2026;Negociação
004701;Empresa 4701 Ltda.;Goiânia;Felipe Andrade;R$ 478.778,53;50%;21/07/2026;Perdido
004702;Empresa 4702 Ltda.;Recife;Carla Menezes;R$ 23.290,48;75%;22/07/2026;Qualificação
004703;Empresa 4703 Ltda.;Salvador;Bruno Takahashi;R$ 216.591,78;50%;23/07/2026;Proposta
004704;Empresa 4704 Ltda.;Porto Alegre;Carla Menezes;R$ 411.426,96;10%;24/07/2026;Negociação
004705;Empresa 4705 Ltda.;Florianópolis;Gabriela Lins;R$ 179.985,29;25%;25/07/2026;Proposta
004706;Empresa 4706 Ltda.;São Paulo;Carla Menezes;R$ 286.888,20;25%;26/07/2026;Ganho
004707;Empresa 4707 Ltda.;Recife;Diego Fontes;R$ 372.318,56;90%;27/07/2026;Qualificação
004708;Empresa 4708 Ltda.;Curitiba;Bruno Takahashi;R$ 475.822,39;50%;28/07/2026;Diagnóstico
004709;Empresa 4709 Ltda.;Florianópolis;Gabriela Lins;R$ 100.411,57;25%;29/07/2026;Perdido
004710;Empresa 4710 Ltda.;Goiânia;Bruno Takahashi;R$ 72.969,03;10%;30/07/2026;Proposta
004711;Empresa 4711 Ltda.;Porto Alegre;Hugo Prado;R$ 134.949,68;75%;31/07/2026;Proposta
004712;Empresa 4712 Ltda.;Curitiba;Hugo Prado;R$ 169.401,62;90%;01/08/2026;Proposta
004713;Empresa 4713 Ltda.;São Paulo;Gabriela Lins;R$ 58.301,44;75%;02/08/2026;Perdido
004714;Empresa 4714 Ltda.;Belo Horizonte;Hugo Prado;R$ 322.058,20;90%;03/08/2026;Negociação
004715;Empresa 4715 Ltda.;Goiânia;Felipe Andrade;R$ 215.712,92;10%;04/08/2026;Qualificação
004716;Empresa 4716 Ltda.;Recife;Felipe Andrade;R$ 211.981,23;75%;05/08/2026;Proposta
004717;Empresa 4717 Ltda.;São Paulo;Ana Ribeiro;R$ 220.845,14;25%;06/08/2026;Qualificação
004718;Empresa 4718 Ltda.;São Paulo;Bruno Takahashi;R$ 387.691,10;25%;07/08/2026;Perdido
004719;Empresa 4719 Ltda.;Goiânia;Diego Fontes;R$ 220.803,00;10%;08/08/2026;Proposta
004720;Empresa 4720 Ltda.;Florianópolis;Carla Menezes;R$ 136.068,49;50%;09/08/2026;Proposta
004721;Empresa 4721 Ltda.;Curitiba;Hugo Prado;R$ 170.566,71;75%;10/08/2026;Negociação
004722;Empresa 4722 Ltda.;Porto Alegre;Diego Fontes;R$ 333.744,81;25%;11/08/2026;Diagnóstico
004723;Empresa 4723 Ltda.;Florianópolis;Elisa Moura;R$ 383.509,04;10%;12/08/2026;Proposta
004724;Empresa 4724 Ltda.;São Paulo;Diego Fontes;R$ 208.851,04;75%;13/08/2026;Diagnóstico
004725;Empresa 4725 Ltda.;Porto Alegre;Carla Menezes;R$ 305.034,03;50%;14/08/2026;Negociação
004726;Empresa 4726 Ltda.;São Paulo;Elisa Moura;R$ 186.065,43;10%;15/08/2026;Perdido
004727;Empresa 4727 Ltda.;Recife;Felipe Andrade;R$ 158.325,12;10%;16/08/2026;Proposta
004728;Empresa 4728 Ltda.;Recife;Diego Fontes;R$ 337.397,26;50%;17/08/2026;Proposta
004729;Empresa 4729 Ltda.;Belo Horizonte;Ana Ribeiro;R$ 55.501,02;90%;18/08/2026;Ganho
004730;Empresa 4730 Ltda.;Recife;Ana Ribeiro;R$ 250.038,32;90%;19/08/2026;Perdido
004731;Empresa 4731 Ltda.;Porto Alegre;Diego Fontes;R$ 437.366,94;10%;20/08/2026;Ganho
004732;Empresa 4732 Ltda.;Salvador;Carla Menezes;R$ 41.644,39;50%;21/08/2026;Perdido
004733;Empresa 4733 Ltda.;Florianópolis;Diego Fontes;R$ 421.163,09;25%;22/08/2026;Ganho
004734;Empresa 4734 Ltda.;Belo Horizonte;Elisa Moura;R$ 356.841,68;75%;23/08/2026;Diagnóstico
004735;Empresa 4735 Ltda.;Curitiba;Gabriela Lins;R$ 158.239,59;90%;24/08/2026;Negociação
004736;Empresa 4736 Ltda.;Salvador;Bruno Takahashi;R$ 463.135,67;10%;25/08/2026;Negociação
004737;Empresa 4737 Ltda.;Curitiba;Elisa Moura;R$ 396.095,13;90%;26/08/2026;Qualificação
004738;Empresa 4738 Ltda.;Goiânia;Hugo Prado;R$ 21.156,87;25%;27/08/2026;Proposta
004739;Empresa 4739 Ltda.;Salvador;Ana Ribeiro;R$ 300.660,22;25%;28/08/2026;Diagnóstico
004740;Empresa 4740 Ltda.;Goiânia;Gabriela Lins;R$ 92.681,61;25%;29/08/2026;Qualificação
004741;Empresa 4741 Ltda.;Goiânia;Gabriela Lins;R$ 440.184,90;50%;30/08/2026;Ganho
004742;Empresa 4742 Ltda.;Belo Horizonte;Felipe Andrade;R$ 413.265,56;50%;31/08/2026;Ganho
004743;Empresa 4743 Ltda.;Goiânia;Felipe Andrade;R$ 132.309,14;25%;01/09/2026;Proposta
004744;Empresa 4744 Ltda.;Belo Horizonte;Gabriela Lins;R$ 223.548,14;75%;02/09/2026;Proposta
004745;Empresa 4745 Ltda.;Goiânia;Hugo Prado;R$ 306.084,66;25%;03/09/2026;Qualificação
004746;Empresa 4746 Ltda.;Porto Alegre;Elisa Moura;R$ 464.312,60;50%;04/09/2026;Qualificação
004747;Empresa 4747 Ltda.;Belo Horizonte;Elisa Moura;R$ 207.569,15;50%;05/09/2026;Negociação
004748;Empresa 4748 Ltda.;Salvador;Bruno Takahashi;R$ 32.141,97;10%;06/09/2026;Ganho
004749;Empresa 4749 Ltda.;Curitiba;Hugo Prado;R$ 446.527,07;90%;07/09/2026;Negociação
004750;Empresa 4750 Ltda.;Salvador;Felipe Andrade;R$ 128.534,99;50%;08/09/2026;Negociação
004751;Empresa 4751 Ltda.;São Paulo;Carla Menezes;R$ 466.037,61;10%;02/01/2026;Perdido
004752;Empresa 4752 Ltda.;Belo Horizonte;Elisa Moura;R$ 194.754,29;75%;03/01/2026;Ganho
004753;Empresa 4753 Ltda.;Salvador;Bruno Takahashi;R$ 51.281,65;75%;04/01/2026;Diagnóstico
004754;Empresa 4754 Ltda.;Porto Alegre;Bruno Takahashi;R$ 33.573,98;50%;05/01/2026;Qualificação
004755;Empresa 4755 Ltda.;São Paulo;Hugo Prado;R$ 225.316,45;50%;06/01/2026;Negociação
004756;Empresa 4756 Ltda.;Curitiba;Felipe Andrade;R$ 58.373,49;50%;07/01/2026;Perdido
004757;Empresa 4757 Ltda.;Florianópolis;Ana Ribeiro;R$ 267.788,15;75%;08/01/2026;Proposta
004758;Empresa 4758 Ltda.;Belo Horizonte;Hugo Prado;R$ 112.595,43;25%;09/01/2026;Proposta
004759;Empresa 4759 Ltda.;Goiânia;Gabriela Lins;R$ 250.126,39;75%;10/01/2026;Diagnóstico
004760;Empresa 4760 Ltda.;São Paulo;Bruno Takahashi;R$ 475.628,45;90%;11/01/2026;Diagnóstico
004761;Empresa 4761 Ltda.;Belo Horizonte;Hugo Prado;R$ 470.677,98;75%;12/01/2026;Perdido
004762;Empresa 4762 Ltda.;Porto Alegre;Ana Ribeiro;R$ 388.043,15;75%;13/01/2026;Diagnóstico
004763;Empresa 4763 Ltda.;Curitiba;Felipe Andrade;R$ 125.298,38;10%;14/01/2026;Negociação
004764;Empresa 4764 Ltda.;Florianópolis;Felipe Andrade;R$ 473.666,04;25%;15/01/2026;Qualificação
004765;Empresa 4765 Ltda.;Salvador;Bruno Takahashi;R$ 157.845,38;50%;16/01/2026;Negociação
004766;Empresa 4766 Ltda.;Goiânia;Felipe Andrade;R$ 192.748,22;90%;17/01/2026;Diagnóstico
004767;Empresa 4767 Ltda.;Belo Horizonte;Ana Ribeiro;R$ 292.883,19;25%;18/01/2026;Perdido
004768;Empresa 4768 Ltda.;Porto Alegre;Elisa Moura;R$ 43.561,22;75%;19/01/2026;Diagnóstico
004769;Empresa 4769 Ltda.;Porto Alegre;Felipe Andrade;R$ 66.041,72;50%;20/01/2026;Perdido
004770;Empresa 4770 Ltda.;Salvador;Ana Ribeiro;R$ 111.650,10;10%;21/01/2026;Qualificação
004771;Empresa 4771 Ltda.;Recife;Diego Fontes;R$ 261.077,98;50%;22/01/2026;Perdido
004772;Empresa 4772 Ltda.;Salvador;Gabriela Lins;R$ 198.825,21;10%;23/01/2026;Perdido
004773;Empresa 4773 Ltda.;Curitiba;Elisa Moura;R$ 373.598,06;25%;24/01/2026;Negociação
004774;Empresa 4774 Ltda.;São Paulo;Hugo Prado;R$ 273.917,38;50%;25/01/2026;Negociação
004775;Empresa 4775 Ltda.;Florianópolis;Felipe Andrade;R$ 128.111,84;50%;26/01/2026;Perdido
004776;Empresa 4776 Ltda.;Florianópolis;Bruno Takahashi;R$ 140.367,06;90%;27/01/2026;Ganho
004777;Empresa 4777 Ltda.;Porto Alegre;Gabriela Lins;R$ 70.293,39;10%;28/01/2026;Perdido
004778;Empresa 4778 Ltda.;Recife;Elisa Moura;R$ 30.779,50;75%;29/01/2026;Diagnóstico
004779;Empresa 4779 Ltda.;Porto Alegre;Elisa Moura;R$ 446.966,86;25%;30/01/2026;Diagnóstico
004780;Empresa 4780 Ltda.;Salvador;Felipe Andrade;R$ 172.706,47;75%;31/01/2026;Ganho
004781;Empresa 4781 Ltda.;São Paulo;Gabriela Lins;R$ 476.884,97;75%;01/02/2026;Diagnóstico
004782;Empresa 4782 Ltda.;Porto Alegre;Ana Ribeiro;R$ 400.654,98;10%;02/02/2026;Qualificação
004783;Empresa 4783 Ltda.;Curitiba;Gabriela Lins;R$ 183.839,32;75%;03/02/2026;Perdido
004784;Empresa 4784 Ltda.;Salvador;Bruno Takahashi;R$ 371.370,19;10%;04/02/2026;Diagnóstico
004785;Empresa 4785 Ltda.;Goiânia;Felipe Andrade;R$ 234.350,79;50%;05/02/2026;Negociação
004786;Empresa 4786 Ltda.;Florianópolis;Gabriela Lins;R$ 396.002,09;10%;06/02/2026;Qualificação
004787;Empresa 4787 Ltda.;Florianópolis;Elisa Moura;R$ 47.460,56;10%;07/02/2026;Proposta
004788;Empresa 4788 Ltda.;Goiânia;Carla Menezes;R$ 353.011,22;50%;08/02/2026;Diagnóstico
004789;Empresa 4789 Ltda.;Porto Alegre;Elisa Moura;R$ 332.759,67;50%;09/02/2026;Perdido
004790;Empresa 4790 Ltda.;Belo Horizonte;Felipe Andrade;R$ 327.545,95;25%;10/02/2026;Proposta
004791;Empresa 4791 Ltda.;Salvador;Gabriela Lins;R$ 137.509,40;75%;11/02/2026;Negociação
004792;Empresa 4792 Ltda.;Recife;Diego Fontes;R$ 110.132,95;25%;12/02/2026;Perdido
004793;Empresa 4793 Ltda.;Curitiba;Diego Fontes;R$ 340.574,03;75%;13/02/2026;Diagnóstico
004794;Empresa 4794 Ltda.;Salvador;Felipe Andrade;R$ 415.430,86;10%;14/02/2026;Perdido
004795;Empresa 4795 Ltda.;Recife;Felipe Andrade;R$ 378.952,95;25%;15/02/2026;Diagnóstico
004796;Empresa 4796 Ltda.;Belo Horizonte;Hugo Prado;R$ 167.696,54;50%;16/02/2026;Proposta
004797;Empresa 4797 Ltda.;Porto Alegre;Felipe Andrade;R$ 440.901,20;10%;17/02/2026;Perdido
004798;Empresa 4798 Ltda.;São Paulo;Gabriela Lins;R$ 33.573,26;75%;18/02/2026;Negociação
004799;Empresa 4799 Ltda.;Salvador;Carla Menezes;R$ 92.450,07;10%;19/02/2026;Perdido
004800;Empresa 4800 Ltda.;Recife;Ana Ribeiro;R$ 393.737,96;90%;20/02/2026;Negociação
004801;Empresa 4801 Ltda.;Florianópolis;Carla Menezes;R$ 279.835,65;50%;21/02/2026;Proposta
004802;Empresa 4802 Ltda.;Belo Horizonte;Felipe Andrade;R$ 226.401,39;25%;22/02/2026;Proposta
004803;Empresa 4803 Ltda.;Belo Horizonte;Carla Menezes;R$ 242.428,97;50%;23/02/2026;Qualificação
004804;Empresa 4804 Ltda.;Curitiba;Bruno Takahashi;R$ 36.615,18;25%;24/02/2026;Ganho
004805;Empresa 4805 Ltda.;Florianópolis;Gabriela Lins;R$ 212.083,86;25%;25/02/2026;Diagnóstico
004806;Empresa 4806 Ltda.;Florianópolis;Felipe Andrade;R$ 271.609,20;25%;26/02/2026;Perdido
004807;Empresa 4807 Ltda.;Recife;Hugo Prado;R$ 385.365,85;50%;27/02/2026;Ganho
004808;Empresa 4808 Ltda.;Belo Horizonte;Gabriela Lins;R$ 237.112,30;75%;28/02/2026;Ganho
004809;Empresa 4809 Ltda.;Goiânia;Gabriela Lins;R$ 196.045,50;75%;01/03/2026;Perdido
004810;Empresa 4810 Ltda.;Porto Alegre;Felipe Andrade;R$ 110.125,79;10%;02/03/2026;Perdido
004811;Empresa 4811 Ltda.;Salvador;Felipe Andrade;R$ 149.470,52;25%;03/03/2026;Perdido
004812;Empresa 4812 Ltda.;Goiânia;Diego Fontes;R$ 395.889,91;25%;04/03/2026;Qualificação
004813;Empresa 4813 Ltda.;São Paulo;Ana Ribeiro;R$ 400.995,02;75%;05/03/2026;Ganho
004814;Empresa 4814 Ltda.;Salvador;Felipe Andrade;R$ 441.601,76;90%;06/03/2026;Negociação
004815;Empresa 4815 Ltda.;Florianópolis;Hugo Prado;R$ 214.534,19;50%;07/03/2026;Ganho
004816;Empresa 4816 Ltda.;Salvador;Carla Menezes;R$ 210.189,28;90%;08/03/2026;Qualificação
004817;Empresa 4817 Ltda.;Goiânia;Bruno Takahashi;R$ 272.637,47;75%;09/03/2026;Negociação
004818;Empresa 4818 Ltda.;Salvador;Elisa Moura;R$ 178.454,15;90%;10/03/2026;Negociação
004819;Empresa 4819 Ltda.;Recife;Diego Fontes;R$ 306.609,64;90%;11/03/2026;Diagnóstico
004820;Empresa 4820 Ltda.;São Paulo;Bruno Takahashi;R$ 357.241,50;10%;12/03/2026;Ganho
004821;Empresa 4821 Ltda.;Belo Horizonte;Gabriela Lins;R$ 428.144,93;75%;13/03/2026;Ganho
004822;Empresa 4822 Ltda.;Recife;Felipe Andrade;R$ 259.044,72;50%;14/03/2026;Negociação
004823;Empresa 4823 Ltda.;Goiânia;Elisa Moura;R$ 142.939,63;90%;15/03/2026;Perdido
004824;Empresa 4824 Ltda.;Florianópolis;Gabriela Lins;R$ 135.857,22;25%;16/03/2026;Perdido
004825;Empresa 4825 Ltda.;Florianópolis;Diego Fontes;R$ 391.728,21;25%;17/03/2026;Proposta
004826;Empresa 4826 Ltda.;Belo Horizonte;Hugo Prado;R$ 123.887,55;25%;18/03/2026;Diagnóstico
004827;Empresa 4827 Ltda.;Porto Alegre;Elisa Moura;R$ 76.641,39;10%;19/03/2026;Diagnóstico
004828;Empresa 4828 Ltda.;Porto Alegre;Elisa Moura;R$ 204.512,86;10%;20/03/2026;Ganho
004829;Empresa 4829 Ltda.;Florianópolis;Elisa Moura;R$ 131.889,57;25%;21/03/2026;Proposta
004830;Empresa 4830 Ltda.;São Paulo;Gabriela Lins;R$ 151.007,52;50%;22/03/2026;Perdido
004831;Empresa 4831 Ltda.;Florianópolis;Ana Ribeiro;R$ 436.349,69;90%;23/03/2026;Perdido
004832;Empresa 4832 Ltda.;Goiânia;Carla Menezes;R$ 305.202,09;10%;24/03/2026;Qualificação
004833;Empresa 4833 Ltda.;Salvador;Hugo Prado;R$ 403.596,89;25%;25/03/2026;Perdido
004834;Empresa 4834 Ltda.;Salvador;Diego Fontes;R$ 300.425,74;90%;26/03/2026;Negociação
004835;Empresa 4835 Ltda.;São Paulo;Felipe Andrade;R$ 346.680,06;50%;27/03/2026;Negociação
004836;Empresa 4836 Ltda.;Florianópolis;Hugo Prado;R$ 317.382,41;75%;28/03/2026;Negociação
004837;Empresa 4837 Ltda.;Recife;Diego Fontes;R$ 357.302,57;25%;29/03/2026;Perdido
004838;Empresa 4838 Ltda.;Porto Alegre;Felipe Andrade;R$ 226.733,24;10%;30/03/2026;Perdido
004839;Empresa 4839 Ltda.;Florianópolis;Diego Fontes;R$ 188.529,21;10%;31/03/2026;Perdido
004840;Empresa 4840 Ltda.;Salvador;Diego Fontes;R$ 75.058,66;75%;01/04/2026;Negociação
004841;Empresa 4841 Ltda.;Belo Horizonte;Hugo Prado;R$ 60.058,21;75%;02/04/2026;Qualificação
004842;Empresa 4842 Ltda.;São Paulo;Felipe Andrade;R$ 261.970,70;90%;03/04/2026;Qualificação
004843;Empresa 4843 Ltda.;Recife;Diego Fontes;R$ 266.572,66;50%;04/04/2026;Perdido
004844;Empresa 4844 Ltda.;Belo Horizonte;Gabriela Lins;R$ 342.050,92;75%;05/04/2026;Diagnóstico
004845;Empresa 4845 Ltda.;Recife;Ana Ribeiro;R$ 89.994,77;25%;06/04/2026;Ganho
004846;Empresa 4846 Ltda.;Salvador;Ana Ribeiro;R$ 160.885,09;50%;07/04/2026;Negociação
004847;Empresa 4847 Ltda.;Belo Horizonte;Felipe Andrade;R$ 193.740,99;25%;08/04/2026;Proposta
004848;Empresa 4848 Ltda.;Porto Alegre;Gabriela Lins;R$ 274.476,83;10%;09/04/2026;Qualificação
004849;Empresa 4849 Ltda.;Goiânia;Ana Ribeiro;R$ 233.348,87;75%;10/04/2026;Negociação
004850;Empresa 4850 Ltda.;Porto Alegre;Elisa Moura;R$ 459.939,45;10%;11/04/2026;Ganho
004851;Empresa 4851 Ltda.;Goiânia;Elisa Moura;R$ 29.784,49;50%;12/04/2026;Qualificação
004852;Empresa 4852 Ltda.;São Paulo;Gabriela Lins;R$ 317.769,17;10%;13/04/2026;Proposta
004853;Empresa 4853 Ltda.;Salvador;Felipe Andrade;R$ 459.104,23;50%;14/04/2026;Qualificação
004854;Empresa 4854 Ltda.;Goiânia;Hugo Prado;R$ 331.962,31;10%;15/04/2026;Proposta
004855;Empresa 4855 Ltda.;São Paulo;Hugo Prado;R$ 240.437,68;25%;16/04/2026;Proposta
004856;Empresa 4856 Ltda.;Salvador;Bruno Takahashi;R$ 8.439,66;25%;17/04/2026;Diagnóstico
004857;Empresa 4857 Ltda.;Curitiba;Hugo Prado;R$ 282.755,47;90%;18/04/2026;Perdido
004858;Empresa 4858 Ltda.;Curitiba;Bruno Takahashi;R$ 227.788,31;90%;19/04/2026;Diagnóstico
004859;Empresa 4859 Ltda.;São Paulo;Carla Menezes;R$ 397.513,73;25%;20/04/2026;Negociação
004860;Empresa 4860 Ltda.;Belo Horizonte;Diego Fontes;R$ 350.034,04;50%;21/04/2026;Ganho
004861;Empresa 4861 Ltda.;Porto Alegre;Ana Ribeiro;R$ 27.275,23;10%;22/04/2026;Diagnóstico
004862;Empresa 4862 Ltda.;Belo Horizonte;Ana Ribeiro;R$ 467.388,87;75%;23/04/2026;Proposta
004863;Empresa 4863 Ltda.;Curitiba;Hugo Prado;R$ 34.872,13;10%;24/04/2026;Perdido
004864;Empresa 4864 Ltda.;Porto Alegre;Hugo Prado;R$ 446.404,76;75%;25/04/2026;Negociação
004865;Empresa 4865 Ltda.;Florianópolis;Hugo Prado;R$ 236.933,99;10%;26/04/2026;Proposta
004866;Empresa 4866 Ltda.;Goiânia;Gabriela Lins;R$ 184.266,48;50%;27/04/2026;Ganho
004867;Empresa 4867 Ltda.;Porto Alegre;Gabriela Lins;R$ 110.298,48;50%;28/04/2026;Negociação
004868;Empresa 4868 Ltda.;Salvador;Diego Fontes;R$ 134.132,61;25%;29/04/2026;Ganho
004869;Empresa 4869 Ltda.;Belo Horizonte;Carla Menezes;R$ 422.496,32;25%;30/04/2026;Ganho
004870;Empresa 4870 Ltda.;Curitiba;Felipe Andrade;R$ 205.512,13;50%;01/05/2026;Negociação
004871;Empresa 4871 Ltda.;Curitiba;Felipe Andrade;R$ 469.389,41;50%;02/05/2026;Qualificação
004872;Empresa 4872 Ltda.;Florianópolis;Elisa Moura;R$ 280.900,79;10%;03/05/2026;Perdido
004873;Empresa 4873 Ltda.;Belo Horizonte;Bruno Takahashi;R$ 166.154,72;50%;04/05/2026;Diagnóstico
004874;Empresa 4874 Ltda.;Recife;Hugo Prado;R$ 197.329,52;10%;05/05/2026;Negociação
004875;Empresa 4875 Ltda.;Salvador;Diego Fontes;R$ 372.875,77;25%;06/05/2026;Ganho
004876;Empresa 4876 Ltda.;São Paulo;Bruno Takahashi;R$ 380.843,42;10%;07/05/2026;Qualificação
004877;Empresa 4877 Ltda.;Goiânia;Ana Ribeiro;R$ 399.608,21;10%;08/05/2026;Ganho
004878;Empresa 4878 Ltda.;Belo Horizonte;Ana Ribeiro;R$ 21.994,66;90%;09/05/2026;Negociação
004879;Empresa 4879 Ltda.;Belo Horizonte;Ana Ribeiro;R$ 419.798,42;10%;10/05/2026;Proposta
004880;Empresa 4880 Ltda.;Belo Horizonte;Ana Ribeiro;R$ 347.913,73;50%;11/05/2026;Ganho
004881;Empresa 4881 Ltda.;Florianópolis;Bruno Takahashi;R$ 441.647,68;90%;12/05/2026;Ganho
004882;Empresa 4882 Ltda.;Curitiba;Hugo Prado;R$ 160.964,57;25%;13/05/2026;Ganho
004883;Empresa 4883 Ltda.;Porto Alegre;Gabriela Lins;R$ 229.202,60;25%;14/05/2026;Negociação
004884;Empresa 4884 Ltda.;Curitiba;Elisa Moura;R$ 175.691,20;10%;15/05/2026;Qualificação
004885;Empresa 4885 Ltda.;Goiânia;Diego Fontes;R$ 95.574,07;75%;16/05/2026;Ganho
004886;Empresa 4886 Ltda.;Curitiba;Diego Fontes;R$ 82.840,05;25%;17/05/2026;Qualificação
004887;Empresa 4887 Ltda.;Porto Alegre;Diego Fontes;R$ 404.601,59;90%;18/05/2026;Diagnóstico
004888;Empresa 4888 Ltda.;São Paulo;Carla Menezes;R$ 256.563,75;10%;19/05/2026;Qualificação
004889;Empresa 4889 Ltda.;Belo Horizonte;Gabriela Lins;R$ 45.127,86;25%;20/05/2026;Qualificação
004890;Empresa 4890 Ltda.;Recife;Ana Ribeiro;R$ 470.562,78;90%;21/05/2026;Proposta
004891;Empresa 4891 Ltda.;Belo Horizonte;Diego Fontes;R$ 270.646,21;10%;22/05/2026;Qualificação
004892;Empresa 4892 Ltda.;Curitiba;Felipe Andrade;R$ 46.615,65;90%;23/05/2026;Negociação
004893;Empresa 4893 Ltda.;Belo Horizonte;Ana Ribeiro;R$ 217.043,10;25%;24/05/2026;Qualificação
004894;Empresa 4894 Ltda.;Salvador;Felipe Andrade;R$ 124.380,14;90%;25/05/2026;Perdido
004895;Empresa 4895 Ltda.;Belo Horizonte;Diego Fontes;R$ 462.212,46;10%;26/05/2026;Diagnóstico
004896;Empresa 4896 Ltda.;Porto Alegre;Felipe Andrade;R$ 64.014,44;90%;27/05/2026;Ganho
004897;Empresa 4897 Ltda.;Salvador;Bruno Takahashi;R$ 381.795,40;10%;28/05/2026;Negociação
004898;Empresa 4898 Ltda.;Salvador;Bruno Takahashi;R$ 52.681,93;25%;29/05/2026;Ganho
004899;Empresa 4899 Ltda.;Salvador;Gabriela Lins;R$ 348.932,22;75%;30/05/2026;Perdido
004900;Empresa 4900 Ltda.;Goiânia;Carla Menezes;R$ 134.331,97;25%;31/05/2026;Negociação
004901;Empresa 4901 Ltda.;Salvador;Ana Ribeiro;R$ 213.550,10;25%;01/06/2026;Perdido
004902;Empresa 4902 Ltda.;Florianópolis;Felipe Andrade;R$ 477.314,30;25%;02/06/2026;Diagnóstico
004903;Empresa 4903 Ltda.;Porto Alegre;Felipe Andrade;R$ 246.710,13;25%;03/06/2026;Negociação
004904;Empresa 4904 Ltda.;Salvador;Felipe Andrade;R$ 302.109,89;25%;04/06/2026;Negociação
004905;Empresa 4905 Ltda.;Porto Alegre;Hugo Prado;R$ 199.463,16;25%;05/06/2026;Perdido
004906;Empresa 4906 Ltda.;Belo Horizonte;Carla Menezes;R$ 261.433,88;75%;06/06/2026;Negociação
004907;Empresa 4907 Ltda.;Recife;Felipe Andrade;R$ 288.537,74;25%;07/06/2026;Negociação
004908;Empresa 4908 Ltda.;Salvador;Hugo Prado;R$ 205.620,88;90%;08/06/2026;Perdido
004909;Empresa 4909 Ltda.;Florianópolis;Ana Ribeiro;R$ 479.437,94;50%;09/06/2026;Proposta
004910;Empresa 4910 Ltda.;Salvador;Ana Ribeiro;R$ 368.769,63;90%;10/06/2026;Diagnóstico
004911;Empresa 4911 Ltda.;Recife;Gabriela Lins;R$ 86.706,62;50%;11/06/2026;Diagnóstico
004912;Empresa 4912 Ltda.;Goiânia;Gabriela Lins;R$ 402.258,12;10%;12/06/2026;Perdido
004913;Empresa 4913 Ltda.;Florianópolis;Hugo Prado;R$ 116.115,04;50%;13/06/2026;Proposta
004914;Empresa 4914 Ltda.;Florianópolis;Elisa Moura;R$ 328.740,25;75%;14/06/2026;Negociação
004915;Empresa 4915 Ltda.;Florianópolis;Gabriela Lins;R$ 309.922,43;10%;15/06/2026;Ganho
004916;Empresa 4916 Ltda.;Porto Alegre;Gabriela Lins;R$ 192.981,53;25%;16/06/2026;Negociação
004917;Empresa 4917 Ltda.;Recife;Elisa Moura;R$ 303.085,88;10%;17/06/2026;Negociação
004918;Empresa 4918 Ltda.;Salvador;Carla Menezes;R$ 461.176,46;50%;18/06/2026;Ganho
004919;Empresa 4919 Ltda.;Recife;Elisa Moura;R$ 219.046,45;90%;19/06/2026;Negociação
004920;Empresa 4920 Ltda.;Curitiba;Gabriela Lins;R$ 13.611,75;75%;20/06/2026;Negociação
004921;Empresa 4921 Ltda.;Salvador;Bruno Takahashi;R$ 405.986,92;50%;21/06/2026;Diagnóstico
004922;Empresa 4922 Ltda.;Goiânia;Felipe Andrade;R$ 213.902,24;50%;22/06/2026;Ganho
004923;Empresa 4923 Ltda.;Belo Horizonte;Gabriela Lins;R$ 151.126,70;10%;23/06/2026;Ganho
004924;Empresa 4924 Ltda.;Recife;Hugo Prado;R$ 234.252,77;10%;24/06/2026;Qualificação
004925;Empresa 4925 Ltda.;Florianópolis;Gabriela Lins;R$ 161.567,29;50%;25/06/2026;Ganho
004926;Empresa 4926 Ltda.;Salvador;Diego Fontes;R$ 453.921,74;90%;26/06/2026;Proposta
004927;Empresa 4927 Ltda.;Recife;Elisa Moura;R$ 214.800,33;50%;27/06/2026;Perdido
004928;Empresa 4928 Ltda.;Curitiba;Ana Ribeiro;R$ 16.833,55;50%;28/06/2026;Perdido
004929;Empresa 4929 Ltda.;Recife;Elisa Moura;R$ 99.855,89;10%;29/06/2026;Perdido
004930;Empresa 4930 Ltda.;Curitiba;Hugo Prado;R$ 210.341,34;75%;30/06/2026;Proposta
004931;Empresa 4931 Ltda.;Florianópolis;Carla Menezes;R$ 476.301,76;10%;01/07/2026;Qualificação
004932;Empresa 4932 Ltda.;Salvador;Felipe Andrade;R$ 36.914,12;75%;02/07/2026;Qualificação
004933;Empresa 4933 Ltda.;Belo Horizonte;Felipe Andrade;R$ 453.874,90;10%;03/07/2026;Negociação
004934;Empresa 4934 Ltda.;Curitiba;Gabriela Lins;R$ 157.632,18;75%;04/07/2026;Ganho
004935;Empresa 4935 Ltda.;Recife;Ana Ribeiro;R$ 443.108,72;10%;05/07/2026;Proposta
004936;Empresa 4936 Ltda.;Florianópolis;Diego Fontes;R$ 157.757,94;10%;06/07/2026;Qualificação
004937;Empresa 4937 Ltda.;Curitiba;Felipe Andrade;R$ 94.814,77;25%;07/07/2026;Proposta
004938;Empresa 4938 Ltda.;Curitiba;Ana Ribeiro;R$ 462.303,97;75%;08/07/2026;Perdido
004939;Empresa 4939 Ltda.;Florianópolis;Carla Menezes;R$ 444.734,79;90%;09/07/2026;Ganho
004940;Empresa 4940 Ltda.;São Paulo;Ana Ribeiro;R$ 313.528,60;50%;10/07/2026;Ganho
004941;Empresa 4941 Ltda.;Curitiba;Hugo Prado;R$ 461.770,34;50%;11/07/2026;Proposta
004942;Empresa 4942 Ltda.;Goiânia;Diego Fontes;R$ 291.885,01;25%;12/07/2026;Ganho
004943;Empresa 4943 Ltda.;Curitiba;Hugo Prado;R$ 95.206,69;90%;13/07/2026;Perdido
004944;Empresa 4944 Ltda.;São Paulo;Bruno Takahashi;R$ 421.335,20;90%;14/07/2026;Negociação
004945;Empresa 4945 Ltda.;Goiânia;Carla Menezes;R$ 204.700,82;75%;15/07/2026;Ganho
004946;Empresa 4946 Ltda.;Belo Horizonte;Elisa Moura;R$ 32.589,83;25%;16/07/2026;Proposta
004947;Empresa 4947 Ltda.;São Paulo;Hugo Prado;R$ 328.486,35;90%;17/07/2026;Ganho
004948;Empresa 4948 Ltda.;Belo Horizonte;Elisa Moura;R$ 473.854,67;75%;18/07/2026;Ganho
004949;Empresa 4949 Ltda.;Belo Horizonte;Elisa Moura;R$ 162.847,36;90%;19/07/2026;Proposta
004950;Empresa 4950 Ltda.;São Paulo;Diego Fontes;R$ 355.082,77;10%;20/07/2026;Negociação
004951;Empresa 4951 Ltda.;São Paulo;Gabriela Lins;R$ 317.271,45;10%;21/07/2026;Qualificação
004952;Empresa 4952 Ltda.;Curitiba;Felipe Andrade;R$ 38.182,08;75%;22/07/2026;Ganho
004953;Empresa 4953 Ltda.;Goiânia;Hugo Prado;R$ 122.789,69;25%;23/07/2026;Perdido
004954;Empresa 4954 Ltda.;São Paulo;Carla Menezes;R$ 376.900,92;50%;24/07/2026;Qualificação
004955;Empresa 4955 Ltda.;Porto Alegre;Diego Fontes;R$ 112.776,73;50%;25/07/2026;Diagnóstico
004956;Empresa 4956 Ltda.;Goiânia;Gabriela Lins;R$ 184.893,41;50%;26/07/2026;Proposta
004957;Empresa 4957 Ltda.;Florianópolis;Gabriela Lins;R$ 464.602,00;25%;27/07/2026;Negociação
004958;Empresa 4958 Ltda.;Goiânia;Hugo Prado;R$ 160.602,76;90%;28/07/2026;Diagnóstico
004959;Empresa 4959 Ltda.;Goiânia;Hugo Prado;R$ 413.327,67;90%;29/07/2026;Ganho
004960;Empresa 4960 Ltda.;São Paulo;Gabriela Lins;R$ 474.321,09;75%;30/07/2026;Qualificação
004961;Empresa 4961 Ltda.;Salvador;Elisa Moura;R$ 15.232,36;50%;31/07/2026;Negociação
004962;Empresa 4962 Ltda.;Belo Horizonte;Carla Menezes;R$ 208.126,72;25%;01/08/2026;Negociação
004963;Empresa 4963 Ltda.;Belo Horizonte;Felipe Andrade;R$ 20.706,71;25%;02/08/2026;Negociação
004964;Empresa 4964 Ltda.;Recife;Gabriela Lins;R$ 416.193,98;50%;03/08/2026;Negociação
004965;Empresa 4965 Ltda.;Porto Alegre;Gabriela Lins;R$ 211.258,85;10%;04/08/2026;Diagnóstico
004966;Empresa 4966 Ltda.;Recife;Hugo Prado;R$ 62.015,30;50%;05/08/2026;Proposta
004967;Empresa 4967 Ltda.;Curitiba;Gabriela Lins;R$ 380.625,20;25%;06/08/2026;Qualificação
004968;Empresa 4968 Ltda.;Salvador;Diego Fontes;R$ 155.411,28;50%;07/08/2026;Qualificação
004969;Empresa 4969 Ltda.;Curitiba;Bruno Takahashi;R$ 345.103,55;25%;08/08/2026;Diagnóstico
004970;Empresa 4970 Ltda.;Belo Horizonte;Carla Menezes;R$ 151.374,67;50%;09/08/2026;Proposta
004971;Empresa 4971 Ltda.;Curitiba;Hugo Prado;R$ 78.379,11;50%;10/08/2026;Qualificação
004972;Empresa 4972 Ltda.;Goiânia;Hugo Prado;R$ 135.839,67;90%;11/08/2026;Diagnóstico
004973;Empresa 4973 Ltda.;Salvador;Carla Menezes;R$ 372.485,45;75%;12/08/2026;Diagnóstico
004974;Empresa 4974 Ltda.;Curitiba;Diego Fontes;R$ 30.361,75;50%;13/08/2026;Qualificação
004975;Empresa 4975 Ltda.;Recife;Ana Ribeiro;R$ 475.237,57;50%;14/08/2026;Ganho
004976;Empresa 4976 Ltda.;Belo Horizonte;Ana Ribeiro;R$ 470.307,81;10%;15/08/2026;Diagnóstico
004977;Empresa 4977 Ltda.;Curitiba;Felipe Andrade;R$ 306.907,57;50%;16/08/2026;Qualificação
004978;Empresa 4978 Ltda.;Salvador;Felipe Andrade;R$ 434.303,88;50%;17/08/2026;Ganho
004979;Empresa 4979 Ltda.;Belo Horizonte;Carla Menezes;R$ 14.028,00;25%;18/08/2026;Qualificação
004980;Empresa 4980 Ltda.;Recife;Gabriela Lins;R$ 417.144,58;75%;19/08/2026;Qualificação
004981;Empresa 4981 Ltda.;Curitiba;Carla Menezes;R$ 152.388,80;25%;20/08/2026;Diagnóstico
004982;Empresa 4982 Ltda.;Florianópolis;Gabriela Lins;R$ 302.912,05;50%;21/08/2026;Ganho
004983;Empresa 4983 Ltda.;Curitiba;Gabriela Lins;R$ 63.102,47;50%;22/08/2026;Diagnóstico
004984;Empresa 4984 Ltda.;Salvador;Diego Fontes;R$ 421.182,30;25%;23/08/2026;Negociação
004985;Empresa 4985 Ltda.;Belo Horizonte;Carla Menezes;R$ 129.730,39;75%;24/08/2026;Qualificação
004986;Empresa 4986 Ltda.;Florianópolis;Ana Ribeiro;R$ 299.743,11;75%;25/08/2026;Proposta
004987;Empresa 4987 Ltda.;Salvador;Gabriela Lins;R$ 147.322,47;10%;26/08/2026;Qualificação
004988;Empresa 4988 Ltda.;Recife;Carla Menezes;R$ 265.915,89;50%;27/08/2026;Proposta
004989;Empresa 4989 Ltda.;Salvador;Hugo Prado;R$ 36.491,56;90%;28/08/2026;Diagnóstico
004990;Empresa 4990 Ltda.;Goiânia;Gabriela Lins;R$ 338.317,73;10%;29/08/2026;Proposta
004991;Empresa 4991 Ltda.;Salvador;Elisa Moura;R$ 30.987,86;50%;30/08/2026;Diagnóstico
004992;Empresa 4992 Ltda.;Curitiba;Ana Ribeiro;R$ 448.462,13;50%;31/08/2026;Qualificação
004993;Empresa 4993 Ltda.;Belo Horizonte;Diego Fontes;R$ 42.414,62;25%;01/09/2026;Perdido
004994;Empresa 4994 Ltda.;Porto Alegre;Hugo Prado;R$ 83.994,61;10%;02/09/2026;Proposta
004995;Empresa 4995 Ltda.;Salvador;Gabriela Lins;R$ 193.507,24;25%;03/09/2026;Qualificação
004996;Empresa 4996 Ltda.;Recife;Elisa Moura;R$ 221.014,16;50%;04/09/2026;Ganho
004997;Empresa 4997 Ltda.;São Paulo;Bruno Takahashi;R$ 46.646,85;75%;05/09/2026;Perdido
004998;Empresa 4998 Ltda.;Recife;Felipe Andrade;R$ 337.380,32;50%;06/09/2026;Perdido
004999;Empresa 4999 Ltda.;Recife;Bruno Takahashi;R$ 58.099,07;50%;07/09/2026;Diagnóstico
005000;Empresa 5000 Ltda.;Porto Alegre;Bruno Takahashi;R$ 131.588,87;25%;08/09/2026;Proposta
